MW,LogP,HBD,HBA,TPSA,RotBonds,RingCount,QED,SA,LinkerHA,smiles,mode,file
805.8246059200001,1.305260000000002,0,7,159.14999999999998,16,6,0.07192122071732084,7.916630539441738,6,[C]OC1=[C]C2=C([C]=[C]1)N([C]=C2[C][C][N]C(=O)C(=O)/[C]=[C]/C1=[C]C(=[C][C]=C1Br)Br)[C][C][N][C][C][C][N]C1=[C][C]=[C]C2=C1[C]N(C2=O)[C]1[C][C]C(=O)[N]C1=O,geom,2output_116_Fragments_.xyz
811.7936029200001,2.1935900000000017,0,8,145.04999999999998,12,6,0.0923915970896427,7.806147021421955,5,[C]OC1=[C]C2=C([C]=[C]1)N([C]=C2[C][C][N]C(=O)C(=O)/[C]=[C]/C1=[C]C(=[C][C]=C1Br)Br)S[C]C#C[C][N]C1=[C][C]=[C]C2=C1[C]N(C2=O)[C]1[C][C]C(=O)[N]C1=O,geom,2output_132_Fragments_.xyz
823.7936029200001,2.434060000000002,0,8,145.04999999999998,16,6,0.07311551839866896,7.906349540970011,6,[C]OC1=[C]C2=C([C]=[C]1)N([C]=C2[C][C][N]C(=O)C(=O)/[C]=[C]/C1=[C]C(=[C][C]=C1Br)Br)[C][C]S[C][C][C][N]C1=[C][C]=[C]C2=C1[C]N(C2=O)[C]1[C][C]C(=O)[N]C1=O,geom,2output_163_Fragments_.xyz
845.8195205400001,1.117550000000002,0,8,165.35999999999999,13,7,0.11060403478811708,7.987429279309039,9,[C]OC1=[C]C2=C([C]=[C]1)N([C]=C2[C][C][N]C(=O)C(=O)/[C]=[C]/C1=[C]C(=[C][C]=C1Br)Br)[C]C(=O)N1[C][C][C]([C]1)[C][N]C1=[C][C]=[C]C2=C1[C]N(C2=O)[C]1[C][C]C(=O)[N]C1=O,geom,2output_165_Fragments_.xyz
865.7915915400001,2.0296800000000013,0,10,175.00999999999996,14,7,0.07058696592867586,7.854781383808311,9,[C]OC1=[C]C2=C([C]=[C]1)N([C]=C2[C][C][N]C(=O)C(=O)/[C]=[C]/C1=[C]C(=[C][C]=C1Br)Br)[C]C1=N[C]=C(S1)C(=O)[C][N]C1=[C][C]=[C]C2=C1[C]N(C2=O)[C]1[C][C]C(=O)[N]C1=O,geom,2output_167_Fragments_.xyz
841.8246059200001,-0.04356999999999972,0,7,166.57999999999998,14,7,0.12556552047366484,4.059776164806099,9,[C]OC1=[C]C2=C([C][C][N]C(=O)C(=O)/[C]=[C]/C3=[C]C(=[C][C]=C3Br)Br)[C](N=C2[C]=[C]1)[C][N][C]1[C][C][C]([C][C]1)[C][N]C1=[C][C]=[C]C2=C1[C]N(C2=O)[C]1[C][C]C(=O)[N]C1=O,geom,2output_172_Fragments_.xyz
865.7915915400001,1.915950000000002,0,8,179.04999999999998,13,7,0.11197849045153048,3.8368674073803577,9,[C]OC1=[C]C2=C([C]=[C]1)N([C]=C2[C][C][N]C(=O)C(=O)/[C]=[C]/C1=[C]C(=[C][C]=C1Br)Br)[C][C]([C]1[N][C][C]([C]S1)[N]C1=[C][C]=[C]C2=C1[C]N(C2=O)[C]1[C][C]C(=O)[N]C1=O)[O],geom,2output_179_Fragments_.xyz
861.7966769200001,0.8279500000000006,0,9,164.83999999999997,13,7,0.10639745366396132,7.92181809280686,9,[C]OC1=[C]C2=C([C][C][N]C(=O)C(=O)/[C]=[C]/C3=[C]C(=[C][C]=C3Br)Br)[C](N=C2[C]=[C]1)[C][N][C]1[C][C][C][C](S1)/[C]=N/C1=[C][C]=[C]C2=C1[C]N(C2=O)[C]1[C][C]C(=O)[N]C1=O,geom,2output_185_Fragments_.xyz
803.8215319200001,1.8671500000000019,0,7,145.04999999999998,15,6,0.07773323971660143,7.915795185391814,6,[C]OC1=[C]C2=C([C]=[C]1)N([C]=C2[C][C][N]C(=O)C(=O)/[C]=[C]/C1=[C]C(=[C][C]=C1Br)Br)[C]/[C]=[C]\[C][C][C][N]C1=[C][C]=[C]C2=C1[C]N(C2=O)[C]1[C][C]C(=O)[N]C1=O,geom,2output_187_Fragments_.xyz
827.8215319200001,2.029730000000002,0,7,145.04999999999998,13,7,0.11471590238177354,5.512685548255607,8,[C]OC1=[C]C2=C([C]=[C]1)N([C]=C2[C][C][N]C(=O)C(=O)/[C]=[C]/C1=[C]C(=[C][C]=C1Br)Br)[C][C]1[C][C][C]([C][C]1)[C][N]C1=[C][C]=[C]C2=C1[C]N(C2=O)[C]1[C][C]C(=O)[N]C1=O,geom,2output_189_Fragments_.xyz
819.7656739200002,2.7588000000000013,0,8,145.04999999999998,11,6,0.09802441527517591,7.8048775622908275,4,[C]OC1=[C]C2=C([C]=[C]1)N([C]=C2[C][C][N]C(=O)C(=O)/[C]=[C]/C1=[C]C(=[C][C]=C1Br)Br)SS#C[C][N]C1=[C][C]=[C]C2=C1[C]N(C2=O)[C]1[C][C]C(=O)[N]C1=O,geom,2output_18_Fragments_.xyz
831.7656739200002,2.560090000000002,0,8,145.04999999999998,14,6,0.04747505698062004,7.853943383168317,5,[C]OC1=[C]C2=C([C]=[C]1)N([C]=C2[C][C][N]C(=O)C(=O)/[C]=[C]/C1=[C]C(=[C][C]=C1Br)Br)[C]/[C]=[S]/S[C][N]C1=[C][C]=[C]C2=C1[C]N(C2=O)[C]1[C][C]C(=O)[N]C1=O,geom,2output_194_Fragments_.xyz
857.8195205400001,1.3024400000000023,0,8,176.21999999999997,12,7,0.11727662444825249,4.217813532770128,10,[C]OC1=[C]C2=C([C]=[C]1)N([C]=C2[C][C][N]C(=O)C(=O)/[C]=[C]/C1=[C]C(=[C][C]=C1Br)Br)C(=O)[C]1[C][C][C][C]([C][N]1)[C][N]C1=[C][C]=[C]C2=C1[C]N(C2=O)[C]1[C][C]C(=O)[N]C1=O,geom,2output_196_Fragments_.xyz
855.8164465400001,1.864330000000002,0,8,162.11999999999998,12,7,0.09101933927500805,5.454332747678606,10,[C]OC1=[C]C2=C([C]=[C]1)N([C]=C2[C][C][N]C(=O)C(=O)/[C]=[C]/C1=[C]C(=[C][C]=C1Br)Br)C(=O)[C][C]1[C][C][C][C]([C][C]1)[N]C1=[C][C]=[C]C2=C1[C]N(C2=O)[C]1[C][C]C(=O)[N]C1=O,geom,2output_200_Fragments_.xyz
811.7936029200001,2.2731800000000013,0,7,145.04999999999998,12,6,0.0929994894884677,7.868044942419876,5,[C]OC1=[C]C2=C([C]=[C]1)N([C]=C2[C][C][N]C(=O)C(=O)/[C]=[C]/C1=[C]C(=[C][C]=C1Br)Br)[C]C#S[C][C][N]C1=[C][C]=[C]C2=C1[C]N(C2=O)[C]1[C][C]C(=O)[N]C1=O,geom,2output_202_Fragments_.xyz
839.7377449200002,3.4053000000000027,0,10,145.04999999999998,14,6,0.04662686355278791,7.773802018524249,4,[C]OC1=[C]C2=C([C]=[C]1)N([C]=C2[C][C][N]C(=O)C(=O)/[C]=[C]/C1=[C]C(=[C][C]=C1Br)Br)SS[C]S[N]C1=[C][C]=[C]C2=C1[C]N(C2=O)[C]1[C][C]C(=O)[N]C1=O,geom,2output_212_Fragments_.xyz
831.7656739200002,2.919680000000002,0,9,145.04999999999998,15,6,0.07705543734172313,7.858407832232766,5,[C]OC1=[C]C2=C([C]=[C]1)N([C]=C2[C][C][N]C(=O)C(=O)/[C]=[C]/C1=[C]C(=[C][C]=C1Br)Br)S[C]S[C][C][N]C1=[C][C]=[C]C2=C1[C]N(C2=O)[C]1[C][C]C(=O)[N]C1=O,geom,2output_223_Fragments_.xyz
811.7936029200001,2.352770000000002,0,8,145.04999999999998,14,6,0.1080889063216174,7.859872904997839,5,[C]OC1=[C]C2=C([C]=[C]1)N([C]=C2[C][C][N]C(=O)C(=O)/[C]=[C]/C1=[C]C(=[C][C]=C1Br)Br)[C]S/[C]=[C]/[C][N]C1=[C][C]=[C]C2=C1[C]N(C2=O)[C]1[C][C]C(=O)[N]C1=O,geom,2output_226_Fragments_.xyz
803.8215319200001,1.9409600000000018,0,7,145.04999999999998,14,6,0.06270439114184502,7.896502266390285,6,[C]OC1=[C]C2=C([C]=[C]1)N([C]=C2[C][C][N]C(=O)C(=O)/[C]=[C]/C1=[C]C(=[C][C]=C1Br)Br)[C][C][C][C]=C=[C][N]C1=[C][C]=[C]C2=C1[C]N(C2=O)[C]1[C][C]C(=O)[N]C1=O,geom,2output_240_Fragments_.xyz
811.7936029200001,2.066990000000002,0,7,145.04999999999998,12,6,0.0704965865403082,7.848360950735884,5,[C]OC1=[C]C2=C([C]=[C]1)N([C]=C2[C][C][N]C(=O)C(=O)/[C]=[C]/C1=[C]C(=[C][C]=C1Br)Br)/[C]=[S]/[C]=C=[C][N]C1=[C][C]=[C]C2=C1[C]N(C2=O)[C]1[C][C]C(=O)[N]C1=O,geom,2output_241_Fragments_.xyz
821.8195205400001,0.7930700000000013,0,8,176.21999999999997,15,6,0.07375132018096589,7.853713321681177,7,[C]OC1=[C]C2=C([C]=[C]1)N([C]=C2[C][C][N]C(=O)C(=O)/[C]=[C]/C1=[C]C(=[C][C]=C1Br)Br)[C]C(=O)[N][C][C][C][N]C1=[C][C]=[C]C2=C1[C]N(C2=O)[C]1[C][C]C(=O)[N]C1=O,geom,2output_245_Fragments_.xyz
845.8195205400001,-0.11264999999999975,0,9,164.95,13,8,0.0996154741951809,7.803255044320436,9,[C]OC1=[C]C2=C([C][C][N]C(=O)C(=O)/[C]=[C]/C3=[C]C(=[C][C]=C3Br)Br)[C](N=C2[C]=[C]1)[C]N1[C][C][C@@]2([C]1)[C][C]2O[N]C1=[C][C]=[C]C2=C1[C]N(C2=O)[C]1[C][C]C(=O)[N]C1=O,geom,2output_258_Fragments_.xyz
831.7656739200002,2.7605000000000017,0,9,145.04999999999998,12,6,0.040359538172327125,7.793111054685989,5,[C]OC1=[C]C2=C([C]=[C]1)N([C]=C2[C][C][N]C(=O)C(=O)/[C]=[C]/C1=[C]C(=[C][C]=C1Br)Br)[C]C#CSS[N]C1=[C][C]=[C]C2=C1[C]N(C2=O)[C]1[C][C]C(=O)[N]C1=O,geom,2output_262_Fragments_.xyz
845.81952054,-0.6370500000000003,0,8,183.64999999999998,15,7,0.11081213623000263,7.84282231269075,9,[C]OC1=[C]C2=C([C][C][N]C(=O)C(=O)/[C]=[C]/C3=[C]C(=[C][C]=C3Br)Br)[C](N=C2[C]=[C]1)[C][C]C(=O)[N][C]1[C][C]1[C][N]C1=[C][C]=[C]C2=C1[C]N(C2=O)[C]1[C][C]C(=O)[N]C1=O,geom,2output_269_Fragments_.xyz
833.81952054,-0.7183400000000002,0,8,183.64999999999998,16,6,0.07900730990935842,7.7902906997627746,8,[C]OC1=[C]C2=C([C][C][N]C(=O)C(=O)/[C]=[C]/C3=[C]C(=[C][C]=C3Br)Br)[C](N=C2[C]=[C]1)[C]C(=O)[N][C][C][C][C][N]C1=[C][C]=[C]C2=C1[C]N(C2=O)[C]1[C][C]C(=O)[N]C1=O,geom,2output_292_Fragments_.xyz
839.82153192,0.5183200000000012,0,7,152.48,14,7,0.13126818973339546,4.0183855503874994,9,[C]OC1=[C]C2=C([C][C][N]C(=O)C(=O)/[C]=[C]/C3=[C]C(=[C][C]=C3Br)Br)[C](N=C2[C]=[C]1)[C][C][C]1[C][C][C]([C][C]1)[C][N]C1=[C][C]=[C]C2=C1[C]N(C2=O)[C]1[C][C]C(=O)[N]C1=O,geom,2output_327_Fragments_.xyz
831.7656739200002,2.919680000000002,0,9,145.04999999999998,15,6,0.07705543734172313,7.858407832232766,5,[C]OC1=[C]C2=C([C]=[C]1)N([C]=C2[C][C][N]C(=O)C(=O)/[C]=[C]/C1=[C]C(=[C][C]=C1Br)Br)S[C][C]S[C][N]C1=[C][C]=[C]C2=C1[C]N(C2=O)[C]1[C][C]C(=O)[N]C1=O,geom,2output_339_Fragments_.xyz
831.7656739200002,2.919680000000002,0,9,145.04999999999998,15,6,0.07705543734172313,7.858407832232766,5,[C]OC1=[C]C2=C([C]=[C]1)N([C]=C2[C][C][N]C(=O)C(=O)/[C]=[C]/C1=[C]C(=[C][C]=C1Br)Br)S[C][C]S[C][N]C1=[C][C]=[C]C2=C1[C]N(C2=O)[C]1[C][C]C(=O)[N]C1=O,geom,2output_350_Fragments_.xyz
833.8195205400001,1.5102600000000022,0,8,176.21999999999997,15,6,0.07551605330579655,7.890615847691769,8,[C]OC1=[C]C2=C([C]=[C]1)N([C]=C2[C][C][N]C(=O)C(=O)/[C]=[C]/C1=[C]C(=[C][C]=C1Br)Br)C(=O)[N][C][C][C][C][C][N]C1=[C][C]=[C]C2=C1[C]N(C2=O)[C]1[C][C]C(=O)[N]C1=O,geom,2output_356_Fragments_.xyz
841.82460592,-0.3299599999999989,0,7,166.57999999999998,17,7,0.05939781687486748,6.964848049736777,9,[C]OC1=[C]C2=C([C][C][N]C(=O)C(=O)/[C]=[C]/C3=[C]C(=[C][C]=C3Br)Br)[C](N=C2[C]=[C]1)[C][C][C][C][C][C@]1([C][N]C2=[C][C]=[C]C3=C2[C]N(C3=O)[C]2[C][C]C(=O)[N]C2=O)[N][C]1,geom,2output_35_Fragments_.xyz
833.8195205400001,0.9744600000000012,0,8,183.64999999999998,15,6,0.09463594080749975,7.794523539999461,8,[C]OC1=[C]C2=C([C]=[C]1)N=C([C]2[C][C][N]C(=O)C(=O)/[C]=[C]/C1=[C]C(=[C][C]=C1Br)Br)[N]C(=O)[C][C][C][C][C][N]C1=[C][C]=[C]C2=C1[C]N(C2=O)[C]1[C][C]C(=O)[N]C1=O,geom,2output_363_Fragments_.xyz
835.8225945400001,-0.6443300000000002,0,8,197.74999999999997,15,6,0.08396025335159576,7.798852238224313,8,[C]OC1=[C]C2=C([C][C][N]C(=O)C(=O)/[C]=[C]/C3=[C]C(=[C][C]=C3Br)Br)[C](N=C2[C]=[C]1)[C][N]C(=O)[N][C][C][C][N]C1=[C][C]=[C]C2=C1[C]N(C2=O)[C]1[C][C]C(=O)[N]C1=O,geom,2output_366_Fragments_.xyz
829.8246059200001,1.6297400000000024,0,8,148.29,13,7,0.11312508494331822,5.542059919811928,8,[C]OC1=[C]C2=C([C]=[C]1)N([C]=C2[C][C][N]C(=O)C(=O)/[C]=[C]/C1=[C]C(=[C][C]=C1Br)Br)[C][C]N1[C][C][C]([C][C]1)[N]C1=[C][C]=[C]C2=C1[C]N(C2=O)[C]1[C][C]C(=O)[N]C1=O,geom,2output_383_Fragments_.xyz
847.8225945400001,1.1915600000000015,0,9,179.45999999999998,12,7,0.11596923705364735,7.991551775680591,9,[C]OC1=[C]C2=C([C]=[C]1)N([C]=C2[C][C][N]C(=O)C(=O)/[C]=[C]/C1=[C]C(=[C][C]=C1Br)Br)C(=O)[N]N1[C][C][C]([C]1)[C][N]C1=[C][C]=[C]C2=C1[C]N(C2=O)[C]1[C][C]C(=O)[N]C1=O,geom,2output_406_Fragments_.xyz
811.7936029200001,2.1935900000000017,0,8,145.04999999999998,12,6,0.0923915970896427,7.807212613937548,5,[C]OC1=[C]C2=C([C]=[C]1)N([C]=C2[C][C][N]C(=O)C(=O)/[C]=[C]/C1=[C]C(=[C][C]=C1Br)Br)[C]SC#C[C][N]C1=[C][C]=[C]C2=C1[C]N(C2=O)[C]1[C][C]C(=O)[N]C1=O,geom,2output_409_Fragments_.xyz
843.8164465400001,1.5175400000000019,0,8,162.11999999999998,13,7,0.11207342536879668,3.268804650343271,9,[C]OC1=[C]C2=C([C]=[C]1)N([C]=C2[C][C][N]C(=O)C(=O)/[C]=[C]/C1=[C]C(=[C][C]=C1Br)Br)[C]C(=O)[C]1[C][C][C]([C][C]1)[N]C1=[C][C]=[C]C2=C1[C]N(C2=O)[C]1[C][C]C(=O)[N]C1=O,geom,2output_40_Fragments_.xyz
827.8215319200001,2.139150000000002,0,7,145.04999999999998,13,7,0.10115305508508747,5.512685548255607,8,[C]OC1=[C]C2=C([C]=[C]1)N([C]=C2[C][C][N]C(=O)C(=O)/[C]=[C]/C1=[C]C(=[C][C]=C1Br)Br)[C]C1=[C][C]=C([C]=[C]1)[C][N]C1=[C][C]=[C]C2=C1[C]N(C2=O)[C]1[C][C]C(=O)[N]C1=O,geom,2output_422_Fragments_.xyz
803.8215319200001,1.8671500000000019,0,7,145.04999999999998,15,6,0.07773323971660143,7.915795185391814,6,[C]OC1=[C]C2=C([C]=[C]1)N([C]=C2[C][C][N]C(=O)C(=O)/[C]=[C]/C1=[C]C(=[C][C]=C1Br)Br)[C][C]/[C]=[C]\[C][C][N]C1=[C][C]=[C]C2=C1[C]N(C2=O)[C]1[C][C]C(=O)[N]C1=O,geom,2output_426_Fragments_.xyz
831.7656739200002,2.919680000000002,0,9,145.04999999999998,15,6,0.05853423955186487,7.8413068966818305,5,[C]OC1=[C]C2=C([C]=[C]1)N([C]=C2[C][C][N]C(=O)C(=O)/[C]=[C]/C1=[C]C(=[C][C]=C1Br)Br)[C][C]SS[C][N]C1=[C][C]=[C]C2=C1[C]N(C2=O)[C]1[C][C]C(=O)[N]C1=O,geom,2output_429_Fragments_.xyz
803.8215319200001,1.8671500000000019,0,7,145.04999999999998,16,6,0.07326432432954814,7.915795185391814,6,[C]OC1=[C]C2=C([C]=[C]1)N([C]=C2[C][C][N]C(=O)C(=O)/[C]=[C]/C1=[C]C(=[C][C]=C1Br)Br)[C][C][C][C][C][C][N]C1=[C][C]=[C]C2=C1[C]N(C2=O)[C]1[C][C]C(=O)[N]C1=O,geom,2output_431_Fragments_.xyz
851.7997509200001,1.4728600000000023,0,8,173.24999999999997,14,7,0.10503664993919201,7.924782312094587,8,[C]OC1=[C]C2=C([C]=[C]1)N([C]=C2[C][C][N]C(=O)C(=O)/[C]=[C]/C1=[C]C(=[C][C]=C1Br)Br)[C][C]1[N][N][C](S1)[C][C][N]C1=[C][C]=[C]C2=C1[C]N(C2=O)[C]1[C][C]C(=O)[N]C1=O,geom,2output_445_Fragments_.xyz
831.7656739200002,2.919680000000002,0,9,145.04999999999998,15,6,0.07705543734172313,7.858407832232766,5,[C]OC1=[C]C2=C([C]=[C]1)N([C]=C2[C][C][N]C(=O)C(=O)/[C]=[C]/C1=[C]C(=[C][C]=C1Br)Br)S[C]S[C][C][N]C1=[C][C]=[C]C2=C1[C]N(C2=O)[C]1[C][C]C(=O)[N]C1=O,geom,2output_458_Fragments_.xyz
845.8195205400001,1.117550000000002,0,8,165.35999999999999,12,7,0.11719980604497153,3.521849012468331,9,[C]OC1=[C]C2=C([C]=[C]1)N([C]=C2[C][C][N]C(=O)C(=O)/[C]=[C]/C1=[C]C(=[C][C]=C1Br)Br)[C]C(=O)N1[C][C][C]([C][C]1)[N]C1=[C][C]=[C]C2=C1[C]N(C2=O)[C]1[C][C]C(=O)[N]C1=O,geom,2output_460_Fragments_.xyz
827.8215319200001,2.029730000000002,0,7,145.04999999999998,13,7,0.11471590238177354,5.512685548255607,8,[C]OC1=[C]C2=C([C]=[C]1)N([C]=C2[C][C][N]C(=O)C(=O)/[C]=[C]/C1=[C]C(=[C][C]=C1Br)Br)[C][C]1[C][C][C]([C][C]1)[C][N]C1=[C][C]=[C]C2=C1[C]N(C2=O)[C]1[C][C]C(=O)[N]C1=O,geom,2output_463_Fragments_.xyz
839.7377449200002,2.104100000000001,0,8,145.04999999999998,13,6,0.08687692759350199,7.81005697873645,4,[C]OC1=[C]C2=C([C]=[C]1)N([C]=C2[C][C][N]C(=O)C(=O)/[C]=[C]/C1=[C]C(=[C][C]=C1Br)Br)S[C]/[S]=[S]/[N]C1=[C][C]=[C]C2=C1[C]N(C2=O)[C]1[C][C]C(=O)[N]C1=O,geom,2output_465_Fragments_.xyz
835.8225945400001,-0.6443300000000002,0,8,197.74999999999997,15,6,0.08396025335159576,7.798852238224313,8,[C]OC1=[C]C2=C([C][C][N]C(=O)C(=O)/[C]=[C]/C3=[C]C(=[C][C]=C3Br)Br)[C](N=C2[C]=[C]1)[C][N]C(=O)[N][C][C][C][N]C1=[C][C]=[C]C2=C1[C]N(C2=O)[C]1[C][C]C(=O)[N]C1=O,geom,2output_474_Fragments_.xyz
839.7377449200002,3.4053000000000027,0,10,145.04999999999998,14,6,0.06138422859932006,7.76654472409454,4,[C]OC1=[C]C2=C([C]=[C]1)N([C]=C2[C][C][N]C(=O)C(=O)/[C]=[C]/C1=[C]C(=[C][C]=C1Br)Br)SSS[C][N]C1=[C][C]=[C]C2=C1[C]N(C2=O)[C]1[C][C]C(=O)[N]C1=O,geom,2output_47_Fragments_.xyz
803.8215319200001,1.8671500000000019,0,7,145.04999999999998,16,6,0.07326432432954814,7.915795185391814,6,[C]OC1=[C]C2=C([C]=[C]1)N([C]=C2[C][C][N]C(=O)C(=O)/[C]=[C]/C1=[C]C(=[C][C]=C1Br)Br)[C][C][C][C][C][C][N]C1=[C][C]=[C]C2=C1[C]N(C2=O)[C]1[C][C]C(=O)[N]C1=O,geom,2output_483_Fragments_.xyz
845.81952054,-0.48943000000000025,0,8,183.64999999999998,14,6,0.09082041903876155,7.82653642046022,9,[C]OC1=[C]C2=C([C][C][N]C(=O)C(=O)/[C]=[C]/C3=[C]C(=[C][C]=C3Br)Br)[C](N=C2[C]=[C]1)[C]C(=C=[C][N]C(=O)[C][N]C1=[C][C]=[C]C2=C1[C]N(C2=O)[C]1[C][C]C(=O)[N]C1=O)[C],geom,2output_4_Fragments_.xyz
803.8215319200001,1.707970000000002,0,7,145.04999999999998,13,6,0.06622624313628735,7.8551270244137195,6,[C]OC1=[C]C2=C([C]=[C]1)N([C]=C2[C][C][N]C(=O)C(=O)/[C]=[C]/C1=[C]C(=[C][C]=C1Br)Br)[C]C#C[C][C][C][N]C1=[C][C]=[C]C2=C1[C]N(C2=O)[C]1[C][C]C(=O)[N]C1=O,geom,2output_503_Fragments_.xyz
855.8276799200002,1.620860000000002,0,8,178.94,13,7,0.1433248484442582,5.09472617923349,10,[C]OC1=[C]C2=C([C]=[C]1)N=C([C]2[C][C][N]C(=O)C(=O)/[C]=[C]/C1=[C]C(=[C][C]=C1Br)Br)[N][C]C1=[C][C]C(=[C][C]=N1)[C][N]C1=[C][C]=[C]C2=C1[C]N(C2=O)[C]1[C][C]C(=O)[N]C1=O,geom,2output_512_Fragments_.xyz
843.82767992,-0.6054600000000004,0,7,180.67999999999998,18,6,0.07138698523439839,7.951711427349677,9,[C]OC1=[C]C2=C([C][C][N]C(=O)C(=O)/[C]=[C]/C3=[C]C(=[C][C]=C3Br)Br)[C](N=C2[C]=[C]1)[C][N][C][N][C][C][C]([C][N]C1=[C][C]=[C]C2=C1[C]N(C2=O)[C]1[C][C]C(=O)[N]C1=O)[C],geom,2output_539_Fragments_.xyz
817.8246059200002,1.3274700000000015,0,7,166.57999999999998,13,6,0.08302520431779904,7.794694146738474,7,[C]OC1=[C]C2=C([C]=[C]1)N=C([C]2[C][C][N]C(=O)C(=O)/[C]=[C]/C1=[C]C(=[C][C]=C1Br)Br)[N][C][C][C]C#C[C][N]C1=[C][C]=[C]C2=C1[C]N(C2=O)[C]1[C][C]C(=O)[N]C1=O,geom,2output_548_Fragments_.xyz
841.8246059200001,-0.04356999999999972,0,7,166.57999999999998,14,7,0.12556552047366484,4.059776164806099,9,[C]OC1=[C]C2=C([C][C][N]C(=O)C(=O)/[C]=[C]/C3=[C]C(=[C][C]=C3Br)Br)[C](N=C2[C]=[C]1)[C][N][C]1[C][C][C]([C][C]1)[C][N]C1=[C][C]=[C]C2=C1[C]N(C2=O)[C]1[C][C]C(=O)[N]C1=O,geom,2output_580_Fragments_.xyz
803.8215319200001,1.707970000000002,0,7,145.04999999999998,13,6,0.06622624313628735,7.8551270244137195,6,[C]OC1=[C]C2=C([C]=[C]1)N([C]=C2[C][C][N]C(=O)C(=O)/[C]=[C]/C1=[C]C(=[C][C]=C1Br)Br)[C][C]C#C[C][C][N]C1=[C][C]=[C]C2=C1[C]N(C2=O)[C]1[C][C]C(=O)[N]C1=O,geom,2output_582_Fragments_.xyz
841.8246059200001,1.7110300000000025,0,8,148.05999999999997,15,7,0.07668688985615357,7.19239196584711,9,[C]OC1=[C]C2=C([C]=[C]1)N([C]=C2[C][C][N]C(=O)C(=O)/[C]=[C]/C1=[C]C(=[C][C]=C1Br)Br)[C][C]N1[C]([C]1[C]([C][N]C1=[C][C]=[C]C2=C1[C]N(C2=O)[C]1[C][C]C(=O)[N]C1=O)[C])[C],geom,2output_586_Fragments_.xyz
811.7936029200001,2.1935900000000017,0,8,145.04999999999998,12,6,0.0923915970896427,7.806147021421955,5,[C]OC1=[C]C2=C([C]=[C]1)N([C]=C2[C][C][N]C(=O)C(=O)/[C]=[C]/C1=[C]C(=[C][C]=C1Br)Br)S[C]C#C[C][N]C1=[C][C]=[C]C2=C1[C]N(C2=O)[C]1[C][C]C(=O)[N]C1=O,geom,2output_591_Fragments_.xyz
831.8164465400001,1.4362500000000018,0,8,162.11999999999998,15,7,0.09954476002256675,7.889340403904786,8,[C]OC1=[C]C2=C([C]=[C]1)N([C]=C2[C][C][N]C(=O)C(=O)/[C]=[C]/C1=[C]C(=[C][C]=C1Br)Br)[C]C(=O)[C]1[C][C]1[C][C][N]C1=[C][C]=[C]C2=C1[C]N(C2=O)[C]1[C][C]C(=O)[N]C1=O,geom,2output_596_Fragments_.xyz
831.7656739200002,2.919680000000002,0,9,145.04999999999998,15,6,0.05853423955186487,7.8413068966818305,5,[C]OC1=[C]C2=C([C]=[C]1)N([C]=C2[C][C][N]C(=O)C(=O)/[C]=[C]/C1=[C]C(=[C][C]=C1Br)Br)[C]SS[C][C][N]C1=[C][C]=[C]C2=C1[C]N(C2=O)[C]1[C][C]C(=O)[N]C1=O,geom,2output_599_Fragments_.xyz
867.7946655400001,1.9011800000000014,0,10,188.57999999999998,10,7,0.13133985898096037,7.935918974519487,9,[C]OC1=[C]C2=C([C]=[C]1)N([C]=C2[C][C][N]C(=O)C(=O)/[C]=[C]/C1=[C]C(=[C][C]=C1Br)Br)C(=O)[N]C1=N[C][C]([C]S1)[N]C1=[C][C]=[C]C2=C1[C]N(C2=O)[C]1[C][C]C(=O)[N]C1=O,geom,2output_601_Fragments_.xyz
811.7936029200001,2.352770000000002,0,8,145.04999999999998,15,6,0.07763261654404137,7.859872904997839,5,[C]OC1=[C]C2=C([C]=[C]1)N([C]=C2[C][C][N]C(=O)C(=O)/[C]=[C]/C1=[C]C(=[C][C]=C1Br)Br)[C][C]S[C][C][N]C1=[C][C]=[C]C2=C1[C]N(C2=O)[C]1[C][C]C(=O)[N]C1=O,geom,2output_613_Fragments_.xyz
841.8246059200002,1.7110300000000025,0,8,148.29,13,7,0.11319838288744417,6.124826625235701,9,[C]OC1=[C]C2=C([C]=[C]1)N([C]=C2[C][C][N]C(=O)C(=O)/[C]=[C]/C1=[C]C(=[C][C]=C1Br)Br)[C]N1[C][C][C][C]([C][C]1)[C][N]C1=[C][C]=[C]C2=C1[C]N(C2=O)[C]1[C][C]C(=O)[N]C1=O,geom,2output_615_Fragments_.xyz
833.81952054,-0.6445299999999998,0,8,183.64999999999998,15,6,0.08443763796202662,7.782537741182892,8,[C]OC1=[C]C2=C([C][C][N]C(=O)C(=O)/[C]=[C]/C3=[C]C(=[C][C]=C3Br)Br)/C(=[C]/[C]C(=O)[N][C][C][C][N]C3=[C][C]=[C]C4=C3[C]N(C4=O)[C]3[C][C]C(=O)[N]C3=O)/N=C2[C]=[C]1,geom,2output_616_Fragments_.xyz
845.81952054,-0.6370500000000002,0,8,183.64999999999998,14,7,0.11754076555930466,7.845702827470931,9,[C]OC1=[C]C2=C([C][C][N]C(=O)C(=O)/[C]=[C]/C3=[C]C(=[C][C]=C3Br)Br)[C](N=C2[C]=[C]1)[C]C(=O)[N][C]1[C][C]([C]1)[C][N]C1=[C][C]=[C]C2=C1[C]N(C2=O)[C]1[C][C]C(=O)[N]C1=O,geom,2output_623_Fragments_.xyz
823.7936029200001,2.434060000000002,0,8,145.04999999999998,16,6,0.07311551839866896,7.906349540970011,6,[C]OC1=[C]C2=C([C]=[C]1)N([C]=C2[C][C][N]C(=O)C(=O)/[C]=[C]/C1=[C]C(=[C][C]=C1Br)Br)[C][C][C][C]S[C][N]C1=[C][C]=[C]C2=C1[C]N(C2=O)[C]1[C][C]C(=O)[N]C1=O,geom,2output_628_Fragments_.xyz
833.8195205400001,0.8743600000000012,0,8,176.21999999999997,15,6,0.09705484103962336,7.907375969852486,8,[C]OC1=[C]C2=C([C]=[C]1)N([C]=C2[C][C][N]C(=O)C(=O)/[C]=[C]/C1=[C]C(=[C][C]=C1Br)Br)[C]C(=O)[N][C][C]([C][N]C1=[C][C]=[C]C2=C1[C]N(C2=O)[C]1[C][C]C(=O)[N]C1=O)[C],geom,2output_633_Fragments_.xyz
859.8225945400001,-0.8819399999999997,0,9,186.89,13,7,0.12049559687322703,7.93382925512839,10,[C]OC1=[C]C2=C([C][C][N]C(=O)C(=O)/[C]=[C]/C3=[C]C(=[C][C]=C3Br)Br)/C(=[C]/N3[C][C][C]([C]3)[N]C(=O)[C][N]C3=[C][C]=[C]C4=C3[C]N(C4=O)[C]3[C][C]C(=O)[N]C3=O)/N=C2[C]=[C]1,geom,2output_64_Fragments_.xyz
839.82153192,0.665940000000002,0,7,152.47999999999996,13,7,0.14030100730961512,3.498862031258602,9,[C]OC1=[C]C2=C([C][C][N]C(=O)C(=O)/[C]=[C]/C3=[C]C(=[C][C]=C3Br)Br)/C(=[C]/[C][C]3[C][C]C(=[C][C]3)[C][N]C3=[C][C]=[C]C4=C3[C]N(C4=O)[C]3[C][C]C(=O)[N]C3=O)/N=C2[C]=[C]1,geom,2output_70_Fragments_.xyz
839.82153192,0.5183200000000012,0,7,152.48,13,7,0.139181640442027,4.0183855503874994,9,[C]OC1=[C]C2=C([C][C][N]C(=O)C(=O)/[C]=[C]/C3=[C]C(=[C][C]=C3Br)Br)[C](N=C2[C]=[C]1)[C][C]1[C][C][C]([C][C]1)/[C]=[C]\[N]C1=[C][C]=[C]C2=C1[C]N(C2=O)[C]1[C][C]C(=O)[N]C1=O,geom,2output_75_Fragments_.xyz
821.8195205400001,0.7930700000000013,0,8,176.21999999999997,15,6,0.07375132018096589,7.853713321681177,7,[C]OC1=[C]C2=C([C]=[C]1)N([C]=C2[C][C][N]C(=O)C(=O)/[C]=[C]/C1=[C]C(=[C][C]=C1Br)Br)[C]C(=O)[N][C][C][C][N]C1=[C][C]=[C]C2=C1[C]N(C2=O)[C]1[C][C]C(=O)[N]C1=O,geom,2output_76_Fragments_.xyz
835.81136116,-0.30614000000000013,0,9,178.78,16,6,0.062067398833390644,7.743546616922538,8,[C]OC1=[C]C2=C([C][C][N]C(=O)C(=O)/[C]=[C]/C3=[C]C(=[C][C]=C3Br)Br)[C](N=C2[C]=[C]1)[C][C][C][C]OC(=O)[C][N]C1=[C][C]=[C]C2=C1[C]N(C2=O)[C]1[C][C]C(=O)[N]C1=O,geom,2output_77_Fragments_.xyz
803.8215319200001,1.707970000000002,0,7,145.04999999999998,13,6,0.06622624313628735,7.8551270244137195,6,[C]OC1=[C]C2=C([C]=[C]1)N([C]=C2[C][C][N]C(=O)C(=O)/[C]=[C]/C1=[C]C(=[C][C]=C1Br)Br)[C][C][C]C#C[C][N]C1=[C][C]=[C]C2=C1[C]N(C2=O)[C]1[C][C]C(=O)[N]C1=O,geom,2output_82_Fragments_.xyz
819.81644654,0.2060500000000009,0,8,161.71,17,6,0.08145502288846507,7.833361779106106,7,[C]OC1=[C]C2=C([C][C][N]C(=O)C(=O)/[C]=[C]/C3=[C]C(=[C][C]=C3Br)Br)[C](N=C2[C]=[C]1)[C]O[C][C][C][C][C][N]C1=[C][C]=[C]C2=C1[C]N(C2=O)[C]1[C][C]C(=O)[N]C1=O,pocket,1output_0_Fragments_.xyz
819.8164465400001,1.8988500000000017,0,8,161.70999999999998,14,7,0.13643864131301867,7.811934406478732,7,[C]OC1=[C]C2=C([C]=[C]1)N=C([C]2[C][C][N]C(=O)C(=O)/[C]=[C]/C1=[C]C(=[C][C]=C1Br)Br)O[C][C][C]1[C][C]1[C][N]C1=[C][C]=[C]C2=C1[C]N(C2=O)[C]1[C][C]C(=O)[N]C1=O,pocket,1output_101_Fragments_.xyz
819.8164465400001,1.4287700000000016,0,8,162.11999999999998,14,6,0.08051804127496856,7.841753140685702,7,[C]OC1=[C]C2=C([C]=[C]1)N([C]=C2[C][C][N]C(=O)C(=O)/[C]=[C]/C1=[C]C(=[C][C]=C1Br)Br)[C]=C=[C]C(=O)[C][C][N]C1=[C][C]=[C]C2=C1[C]N(C2=O)[C]1[C][C]C(=O)[N]C1=O,pocket,1output_103_Fragments_.xyz
847.81136116,0.441560000000001,0,9,170.94,14,7,0.0762417153667504,7.95759309280686,9,[C]OC1=[C]C2=C([C][C][N]C(=O)C(=O)/[C]=[C]/C3=[C]C(=[C][C]=C3Br)Br)[C](N=C2[C]=[C]1)[C]OC1=[C][C]=C([C]=[C]1)O[N]C1=[C][C]=[C]C2=C1[C]N(C2=O)[C]1[C][C]C(=O)[N]C1=O,pocket,1output_105_Fragments_.xyz
851.7885175400002,2.4469500000000015,0,9,154.27999999999997,14,7,0.10662084930075028,7.9587494850490215,8,[C]OC1=[C]C2=C([C]=[C]1)N([C]=C2[C][C][N]C(=O)C(=O)/[C]=[C]/C1=[C]C(=[C][C]=C1Br)Br)[C][C][C][C]1[C]O[C](S1)[N]C1=[C][C]=[C]C2=C1[C]N(C2=O)[C]1[C][C]C(=O)[N]C1=O,pocket,1output_107_Fragments_.xyz
883.81136116,0.6331400000000016,0,8,181.60999999999999,16,7,0.0899527127309029,5.2834625414762915,12,[O][C]C1=C(O[C][C][C]2N=C3C(=C2[C][C][N]C(=O)C(=O)/[C]=[C]/C2=[C]C(=[C][C]=C2Br)Br)[C]=C([C]=[C]3)O[C])[C]=C([C]=[C]1)[C][N]C1=[C][C]=[C]C2=C1[C]N(C2=O)[C]1[C][C]C(=O)[N]C1=O,pocket,1output_108_Fragments_.xyz
803.82153192,0.2744500000000009,0,7,152.48,16,6,0.08784645936324385,7.800864772758091,6,[C]OC1=[C]C2=C([C][C][N]C(=O)C(=O)/[C]=[C]/C3=[C]C(=[C][C]=C3Br)Br)[C](N=C2[C]=[C]1)[C][C][C][C][C][C][N]C1=[C][C]=[C]C2=C1[C]N(C2=O)[C]1[C][C]C(=O)[N]C1=O,pocket,1output_109_Fragments_.xyz
831.81644654,0.23694000000000098,0,7,172.38,17,6,0.08164582773521638,7.841865847691769,8,[C]OC1=[C]C2=C([C][C][N]C(=O)C(=O)/[C]=[C]/C3=[C]C(=[C][C]=C3Br)Br)[C](N=C2[C]=[C]1)[C][C][C]([C][C][C][C][N]C1=[C][C]=[C]C2=C1[C]N(C2=O)[C]1[C][C]C(=O)[N]C1=O)[O],pocket,1output_10_Fragments_.xyz
803.82153192,0.2744500000000009,0,7,152.48,16,6,0.08784645936324385,7.800864772758091,6,[C]OC1=[C]C2=C([C][C][N]C(=O)C(=O)/[C]=[C]/C3=[C]C(=[C][C]=C3Br)Br)[C](N=C2[C]=[C]1)[C][C][C][C][C][C][N]C1=[C][C]=[C]C2=C1[C]N(C2=O)[C]1[C][C]C(=O)[N]C1=O,pocket,1output_110_Fragments_.xyz
819.81644654,0.2060500000000009,0,8,161.71,17,6,0.08145502288846507,7.833361779106106,7,[C]OC1=[C]C2=C([C][C][N]C(=O)C(=O)/[C]=[C]/C3=[C]C(=[C][C]=C3Br)Br)[C](N=C2[C]=[C]1)[C][C][C][C]O[C][C][N]C1=[C][C]=[C]C2=C1[C]N(C2=O)[C]1[C][C]C(=O)[N]C1=O,pocket,1output_111_Fragments_.xyz
803.82153192,0.2744500000000009,0,7,152.48,16,6,0.08784645936324385,7.800864772758091,6,[C]OC1=[C]C2=C([C][C][N]C(=O)C(=O)/[C]=[C]/C3=[C]C(=[C][C]=C3Br)Br)[C](N=C2[C]=[C]1)[C][C][C][C][C][C][N]C1=[C][C]=[C]C2=C1[C]N(C2=O)[C]1[C][C]C(=O)[N]C1=O,pocket,1output_112_Fragments_.xyz
875.8062757800002,0.25523999999999947,0,9,190.83999999999997,19,6,0.07093099148110331,7.951892539525739,11,[O][C][C]O[C]([C][C][N]C1=[C][C]=[C]C2=C1[C]N(C2=O)[C]1[C][C]C(=O)[N]C1=O)[C]O[C]/[C]=C/1\N=C2C(=C1[C][C][N]C(=O)C(=O)/[C]=[C]/C1=[C]C(=[C][C]=C1Br)Br)[C]=C([C]=[C]2)O[C],pocket,1output_113_Fragments_.xyz
889.8093497800002,-0.9223499999999987,0,8,215.60999999999999,17,8,0.07186013539854484,7.5258161553064,12,[O][C]O[C]([C@]12[C][C@@]2([N]1)[N]C1=[C][C]=[C]C2=C1[C]N(C2=O)[C]1[C][C]C(=O)[N]C1=O)[C]([C][C][C]1N=C2C(=C1[C][C][N]C(=O)C(=O)/[C]=[C]/C1=[C]C(=[C][C]=C1Br)Br)[C]=C([C]=[C]2)O[C])[O],pocket,1output_114_Fragments_.xyz
859.8113611600002,1.880660000000002,0,9,171.35,13,7,0.07482434248035824,4.279946606002213,10,[C]OC1=[C]C2=C([C]=[C]1)N([C]=C2[C][C][N]C(=O)C(=O)/[C]=[C]/C1=[C]C(=[C][C]=C1Br)Br)C(=O)[C]C1=[C][C]=C([C]=[C]1)O[N]C1=[C][C]=[C]C2=C1[C]N(C2=O)[C]1[C][C]C(=O)[N]C1=O,pocket,1output_115_Fragments_.xyz
875.8062757800002,1.2590500000000027,0,8,201.92,13,7,0.08328270033172977,7.993787366416639,11,[C]OC1=[C]C2=C([C]=[C]1)N([C]=C2[C][C][N]C(=O)C(=O)/[C]=[C]/C1=[C]C(=[C][C]=C1Br)Br)C(=O)[C][C]1[C][C](C([C]1)([O])[O])[C][N]C1=[C][C]=[C]C2=C1[C]N(C2=O)[C]1[C][C]C(=O)[N]C1=O,pocket,1output_116_Fragments_.xyz
851.8062757800002,0.8744700000000007,0,10,195.84999999999997,15,6,0.12117742305083672,7.700889585017182,9,[C]OC1=[C]C2=C([C]=[C]1)N=C([C]2[C][C][N]C(=O)C(=O)/[C]=[C]/C1=[C]C(=[C][C]=C1Br)Br)O[C][C]C(=O)[C][C]C(=O)[N]C1=[C][C]=[C]C2=C1[C]N(C2=O)[C]1[C][C]C(=O)[N]C1=O,pocket,1output_119_Fragments_.xyz
835.81136116,0.13765000000000088,0,9,170.94,18,6,0.07544580309969627,7.8660816751519125,8,[C]OC1=[C]C2=C([C][C][N]C(=O)C(=O)/[C]=[C]/C3=[C]C(=[C][C]=C3Br)Br)[C](N=C2[C]=[C]1)[C]O[C][C]O[C][C][C][N]C1=[C][C]=[C]C2=C1[C]N(C2=O)[C]1[C][C]C(=O)[N]C1=O,pocket,1output_120_Fragments_.xyz
875.8062757800002,1.2799400000000019,0,8,201.92,18,6,0.08140674463465997,7.944771132343963,11,[C]OC1=[C]C2=C([C]=[C]1)N([C]=C2[C][C][N]C(=O)C(=O)/[C]=[C]/C1=[C]C(=[C][C]=C1Br)Br)[C][C][C][C]([C]([C][N]C1=[C][C]=[C]C2=C1[C]N(C2=O)[C]1[C][C]C(=O)[N]C1=O)[O])[C]C(=O)[O],pocket,1output_122_Fragments_.xyz
843.8164465400001,1.7830400000000022,0,8,162.11999999999998,15,6,0.10019503592086294,7.939881211112605,9,[C]OC1=[C]C2=C([C]=[C]1)N([C]=C2[C][C][N]C(=O)C(=O)/[C]=[C]/C1=[C]C(=[C][C]=C1Br)Br)C(=O)[C]/[C]=[C]/[C]([C][C][N]C1=[C][C]=[C]C2=C1[C]N(C2=O)[C]1[C][C]C(=O)[N]C1=O)[C],pocket,1output_123_Fragments_.xyz
837.8144351600001,-0.8680300000000003,0,9,192.88,16,6,0.058471014236288324,7.744355196804195,8,[C]OC1=[C]C2=C([C][C][N]C(=O)C(=O)/[C]=[C]/C3=[C]C(=[C][C]=C3Br)Br)[C](N=C2[C]=[C]1)[C][N][C][C]OC(=O)[C][N]C1=[C][C]=[C]C2=C1[C]N(C2=O)[C]1[C][C]C(=O)[N]C1=O,pocket,1output_124_Fragments_.xyz
835.8113611600002,1.7800500000000017,0,8,181.60999999999999,16,6,0.09128352790348736,7.80218330331307,8,[C]OC1=[C]C2=C([C]=[C]1)N=C([C]2[C][C][N]C(=O)C(=O)/[C]=[C]/C1=[C]C(=[C][C]=C1Br)Br)O[C][C][C][C]([C][C][N]C1=[C][C]=[C]C2=C1[C]N(C2=O)[C]1[C][C]C(=O)[N]C1=O)[O],pocket,1output_126_Fragments_.xyz
839.82153192,0.9323500000000007,0,8,150.73999999999998,13,7,0.08470573937097883,7.990592804345322,9,[C]OC1=[C]C2=C([C][C][N]C(=O)C(=O)/[C]=[C]/C3=[C]C(=[C][C]=C3Br)Br)[C](N=C2[C]=[C]1)[C][C]C1=[C][C]=C([C]=[C]1)/[C]=N/C1=[C][C]=[C]C2=C1[C]N(C2=O)[C]1[C][C]C(=O)[N]C1=O,pocket,1output_127_Fragments_.xyz
851.82153192,1.0349300000000017,0,7,152.48,15,7,0.07550628320045963,5.258000992646405,10,[C]OC1=[C]C2=C([C][C][N]C(=O)C(=O)/[C]=[C]/C3=[C]C(=[C][C]=C3Br)Br)[C](N=C2[C]=[C]1)[C][C][C][C]C1=[C][C]=[C]C(=[C]1)[N]C1=[C][C]=[C]C2=C1[C]N(C2=O)[C]1[C][C]C(=O)[N]C1=O,pocket,1output_128_Fragments_.xyz
895.79610502,-0.33282999999999957,0,11,217.14,15,7,0.0636445519743214,7.813058193834734,12,[O][C]C1=C(O[C][C]1OO[C][C]1N=C2C(=C1[C][C][N]C(=O)C(=O)/[C]=[C]/C1=[C]C(=[C][C]=C1Br)Br)[C]=C([C]=[C]2)O[C])C(=O)[N]C1=[C][C]=[C]C2=C1[C]N(C2=O)[C]1[C][C]C(=O)[N]C1=O,pocket,1output_129_Fragments_.xyz
845.81952054,-0.6370499999999995,0,8,191.85,16,6,0.10410059137537314,7.809399614228477,9,[C]OC1=[C]C2=C([C][C][N]C(=O)C(=O)/[C]=[C]/C3=[C]C(=[C][C]=C3Br)Br)[C](N=C2[C]=[C]1)[C][C][C][C]([C][C]C(=O)[N]C1=[C][C]=[C]C2=C1[C]N(C2=O)[C]1[C][C]C(=O)[N]C1=O)[N],pocket,1output_12_Fragments_.xyz
857.81952054,-0.11196999999999974,0,8,175.81,15,7,0.0674029025963628,7.995808647923734,10,[C]OC1=[C]C2=C([C][C][N]C(=O)C(=O)/[C]=[C]/C3=[C]C(=[C][C]=C3Br)Br)[C](N=C2[C]=[C]1)/[C]=[C]\O[C][C][C]1[N][C][C]([C]1)[N]C1=[C][C]=[C]C2=C1[C]N(C2=O)[C]1[C][C]C(=O)[N]C1=O,pocket,1output_130_Fragments_.xyz
875.8062757800002,0.48604000000000114,0,10,189.09999999999997,15,7,0.11985154425618595,7.911841070994271,11,[O][C][C]([C][C]1N=C2C(=C1[C][C][N]C(=O)C(=O)/[C]=[C]/C1=[C]C(=[C][C]=C1Br)Br)[C]=C([C]=[C]2)O[C])[C][C][C]1[C]O/C(=N\C2=[C][C]=[C]C3=C2[C]N(C3=O)[C]2[C][C]C(=O)[N]C2=O)/O1,pocket,1output_132_Fragments_.xyz
815.82153192,0.355740000000001,0,7,152.48,17,6,0.08310540610319933,7.849073567317894,7,[C]OC1=[C]C2=C([C][C][N]C(=O)C(=O)/[C]=[C]/C3=[C]C(=[C][C]=C3Br)Br)[C](N=C2[C]=[C]1)[C][C][C][C][C][C][C][N]C1=[C][C]=[C]C2=C1[C]N(C2=O)[C]1[C][C]C(=O)[N]C1=O,pocket,1output_135_Fragments_.xyz
821.8195205400002,1.2865600000000015,0,7,186.48,14,6,0.13397842305938412,7.798011964215114,7,[C]OC1=[C]C2=C([C]=[C]1)N=C([C]2[C][C][N]C(=O)C(=O)/[C]=[C]/C1=[C]C(=[C][C]=C1Br)Br)[N][C]/[C]=[C]/[C]([C][N]C1=[C][C]=[C]C2=C1[C]N(C2=O)[C]1[C][C]C(=O)[N]C1=O)[O],pocket,1output_137_Fragments_.xyz
871.81136116,1.8350399999999993,0,10,169.60999999999999,18,6,0.06319258356314335,1.3107106927532852,11,[C][C]C(=O)[C][C]([C]/[C]=N/C1=[C][C]=[C]C2=C1[C]N(C2=O)[C]1[C][C]C(=O)[N]C1=O)O[C][C]N1[C]=C(C2=C1[C]=[C]C(=[C]2)O[C])[C][C][N]C(=O)C(=O)/[C]=[C]/C1=[C]C(=[C][C]=C1Br)Br,pocket,1output_138_Fragments_.xyz
831.8164465400001,1.847860000000002,0,8,163.20999999999998,14,7,0.08157013945159397,7.023547698449755,8,[C]OC1=[C]C2=C([C]=[C]1)N([C]=C2[C][C][N]C(=O)C(=O)/[C]=[C]/C1=[C]C(=[C][C]=C1Br)Br)[C][C][C][C@]1([O])[C][C]1/[C]=N/C1=[C][C]=[C]C2=C1[C]N(C2=O)[C]1[C][C]C(=O)[N]C1=O,pocket,1output_139_Fragments_.xyz
819.8164465399999,0.27986000000000094,0,8,161.70999999999998,16,6,0.08687169976928139,7.825508132752459,7,[C]OC1=[C]C2=C([C][C][N]C(=O)C(=O)/[C]=[C]/C3=[C]C(=[C][C]=C3Br)Br)/C(=[C]/[C][C][C]O[C][C][N]C3=[C][C]=[C]C4=C3[C]N(C4=O)[C]3[C][C]C(=O)[N]C3=O)/N=C2[C]=[C]1,pocket,1output_140_Fragments_.xyz
831.81644654,0.23694000000000098,0,7,172.38,14,8,0.12798551881216258,7.738965647271841,8,[C]OC1=[C]C2=C([C][C][N]C(=O)C(=O)/[C]=[C]/C3=[C]C(=[C][C]=C3Br)Br)[C](N=C2[C]=[C]1)[C][C]([C][C]1[C]2[C]1[C]2[N]C1=[C][C]=[C]C2=C1[C]N(C2=O)[C]1[C][C]C(=O)[N]C1=O)[O],pocket,1output_142_Fragments_.xyz
873.81443516,-0.5503500000000002,0,9,192.88,16,7,0.1040284721463045,7.913916315749515,11,[C]OC1=[C]C2=C([C][C][N]C(=O)C(=O)/[C]=[C]/C3=[C]C(=[C][C]=C3Br)Br)[C](N=C2[C]=[C]1)[C][C]OC1=[C]C(=O)[N][C]1[C][C][N]C1=[C][C]=[C]C2=C1[C]N(C2=O)[C]1[C][C]C(=O)[N]C1=O,pocket,1output_144_Fragments_.xyz
901.7915915400001,0.32135000000000125,0,9,183.64999999999998,14,7,0.12599673817705317,7.94183654482506,12,[C][C][C][C]1[C]=C(S[C]1[N]C1=[C][C]=[C]C2=C1[C]N(C2=O)[C]1[C][C]C(=O)[N]C1=O)[N]C(=O)/[C]=C/1\N=C2C(=C1[C][C][N]C(=O)C(=O)/[C]=[C]/C1=[C]C(=[C][C]=C1Br)Br)[C]=C([C]=[C]2)O[C],pocket,1output_145_Fragments_.xyz
867.81644654,2.2715300000000016,0,8,154.27999999999997,16,7,0.09520106620319482,5.694955462124914,11,[C][C][C]1[C]C(=C(O1)[C][C][C]N1[C]=C(C2=C1[C]=[C]C(=[C]2)O[C])[C][C][N]C(=O)C(=O)/[C]=[C]/C1=[C]C(=[C][C]=C1Br)Br)[C][N]C1=[C][C]=[C]C2=C1[C]N(C2=O)[C]1[C][C]C(=O)[N]C1=O,pocket,1output_146_Fragments_.xyz
861.81443516,-0.7558500000000001,0,8,203.54999999999998,16,6,0.10233563891822095,7.838614571261533,10,[O][C][C](C(=O)[N][C][C][C]1N=C2C(=C1[C][C][N]C(=O)C(=O)/[C]=[C]/C1=[C]C(=[C][C]=C1Br)Br)[C]=C([C]=[C]2)O[C])/[C]=[C]/[N]C1=[C][C]=[C]C2=C1[C]N(C2=O)[C]1[C][C]C(=O)[N]C1=O,pocket,1output_147_Fragments_.xyz
891.8011904000002,0.8181500000000004,0,10,208.31999999999996,14,7,0.07591366111556358,7.902496845724651,12,[C]OC1=[C]C2=C([C]=[C]1)N([C]=C2[C][C][N]C(=O)C(=O)/[C]=[C]/C1=[C]C(=[C][C]=C1Br)Br)[C]OC(=O)[C]1[C][C]([C][C]1C(=O)[O])[N]C1=[C][C]=[C]C2=C1[C]N(C2=O)[C]1[C][C]C(=O)[N]C1=O,pocket,1output_148_Fragments_.xyz
875.81750916,-1.3252300000000001,0,10,213.07999999999998,13,7,0.11386295159303993,7.771858988442676,11,[C]OC1=[C]C2=C([C][C][N]C(=O)C(=O)/[C]=[C]/C3=[C]C(=[C][C]=C3Br)Br)[C](N=C2[C]=[C]1)C(=O)[C][N]C(=O)[C]1[C][C]C(=N1)[N]C1=[C][C]=[C]C2=C1[C]N(C2=O)[C]1[C][C]C(=O)[N]C1=O,pocket,1output_149_Fragments_.xyz
819.8164465400001,1.3549600000000017,0,8,162.11999999999998,16,6,0.07140215805233005,7.8607938646676025,7,[C]OC1=[C]C2=C([C]=[C]1)N([C]=C2[C][C][N]C(=O)C(=O)/[C]=[C]/C1=[C]C(=[C][C]=C1Br)Br)[C][C][C][C]C(=O)[C][N]C1=[C][C]=[C]C2=C1[C]N(C2=O)[C]1[C][C]C(=O)[N]C1=O,pocket,1output_14_Fragments_.xyz
851.8062757800002,0.8744700000000007,0,10,195.84999999999997,13,7,0.13628415167139413,7.6562480076072505,9,[C]OC1=[C]C2=C([C]=[C]1)N=C([C]2[C][C][N]C(=O)C(=O)/[C]=[C]/C1=[C]C(=[C][C]=C1Br)Br)O[C]1[C][C]1[C]C(=O)C(=O)[N]C1=[C][C]=[C]C2=C1[C]N(C2=O)[C]1[C][C]C(=O)[N]C1=O,pocket,1output_151_Fragments_.xyz
871.81136116,1.2288500000000013,0,8,181.61,15,7,0.07458084056725525,4.19210802638932,11,[C]OC1=[C]C2=C([C][C][N]C(=O)C(=O)/[C]=[C]/C3=[C]C(=[C][C]=C3Br)Br)[C](N=C2[C]=[C]1)[C][C]O[C]C1=[C]C(=[C]C(=[C]1)[N]C1=[C][C]=[C]C2=C1[C]N(C2=O)[C]1[C][C]C(=O)[N]C1=O)[O],pocket,1output_153_Fragments_.xyz
835.8113611600002,1.2865600000000013,0,9,171.34999999999997,16,6,0.0534655899604926,7.854793362484668,8,[C]OC1=[C]C2=C([C]=[C]1)N([C]=C2[C][C][N]C(=O)C(=O)/[C]=[C]/C1=[C]C(=[C][C]=C1Br)Br)[C][C][C][C]OC(=O)[C][N]C1=[C][C]=[C]C2=C1[C]N(C2=O)[C]1[C][C]C(=O)[N]C1=O,pocket,1output_154_Fragments_.xyz
859.8113611600002,2.0668400000000013,0,9,170.94,17,6,0.08602107803065169,7.944095921795057,10,[C]OC1=[C]C2=C([C]=[C]1)N=C([C]2[C][C][N]C(=O)C(=O)/[C]=[C]/C1=[C]C(=[C][C]=C1Br)Br)O[C]O[C][C]/C(=[C]\[C][C][N]C1=[C][C]=[C]C2=C1[C]N(C2=O)[C]1[C][C]C(=O)[N]C1=O)/[C],pocket,1output_155_Fragments_.xyz
847.8113611600002,1.3174500000000018,0,8,182.01999999999998,14,8,0.10424612845575637,7.78503973293425,9,[C]OC1=[C]C2=C([C]=[C]1)N([C]=C2[C][C][N]C(=O)C(=O)/[C]=[C]/C1=[C]C(=[C][C]=C1Br)Br)[C]1[C]2[C]1[C]2[C]C(=O)[C]([N]C1=[C][C]=[C]C2=C1[C]N(C2=O)[C]1[C][C]C(=O)[N]C1=O)[O],pocket,1output_156_Fragments_.xyz
857.8195205400001,0.14506000000000058,0,8,183.64999999999998,13,7,0.10416668681809307,7.935334383333519,10,[C]OC1=[C]C2=C([C][C][N]C(=O)C(=O)/[C]=[C]/C3=[C]C(=[C][C]=C3Br)Br)[C](N=C2[C]=[C]1)[C][N]C(=O)C1=[C]C(=[C][C]=[C]1)[N]C1=[C][C]=[C]C2=C1[C]N(C2=O)[C]1[C][C]C(=O)[N]C1=O,pocket,1output_157_Fragments_.xyz
859.81136116,0.24983000000000105,0,8,181.61,19,6,0.0717294263843457,7.923750622649758,10,[C]OC1=[C]C2=C([C][C][N]C(=O)C(=O)/[C]=[C]/C3=[C]C(=[C][C]=C3Br)Br)[C](N=C2[C]=[C]1)[C][C][C]([C][C][C]O[C][C][N]C1=[C][C]=[C]C2=C1[C]N(C2=O)[C]1[C][C]C(=O)[N]C1=O)[O],pocket,1output_158_Fragments_.xyz
815.82153192,0.6603500000000004,0,8,150.73999999999998,16,6,0.06822437504723956,7.81991752336185,7,[C]OC1=[C]C2=C([C][C][N]C(=O)C(=O)/[C]=[C]/C3=[C]C(=[C][C]=C3Br)Br)[C](N=C2[C]=[C]1)[C][C][C][C][C][C]/[C]=N/C1=[C][C]=[C]C2=C1[C]N(C2=O)[C]1[C][C]C(=O)[N]C1=O,pocket,1output_159_Fragments_.xyz
819.8164465400001,1.8988500000000017,0,8,161.70999999999998,16,6,0.0923604983934627,7.8088756652199915,7,[C]OC1=[C]C2=C([C]=[C]1)N=C([C]2[C][C][N]C(=O)C(=O)/[C]=[C]/C1=[C]C(=[C][C]=C1Br)Br)O[C][C][C][C][C][C][N]C1=[C][C]=[C]C2=C1[C]N(C2=O)[C]1[C][C]C(=O)[N]C1=O,pocket,1output_15_Fragments_.xyz
849.8144351600001,-0.8371400000000002,0,8,203.54999999999998,16,6,0.10157541250683629,7.784933986185633,9,[C]OC1=[C]C2=C([C][C][N]C(=O)C(=O)/[C]=[C]/C3=[C]C(=[C][C]=C3Br)Br)[C](N=C2[C]=[C]1)[C][N]C(=O)[C][C]([C][C][N]C1=[C][C]=[C]C2=C1[C]N(C2=O)[C]1[C][C]C(=O)[N]C1=O)[O],pocket,1output_160_Fragments_.xyz
863.8175091600001,-0.9627300000000001,0,10,205.23999999999998,14,7,0.11190281386781276,7.8374309645301,10,[C]OC1=[C]C2=C([C][C][N]C(=O)C(=O)/[C]=[C]/C3=[C]C(=[C][C]=C3Br)Br)[C](N=C2[C]=[C]1)[C][N]C(=O)[C]C1=N[C]([C]O1)[N]C1=[C][C]=[C]C2=C1[C]N(C2=O)[C]1[C][C]C(=O)[N]C1=O,pocket,1output_162_Fragments_.xyz
833.8195205400001,0.9744600000000012,0,8,183.64999999999998,15,6,0.09463594080749975,7.794523539999461,8,[C]OC1=[C]C2=C([C]=[C]1)N=C([C]2[C][C][N]C(=O)C(=O)/[C]=[C]/C1=[C]C(=[C][C]=C1Br)Br)[N]C(=O)[C][C][C][C][C][N]C1=[C][C]=[C]C2=C1[C]N(C2=O)[C]1[C][C]C(=O)[N]C1=O,pocket,1output_163_Fragments_.xyz
839.8062757800002,1.236970000000002,0,10,188.01,15,6,0.07136203332863962,7.70386407254384,8,[C]OC1=[C]C2=C([C]=[C]1)N=C([C]2[C][C][N]C(=O)C(=O)/[C]=[C]/C1=[C]C(=[C][C]=C1Br)Br)O[C][C]C(=O)O[C][C][N]C1=[C][C]=[C]C2=C1[C]N(C2=O)[C]1[C][C]C(=O)[N]C1=O,pocket,1output_164_Fragments_.xyz
885.8144351600001,1.8954500000000019,0,9,186.54,12,8,0.11815174930586343,4.236714394303244,12,[C]OC1=[C]C2=C([C]=[C]1)N([C]=C2[C][C][N]C(=O)C(=O)/[C]=[C]/C1=[C]C(=[C][C]=C1Br)Br)[C][C][C]1[C]C(=C2[C](O1)[C]C(=N2)[N]C1=[C][C]=[C]C2=C1[C]N(C2=O)[C]1[C][C]C(=O)[N]C1=O)[O],pocket,1output_165_Fragments_.xyz
867.8164465400001,2.5088300000000023,0,7,164.95,15,7,0.08921540737258818,6.190670283226922,11,[C]OC1=[C]C2=C([C]=[C]1)N([C]=C2[C][C][N]C(=O)C(=O)/[C]=[C]/C1=[C]C(=[C][C]=C1Br)Br)[C][C][C]([C]C1=[C][C]=[C]C(=[C]1)[N]C1=[C][C]=[C]C2=C1[C]N(C2=O)[C]1[C][C]C(=O)[N]C1=O)[O],pocket,1output_167_Fragments_.xyz
879.8011904000001,-0.46244999999999964,0,9,218.58,17,6,0.07462049411255899,7.7869190322967725,11,[C]OC1=[C]C2=C([C][C][N]C(=O)C(=O)/[C]=[C]/C3=[C]C(=[C][C]=C3Br)Br)[C](N=C2[C]=[C]1)[C][C]([C][C]([C]C(=O)O[C][N]C1=[C][C]=[C]C2=C1[C]N(C2=O)[C]1[C][C]C(=O)[N]C1=O)[O])[O],pocket,1output_169_Fragments_.xyz
879.8011904000001,-0.018659999999998622,0,9,210.73999999999995,19,6,0.06901331838195589,7.906603172307591,11,[O][C][C]([C](O[C]O[C][C][C]1N=C2C(=C1[C][C][N]C(=O)C(=O)/[C]=[C]/C1=[C]C(=[C][C]=C1Br)Br)[C]=C([C]=[C]2)O[C])[O])[C][N]C1=[C][C]=[C]C2=C1[C]N(C2=O)[C]1[C][C]C(=O)[N]C1=O,pocket,1output_16_Fragments_.xyz
879.8011904000001,-0.7716399999999997,0,11,205.07999999999993,16,7,0.0760825193059421,7.768073247354495,11,O=[C][C](OC(=O)[C]1[C][C]1[N]C1=[C][C]=[C]C2=C1[C]N(C2=O)[C]1[C][C]C(=O)[N]C1=O)O[C][C]1N=C2C(=C1[C][C][N]C(=O)C(=O)/[C]=[C]/C1=[C]C(=[C][C]=C1Br)Br)[C]=C([C]=[C]2)O[C],pocket,1output_170_Fragments_.xyz
835.81136116,0.0872500000000009,0,8,181.61,17,6,0.07997543647243381,7.8263554926621826,8,[C]OC1=[C]C2=C([C][C][N]C(=O)C(=O)/[C]=[C]/C3=[C]C(=[C][C]=C3Br)Br)[C](N=C2[C]=[C]1)[C][C]O[C][C][C]([C][N]C1=[C][C]=[C]C2=C1[C]N(C2=O)[C]1[C][C]C(=O)[N]C1=O)[O],pocket,1output_171_Fragments_.xyz
855.81644654,0.6159400000000013,0,8,161.71,15,7,0.09628175909235231,4.648176781708456,10,[C]OC1=[C]C2=C([C][C][N]C(=O)C(=O)/[C]=[C]/C3=[C]C(=[C][C]=C3Br)Br)[C](N=C2[C]=[C]1)[C][C]OC1=[C][C]=[C]C(=[C]1)[C][N]C1=[C][C]=[C]C2=C1[C]N(C2=O)[C]1[C][C]C(=O)[N]C1=O,pocket,1output_172_Fragments_.xyz
859.81136116,0.30023000000000105,0,9,170.94,15,7,0.09100858391019041,3.014491733064231,10,[C]OC1=[C]C2=C([C][C][N]C(=O)C(=O)/[C]=[C]/C3=[C]C(=[C][C]=C3Br)Br)[C](N=C2[C]=[C]1)[C][C][C]O[C]1[C][C][C]([C]O1)[N]C1=[C][C]=[C]C2=C1[C]N(C2=O)[C]1[C][C]C(=O)[N]C1=O,pocket,1output_175_Fragments_.xyz
891.8011904000001,-0.7745500000000003,0,10,215.75,18,6,0.08892168410665195,7.817591563055513,12,[C]OC1=[C]C2=C([C][C][N]C(=O)C(=O)/[C]=[C]/C3=[C]C(=[C][C]=C3Br)Br)[C](N=C2[C]=[C]1)[C]O[C][C](C(=O)[O])[C][C][C]C(=O)[N]C1=[C][C]=[C]C2=C1[C]N(C2=O)[C]1[C][C]C(=O)[N]C1=O,pocket,1output_176_Fragments_.xyz
803.82153192,0.34826000000000085,0,7,152.48,14,6,0.07546467829962328,7.781571853756562,6,[C]OC1=[C]C2=C([C][C][N]C(=O)C(=O)/[C]=[C]/C3=[C]C(=[C][C]=C3Br)Br)[C](N=C2[C]=[C]1)[C][C]=C=[C][C][C][N]C1=[C][C]=[C]C2=C1[C]N(C2=O)[C]1[C][C]C(=O)[N]C1=O,pocket,1output_177_Fragments_.xyz
877.8093497800002,-0.8242500000000004,0,9,212.78,18,6,0.06801048559125497,7.870299232345116,11,[C]OC1=[C]C2=C([C][C][N]C(=O)C(=O)/[C]=[C]/C3=[C]C(=[C][C]=C3Br)Br)[C](N=C2[C]=[C]1)[C][N]C(=O)[C][C]([C][C]O[C][N]C1=[C][C]=[C]C2=C1[C]N(C2=O)[C]1[C][C]C(=O)[N]C1=O)[O],pocket,1output_178_Fragments_.xyz
871.8225945400002,0.7634400000000012,0,7,200.57999999999998,14,7,0.09914266725700474,7.315434247195858,11,[C]OC1=[C]C2=C([C]=[C]1)N=C([C]2[C][C][N]C(=O)C(=O)/[C]=[C]/C1=[C]C(=[C][C]=C1Br)Br)[N][C][C][N][C@@]1([O])[C][C]=[C][C]([C]1)[N]C1=[C][C]=[C]C2=C1[C]N(C2=O)[C]1[C][C]C(=O)[N]C1=O,pocket,1output_179_Fragments_.xyz
879.8011904000002,1.530160000000002,0,10,200.48,12,7,0.11504999343918389,6.920619757971237,11,[C]OC1=[C]C2=C([C]=[C]1)N([C]=C2[C][C][N]C(=O)C(=O)/[C]=[C]/C1=[C]C(=[C][C]=C1Br)Br)C(=O)O[C][C]1[C][C](O[C@@]1([C])[O])[N]C1=[C][C]=[C]C2=C1[C]N(C2=O)[C]1[C][C]C(=O)[N]C1=O,pocket,1output_180_Fragments_.xyz
839.8062757800001,-0.4558300000000003,0,10,188.01000000000002,16,6,0.06053054022368574,7.728036261892953,8,[C]OC1=[C]C2=C([C][C][N]C(=O)C(=O)/[C]=[C]/C3=[C]C(=[C][C]=C3Br)Br)[C](N=C2[C]=[C]1)[C]OC(=O)[C]O[C][C][N]C1=[C][C]=[C]C2=C1[C]N(C2=O)[C]1[C][C]C(=O)[N]C1=O,pocket,1output_181_Fragments_.xyz
873.81443516,-0.8465200000000002,0,9,200.71999999999997,12,7,0.12737175631210906,7.88728863196988,11,[C]OC1=[C]C2=C([C][C][N]C(=O)C(=O)/[C]=[C]/C3=[C]C(=[C][C]=C3Br)Br)/C(=[C]/C(=O)[N]C3=[C][C]=C([C]C3=O)[N]C3=[C][C]=[C]C4=C3[C]N(C4=O)[C]3[C][C]C(=O)[N]C3=O)/N=C2[C]=[C]1,pocket,1output_182_Fragments_.xyz
803.82153192,0.34826000000000085,0,7,152.48,14,6,0.07546467829962328,7.781571853756562,6,[C]OC1=[C]C2=C([C][C][N]C(=O)C(=O)/[C]=[C]/C3=[C]C(=[C][C]=C3Br)Br)[C](N=C2[C]=[C]1)[C][C]=C=[C][C][C][N]C1=[C][C]=[C]C2=C1[C]N(C2=O)[C]1[C][C]C(=O)[N]C1=O,pocket,1output_183_Fragments_.xyz
845.8195205400001,1.4491399999999997,0,7,186.47999999999996,17,6,0.0856809365876196,7.909791543459982,9,[O][C][C]([N]C1=[C][C]=[C]C2=C1[C]N(C2=O)[C]1[C][C]C(=O)[N]C1=O)[C][C][C][C][C][N]C1=NC2=C([C]1[C][C][N]C(=O)C(=O)/[C]=[C]/C1=[C]C(=[C][C]=C1Br)Br)[C]=C([C]=[C]2)O[C],pocket,1output_184_Fragments_.xyz
819.8164465399999,-0.16392999999999897,0,8,169.55,15,6,0.11662339985851593,7.739460832993395,7,[C]OC1=[C]C2=C([C][C][N]C(=O)C(=O)/[C]=[C]/C3=[C]C(=[C][C]=C3Br)Br)/C(=[C]/[C][C]C(=O)[C][C][N]C3=[C][C]=[C]C4=C3[C]N(C4=O)[C]3[C][C]C(=O)[N]C3=O)/N=C2[C]=[C]1,pocket,1output_185_Fragments_.xyz
823.8113611600002,1.7491600000000014,0,9,174.23999999999998,14,7,0.10237647100860975,7.7402922486365755,7,[C]OC1=[C]C2=C([C]=[C]1)N=C([C]2[C][C][N]C(=O)C(=O)/[C]=[C]/C1=[C]C(=[C][C]=C1Br)Br)O[C][C][C]1O[C]1[C][N]C1=[C][C]=[C]C2=C1[C]N(C2=O)[C]1[C][C]C(=O)[N]C1=O,pocket,1output_186_Fragments_.xyz
815.82153192,0.6603500000000004,0,8,150.73999999999998,16,6,0.06822437504723956,7.81991752336185,7,[C]OC1=[C]C2=C([C][C][N]C(=O)C(=O)/[C]=[C]/C3=[C]C(=[C][C]=C3Br)Br)[C](N=C2[C]=[C]1)[C][C][C][C][C][C]/[C]=N/C1=[C][C]=[C]C2=C1[C]N(C2=O)[C]1[C][C]C(=O)[N]C1=O,pocket,1output_187_Fragments_.xyz
855.81644654,0.44992000000000115,0,8,161.71,15,7,0.09289968600906089,4.996177751832855,10,[C]OC1=[C]C2=C([C][C][N]C(=O)C(=O)/[C]=[C]/C3=[C]C(=[C][C]=C3Br)Br)[C](N=C2[C]=[C]1)[C][C]O[C][C]1[C][C][C]([C][C]1)[N]C1=[C][C]=[C]C2=C1[C]N(C2=O)[C]1[C][C]C(=O)[N]C1=O,pocket,1output_188_Fragments_.xyz
833.8195205400001,0.8743600000000014,0,8,176.21999999999997,16,6,0.06968948773887634,7.901537445324904,8,[C]OC1=[C]C2=C([C]=[C]1)N([C]=C2[C][C][N]C(=O)C(=O)/[C]=[C]/C1=[C]C(=[C][C]=C1Br)Br)[C][C][N]C(=O)[C][C][C][N]C1=[C][C]=[C]C2=C1[C]N(C2=O)[C]1[C][C]C(=O)[N]C1=O,pocket,1output_189_Fragments_.xyz
865.8093497800002,-1.1919300000000002,0,9,212.77999999999997,15,7,0.1027328082120665,6.6398842410287,10,[C]OC1=[C]C2=C([C][C][N]C(=O)C(=O)/[C]=[C]/C3=[C]C(=[C][C]=C3Br)Br)[C](N=C2[C]=[C]1)[C][N]C(=O)[C]O[C]1[C][C@]1([O])[N]C1=[C][C]=[C]C2=C1[C]N(C2=O)[C]1[C][C]C(=O)[N]C1=O,pocket,1output_18_Fragments_.xyz
843.81644654,0.8039500000000006,0,8,161.71,14,7,0.1031691721639159,2.3543639257286593,9,[C]OC1=[C]C2=C([C][C][N]C(=O)C(=O)/[C]=[C]/C3=[C]C(=[C][C]=C3Br)Br)[C](N=C2[C]=[C]1)[C]O[C]C1=[C][C]=C([C]=[C]1)[N]C1=[C][C]=[C]C2=C1[C]N(C2=O)[C]1[C][C]C(=O)[N]C1=O,pocket,1output_190_Fragments_.xyz
869.8042644000002,0.5130800000000015,0,11,210.92,12,8,0.10660520946991696,6.9836686186701,10,[C]OC1=[C]C2=C([C]=[C]1)N=C([C]2[C][C][N]C(=O)C(=O)/[C]=[C]/C1=[C]C(=[C][C]=C1Br)Br)O[C][C]1[C]2[N@@]1[C@](O2)([O])C(=O)[N]C1=[C][C]=[C]C2=C1[C]N(C2=O)[C]1[C][C]C(=O)[N]C1=O,pocket,1output_191_Fragments_.xyz
849.81443516,-0.03833999999999965,0,10,183.3,14,7,0.09376935213758643,7.917646073576091,9,[C]OC1=[C]C2=C([C][C][N]C(=O)C(=O)/[C]=[C]/C3=[C]C(=[C][C]=C3Br)Br)[C](N=C2[C]=[C]1)[C]O[C][C]1[C]N=C([C]1)O[N]C1=[C][C]=[C]C2=C1[C]N(C2=O)[C]1[C][C]C(=O)[N]C1=O,pocket,1output_195_Fragments_.xyz
819.81644654,0.2060500000000009,0,8,161.71,17,6,0.08145502288846507,7.833361779106106,7,[C]OC1=[C]C2=C([C][C][N]C(=O)C(=O)/[C]=[C]/C3=[C]C(=[C][C]=C3Br)Br)[C](N=C2[C]=[C]1)[C][C][C][C][C]O[C][N]C1=[C][C]=[C]C2=C1[C]N(C2=O)[C]1[C][C]C(=O)[N]C1=O,pocket,1output_196_Fragments_.xyz
863.8062757800001,1.1986499999999998,0,8,201.91999999999996,16,6,0.09149054894296751,7.902687492307877,10,[O][C][C]([C]([C][C]C(=O)[N]C1=[C][C]=[C]C2=C1[C]N(C2=O)[C]1[C][C]C(=O)[N]C1=O)[O])[C]N1[C]=C(C2=C1[C]=[C]C(=[C]2)O[C])[C][C][N]C(=O)C(=O)/[C]=[C]/C1=[C]C(=[C][C]=C1Br)Br,pocket,1output_197_Fragments_.xyz
851.8062757800002,1.5107500000000018,0,7,204.75,16,6,0.09280868955349361,7.891093334110144,9,[C]OC1=[C]C2=C([C]=[C]1)N([C]=C2[C][C][N]C(=O)C(=O)/[C]=[C]/C1=[C]C(=[C][C]=C1Br)Br)[C][C]([C]([C]([C][C][N]C1=[C][C]=[C]C2=C1[C]N(C2=O)[C]1[C][C]C(=O)[N]C1=O)[O])[O])[O],pocket,1output_198_Fragments_.xyz
803.82153192,0.2744500000000009,0,7,152.48,16,6,0.08784645936324385,7.800864772758091,6,[C]OC1=[C]C2=C([C][C][N]C(=O)C(=O)/[C]=[C]/C3=[C]C(=[C][C]=C3Br)Br)[C](N=C2[C]=[C]1)[C][C][C][C][C][C][N]C1=[C][C]=[C]C2=C1[C]N(C2=O)[C]1[C][C]C(=O)[N]C1=O,pocket,1output_199_Fragments_.xyz
883.81136116,0.4039400000000006,0,8,189.45,15,7,0.09389998239226781,2.6827424247244327,12,[C]OC1=[C]C2=C([C][C][N]C(=O)C(=O)/[C]=[C]/C3=[C]C(=[C][C]=C3Br)Br)[C](N=C2[C]=[C]1)[C][C](C(=O)[O])[C]C1=[C][C]=C([C]=[C]1)[N]C1=[C][C]=[C]C2=C1[C]N(C2=O)[C]1[C][C]C(=O)[N]C1=O,pocket,1output_19_Fragments_.xyz
865.8093497800002,1.1422700000000015,0,11,200.37,12,7,0.11089370268882628,7.8015660072651425,10,[C]OC1=[C]C2=C([C]=[C]1)N=C([C]2[C][C][N]C(=O)C(=O)/[C]=[C]/C1=[C]C(=[C][C]=C1Br)Br)O[C]OC(=O)[C]1[C]N=C([C]1)[N]C1=[C][C]=[C]C2=C1[C]N(C2=O)[C]1[C][C]C(=O)[N]C1=O,pocket,1output_1_Fragments_.xyz
833.8195205400002,0.9744600000000012,0,8,183.64999999999998,16,6,0.08919528229918627,7.802276498579343,8,[C]OC1=[C]C2=C([C]=[C]1)N=C([C]2[C][C][N]C(=O)C(=O)/[C]=[C]/C1=[C]C(=[C][C]=C1Br)Br)[N][C][C][C]C(=O)[C][C][N]C1=[C][C]=[C]C2=C1[C]N(C2=O)[C]1[C][C]C(=O)[N]C1=O,pocket,1output_200_Fragments_.xyz
837.81443516,-0.8680300000000003,0,9,192.88,16,6,0.07697220649461353,7.774780344733189,8,[C]OC1=[C]C2=C([C][C][N]C(=O)C(=O)/[C]=[C]/C3=[C]C(=[C][C]=C3Br)Br)[C](N=C2[C]=[C]1)[C]O[C][C][N]C(=O)[C][N]C1=[C][C]=[C]C2=C1[C]N(C2=O)[C]1[C][C]C(=O)[N]C1=O,pocket,1output_201_Fragments_.xyz
851.80627578,-0.7445199999999996,0,10,195.84999999999997,14,6,0.06599382689977801,7.679406138084369,9,[C]OC1=[C]C2=C([C][C][N]C(=O)C(=O)/[C]=[C]/C3=[C]C(=[C][C]=C3Br)Br)/C(=[C]/OC(=O)[C][C][C]C(=O)[N]C3=[C][C]=[C]C4=C3[C]N(C4=O)[C]3[C][C]C(=O)[N]C3=O)/N=C2[C]=[C]1,pocket,1output_202_Fragments_.xyz
807.8164465400001,1.8175600000000018,0,8,161.70999999999998,15,6,0.0979996728410387,7.7598682368436736,6,[C]OC1=[C]C2=C([C]=[C]1)N=C([C]2[C][C][N]C(=O)C(=O)/[C]=[C]/C1=[C]C(=[C][C]=C1Br)Br)O[C][C][C][C][C][N]C1=[C][C]=[C]C2=C1[C]N(C2=O)[C]1[C][C]C(=O)[N]C1=O,pocket,1output_203_Fragments_.xyz
885.81443516,-0.5428700000000003,0,9,192.88,16,7,0.07926934447749912,7.99384198010834,12,[C]OC1=[C]C2=C([C][C][N]C(=O)C(=O)/[C]=[C]/C3=[C]C(=[C][C]=C3Br)Br)[C](N=C2[C]=[C]1)[C]O[C][C][N]C(=O)[C]1[C][C][C]([C]1)[N]C1=[C][C]=[C]C2=C1[C]N(C2=O)[C]1[C][C]C(=O)[N]C1=O,pocket,1output_204_Fragments_.xyz
831.81644654,-0.15644999999999937,0,8,169.54999999999998,16,6,0.08369763255505058,7.789482119881118,8,[C]OC1=[C]C2=C([C][C][N]C(=O)C(=O)/[C]=[C]/C3=[C]C(=[C][C]=C3Br)Br)[C](N=C2[C]=[C]1)[C][C][C][C][C][C]C(=O)[N]C1=[C][C]=[C]C2=C1[C]N(C2=O)[C]1[C][C]C(=O)[N]C1=O,pocket,1output_205_Fragments_.xyz
831.8164465400001,1.829640000000002,0,7,164.95,15,7,0.10083671346124602,7.956132119881117,8,[C]OC1=[C]C2=C([C]=[C]1)N([C]=C2[C][C][N]C(=O)C(=O)/[C]=[C]/C1=[C]C(=[C][C]=C1Br)Br)[C][C]([C][C]1[C][C]1[C][N]C1=[C][C]=[C]C2=C1[C]N(C2=O)[C]1[C][C]C(=O)[N]C1=O)[O],pocket,1output_206_Fragments_.xyz
871.8113611600002,2.0668400000000013,0,9,170.94,14,8,0.13475953016416045,7.086557869482127,11,[C]OC1=[C]C2=C([C]=[C]1)N=C([C]2[C][C][N]C(=O)C(=O)/[C]=[C]/C1=[C]C(=[C][C]=C1Br)Br)O[C][C][C]1OC(=[C]C21[C][C]2)[C][N]C1=[C][C]=[C]C2=C1[C]N(C2=O)[C]1[C][C]C(=O)[N]C1=O,pocket,1output_207_Fragments_.xyz
833.81952054,-0.7183400000000002,0,8,183.64999999999998,16,6,0.07900730990935842,7.7902906997627746,8,[C]OC1=[C]C2=C([C][C][N]C(=O)C(=O)/[C]=[C]/C3=[C]C(=[C][C]=C3Br)Br)[C](N=C2[C]=[C]1)[C][C][C][C][N]C(=O)[C][N]C1=[C][C]=[C]C2=C1[C]N(C2=O)[C]1[C][C]C(=O)[N]C1=O,pocket,1output_208_Fragments_.xyz
851.8062757800002,1.318260000000001,0,10,188.01,16,6,0.06736824481611865,7.755063822124713,9,[C]OC1=[C]C2=C([C]=[C]1)N=C([C]2[C][C][N]C(=O)C(=O)/[C]=[C]/C1=[C]C(=[C][C]=C1Br)Br)O[C][C]OC(=O)[C][C][C][N]C1=[C][C]=[C]C2=C1[C]N(C2=O)[C]1[C][C]C(=O)[N]C1=O,pocket,1output_209_Fragments_.xyz
835.8113611600002,1.7800500000000017,0,8,181.60999999999999,16,6,0.09128352790348736,7.80218330331307,8,[C]OC1=[C]C2=C([C]=[C]1)N=C([C]2[C][C][N]C(=O)C(=O)/[C]=[C]/C1=[C]C(=[C][C]=C1Br)Br)O[C][C][C][C]([C][C][N]C1=[C][C]=[C]C2=C1[C]N(C2=O)[C]1[C][C]C(=O)[N]C1=O)[O],pocket,1output_20_Fragments_.xyz
855.81644654,0.44145000000000073,0,8,169.54999999999998,14,7,0.10078901395996358,7.969062588461724,10,[C]OC1=[C]C2=C([C][C][N]C(=O)C(=O)/[C]=[C]/C3=[C]C(=[C][C]=C3Br)Br)[C](N=C2[C]=[C]1)[C]C(=O)[C]C1=[C][C]=C([C]=[C]1)[N]C1=[C][C]=[C]C2=C1[C]N(C2=O)[C]1[C][C]C(=O)[N]C1=O,pocket,1output_211_Fragments_.xyz
835.8113611600002,1.8304500000000015,0,9,170.94,17,6,0.08587331869371156,7.842063448792286,8,[C]OC1=[C]C2=C([C]=[C]1)N=C([C]2[C][C][N]C(=O)C(=O)/[C]=[C]/C1=[C]C(=[C][C]=C1Br)Br)O[C][C][C]O[C][C][C][N]C1=[C][C]=[C]C2=C1[C]N(C2=O)[C]1[C][C]C(=O)[N]C1=O,pocket,1output_212_Fragments_.xyz
873.8144351600001,1.0108299999999995,0,8,188.27999999999994,20,6,0.0548690909474345,5.6108138579383295,11,[O][C][C][C]([C][C][C][N]C1=[C][C]=[C]C2=C1[C]N(C2=O)[C]1[C][C]C(=O)[N]C1=O)[N][C][C]ON1[C]=C(C2=C1[C]=[C]C(=[C]2)O[C])[C][C][N]C(=O)C(=O)/[C]=[C]/C1=[C]C(=[C][C]=C1Br)Br,pocket,1output_213_Fragments_.xyz
883.7961050200001,-0.6121399999999992,0,10,227.81,18,6,0.06862386439418777,7.789173491947551,11,[C]OC1=[C]C2=C([C][C][N]C(=O)C(=O)/[C]=[C]/C3=[C]C(=[C][C]=C3Br)Br)[C](N=C2[C]=[C]1)[C]O[C][C]O[C]([C]([N]C1=[C][C]=[C]C2=C1[C]N(C2=O)[C]1[C][C]C(=O)[N]C1=O)[O])C(=O)[O],pocket,1output_214_Fragments_.xyz
803.82153192,0.2744500000000009,0,7,152.48,15,6,0.09320484350913054,7.800864772758091,6,[C]OC1=[C]C2=C([C][C][N]C(=O)C(=O)/[C]=[C]/C3=[C]C(=[C][C]=C3Br)Br)[C](N=C2[C]=[C]1)[C]/[C]=[C]/[C][C][C][N]C1=[C][C]=[C]C2=C1[C]N(C2=O)[C]1[C][C]C(=O)[N]C1=O,pocket,1output_216_Fragments_.xyz
835.8113611600002,1.2865600000000013,0,9,171.34999999999997,16,6,0.0534655899604926,7.854793362484668,8,[C]OC1=[C]C2=C([C]=[C]1)N([C]=C2[C][C][N]C(=O)C(=O)/[C]=[C]/C1=[C]C(=[C][C]=C1Br)Br)[C][C][C][C]OC(=O)[C][N]C1=[C][C]=[C]C2=C1[C]N(C2=O)[C]1[C][C]C(=O)[N]C1=O,pocket,1output_218_Fragments_.xyz
833.8195205400001,-0.7183400000000002,0,8,183.64999999999998,16,6,0.07900730990935842,7.7902906997627746,8,[C]OC1=[C]C2=C([C][C][N]C(=O)C(=O)/[C]=[C]/C3=[C]C(=[C][C]=C3Br)Br)[C](N=C2[C]=[C]1)[C][N]C(=O)[C][C][C][C][N]C1=[C][C]=[C]C2=C1[C]N(C2=O)[C]1[C][C]C(=O)[N]C1=O,pocket,1output_219_Fragments_.xyz
843.82767992,-0.3008500000000001,0,8,178.94,14,7,0.0931250658539497,7.964646842806861,9,[C]OC1=[C]C2=C([C][C][N]C(=O)C(=O)/[C]=[C]/C3=[C]C(=[C][C]=C3Br)Br)[C](N=C2[C]=[C]1)[C][N][C][C][C]1[C]N=C([C]1)[N]C1=[C][C]=[C]C2=C1[C]N(C2=O)[C]1[C][C]C(=O)[N]C1=O,pocket,1output_21_Fragments_.xyz
807.8164465400001,1.5129500000000016,0,7,163.45,16,6,0.09173209296374124,7.829808736079538,6,[C]OC1=[C]C2=C([C]=[C]1)[N][C]([C]2[C][C][N]C(=O)C(=O)/[C]=[C]/C1=[C]C(=[C][C]=C1Br)Br)O[C][C][C][C][C][N]C1=[C][C]=[C]C2=C1[C]N(C2=O)[C]1[C][C]C(=O)[N]C1=O,pocket,1output_220_Fragments_.xyz
819.81644654,0.20604999999999993,0,8,165.01,13,7,0.07824138081942504,7.851913720585678,7,O=C1[C][C][C](C(=O)[N]1)N1[C]C2=C(C1=O)[C]=[C][C]=C2[N][C][C][C][C]1O[C]1.[C]OC1=[C]C2=C([C][C][N]C(=O)C(=O)/[C]=[C]/C3=[C]C(=[C][C]=C3Br)Br)[C](N=C2[C]=[C]1)[C],pocket,1output_222_Fragments_.xyz
823.8113611600002,1.649060000000002,0,9,163.51,17,6,0.06722586905159261,7.930341499385825,7,[C]OC1=[C]C2=C([C]=[C]1)N([C]=C2[C][C][N]C(=O)C(=O)/[C]=[C]/C1=[C]C(=[C][C]=C1Br)Br)[C][C]O[C]O[C][C][N]C1=[C][C]=[C]C2=C1[C]N(C2=O)[C]1[C][C]C(=O)[N]C1=O,pocket,1output_223_Fragments_.xyz
833.8195205400001,-0.7183400000000004,0,8,183.64999999999998,17,6,0.07445460366408028,7.798043658342657,8,[C]OC1=[C]C2=C([C][C][N]C(=O)C(=O)/[C]=[C]/C3=[C]C(=[C][C]=C3Br)Br)[C](N=C2[C]=[C]1)[C][N][C][C][C]C(=O)[C][N]C1=[C][C]=[C]C2=C1[C]N(C2=O)[C]1[C][C]C(=O)[N]C1=O,pocket,1output_225_Fragments_.xyz
857.81952054,0.2054600000000006,0,8,183.64999999999998,13,7,0.10461329214424536,7.962375408974545,10,[C]OC1=[C]C2=C([C][C][N]C(=O)C(=O)/[C]=[C]/C3=[C]C(=[C][C]=C3Br)Br)[C](N=C2[C]=[C]1)[C]C(=O)[N]C1=[C][C]=[C]C(=[C]1)[N]C1=[C][C]=[C]C2=C1[C]N(C2=O)[C]1[C][C]C(=O)[N]C1=O,pocket,1output_226_Fragments_.xyz
891.8011904000001,-0.3307599999999998,0,10,207.91000000000003,20,6,0.06292817599026004,7.900281501066424,12,[C]OC1=[C]C2=C([C][C][N]C(=O)C(=O)/[C]=[C]/C3=[C]C(=[C][C]=C3Br)Br)[C](N=C2[C]=[C]1)[C][C][C]O[C]([C]C(=O)[O])[C]O[C][N]C1=[C][C]=[C]C2=C1[C]N(C2=O)[C]1[C][C]C(=O)[N]C1=O,pocket,1output_227_Fragments_.xyz
851.8062757800001,-0.42494000000000015,0,9,198.68,16,6,0.0801097591114513,7.73878160059654,9,[C]OC1=[C]C2=C([C][C][N]C(=O)C(=O)/[C]=[C]/C3=[C]C(=[C][C]=C3Br)Br)[C](N=C2[C]=[C]1)[C]OC(=O)[C][C][C]([C][N]C1=[C][C]=[C]C2=C1[C]N(C2=O)[C]1[C][C]C(=O)[N]C1=O)[O],pocket,1output_228_Fragments_.xyz
887.8062757800001,0.1310300000000008,0,8,201.51,18,7,0.07480234890263067,7.1106600674068465,12,[C]OC1=[C]C2=C([C][C][N]C(=O)C(=O)/[C]=[C]/C3=[C]C(=[C][C]=C3Br)Br)[C](N=C2[C]=[C]1)[C][C]O[C][C]([C][C@]1([C][O])[C][C]1[N]C1=[C][C]=[C]C2=C1[C]N(C2=O)[C]1[C][C]C(=O)[N]C1=O)[O],pocket,1output_229_Fragments_.xyz
803.82153192,0.2744500000000009,0,7,152.48,14,6,0.09886433952648767,7.800864772758091,6,[C]OC1=[C]C2=C([C][C][N]C(=O)C(=O)/[C]=[C]/C3=[C]C(=[C][C]=C3Br)Br)[C](N=C2[C]=[C]1)[C]/[C]=[C]/[C]=[C]/[C][N]C1=[C][C]=[C]C2=C1[C]N(C2=O)[C]1[C][C]C(=O)[N]C1=O,pocket,1output_22_Fragments_.xyz
883.81136116,0.412410000000001,0,8,181.60999999999999,14,7,0.1278062118928844,5.544957688598897,12,[C]OC1=[C]C2=C([C][C][N]C(=O)C(=O)/[C]=[C]/C3=[C]C(=[C][C]=C3Br)Br)[C](N=C2[C]=[C]1)[C][C]O[C]1[C][C][C]([C]=[C][C]([C]1)[O])[N]C1=[C][C]=[C]C2=C1[C]N(C2=O)[C]1[C][C]C(=O)[N]C1=O,pocket,1output_230_Fragments_.xyz
831.81644654,0.000950000000000617,0,8,165.01,14,8,0.09557766193240996,7.621329786018803,8,[C]OC1=[C]C2=C([C][C][N]C(=O)C(=O)/[C]=[C]/C3=[C]C(=[C][C]=C3Br)Br)[C](N=C2[C]=[C]1)[C][C][C]1O[C@@]21[C][C]2[C][N]C1=[C][C]=[C]C2=C1[C]N(C2=O)[C]1[C][C]C(=O)[N]C1=O,pocket,1output_231_Fragments_.xyz
877.8093497800002,-0.7738499999999995,0,10,202.10999999999996,18,6,0.08938525958598491,7.908817712645302,11,[C]O[C](O[C][N]C1=[C][C]=[C]C2=C1[C]N(C2=O)[C]1[C][C]C(=O)[N]C1=O)[C][C][N]C(=O)[C][C]1N=C2C(=C1[C][C][N]C(=O)C(=O)/[C]=[C]/C1=[C]C(=[C][C]=C1Br)Br)[C]=C([C]=[C]2)O[C],pocket,1output_232_Fragments_.xyz
845.81952054,-0.19326000000000004,0,8,175.81,15,7,0.11577328322951727,7.911897323576092,9,[C]OC1=[C]C2=C([C][C][N]C(=O)C(=O)/[C]=[C]/C3=[C]C(=[C][C]=C3Br)Br)[C](N=C2[C]=[C]1)[C][C][C][C]1[N]O[C]([C]1)[C][N]C1=[C][C]=[C]C2=C1[C]N(C2=O)[C]1[C][C]C(=O)[N]C1=O,pocket,1output_233_Fragments_.xyz
893.8042644000002,-1.6732300000000002,0,9,240.51999999999998,16,6,0.06954583162841127,7.8223418402482,12,[C]OC1=[C]C2=C([C][C][N]C(=O)C(=O)/[C]=[C]/C3=[C]C(=[C][C]=C3Br)Br)[C](N=C2[C]=[C]1)[C][C][N]C(=O)[C]C([C]C(=O)[N]C1=[C][C]=[C]C2=C1[C]N(C2=O)[C]1[C][C]C(=O)[N]C1=O)([O])[O],pocket,1output_234_Fragments_.xyz
885.81443516,-0.6820500000000003,0,9,198.98,13,7,0.12221420857067145,7.908996286879413,12,[C]OC1=[C]C2=C([C][C][N]C(=O)C(=O)/[C]=[C]/C3=[C]C(=[C][C]=C3Br)Br)[C](N=C2[C]=[C]1)[C]C(=O)/N=C/1\[C][C]([C][C]C1=O)[C][N]C1=[C][C]=[C]C2=C1[C]N(C2=O)[C]1[C][C]C(=O)[N]C1=O,pocket,1output_235_Fragments_.xyz
875.8062757800001,-0.26235999999999976,0,9,198.67999999999998,14,7,0.11991911370727756,7.85573628675412,11,[C]OC1=[C]C2=C([C][C][N]C(=O)C(=O)/[C]=[C]/C3=[C]C(=[C][C]=C3Br)Br)[C](N=C2[C]=[C]1)[C][C]O[C]1[C][C]([C][C]1[O])C(=O)[N]C1=[C][C]=[C]C2=C1[C]N(C2=O)[C]1[C][C]C(=O)[N]C1=O,pocket,1output_236_Fragments_.xyz
851.8062757800001,-0.42494000000000015,0,9,198.68,16,6,0.0801097591114513,7.72825677099576,9,[C]OC1=[C]C2=C([C][C][N]C(=O)C(=O)/[C]=[C]/C3=[C]C(=[C][C]=C3Br)Br)[C](N=C2[C]=[C]1)[C][C][C](OC(=O)[C][C][N]C1=[C][C]=[C]C2=C1[C]N(C2=O)[C]1[C][C]C(=O)[N]C1=O)[O],pocket,1output_237_Fragments_.xyz
835.81136116,-0.30614000000000013,0,9,178.78,16,6,0.08170654643138182,7.773971764851532,8,[C]OC1=[C]C2=C([C][C][N]C(=O)C(=O)/[C]=[C]/C3=[C]C(=[C][C]=C3Br)Br)[C](N=C2[C]=[C]1)[C][C]O[C][C][C]C(=O)[N]C1=[C][C]=[C]C2=C1[C]N(C2=O)[C]1[C][C]C(=O)[N]C1=O,pocket,1output_23_Fragments_.xyz
863.80627578,0.15053999999999998,0,10,180.17000000000002,13,7,0.10014567788761237,4.824757158711965,10,O=C1[C][C][C](C(=O)[N]1)N1[C]C2=C(C1=O)[C]=[C][C]=C2[N][C]O[C][C]1[C]O[C]O[C]1.[C]OC1=[C]C2=C([C][C][N]C(=O)C(=O)/[C]=[C]/C3=[C]C(=[C][C]=C3Br)Br)[C](N=C2[C]=[C]1)[C],pocket,1output_240_Fragments_.xyz
859.8113611600002,0.30022999999999966,0,9,170.93999999999997,19,6,0.0717842329552705,7.974838656837793,10,[C]O[C]([C][C][N]C1=[C][C]=[C]C2=C1[C]N(C2=O)[C]1[C][C]C(=O)[N]C1=O)[C]O[C][C][C][C]1N=C2C(=C1[C][C][N]C(=O)C(=O)/[C]=[C]/C1=[C]C(=[C][C]=C1Br)Br)[C]=C([C]=[C]2)O[C],pocket,1output_241_Fragments_.xyz
835.8113611599999,-0.23232999999999945,0,9,178.77999999999997,13,6,0.09812652791854172,7.894343566127179,8,O=C([N]C1=[C][C]=[C]C2=C1[C]N(C2=O)[C]1[C][C]C(=O)[N]C1=O)[C][C]OC(=[C])[C].[C]OC1=[C]C2=C([C][C][N]C(=O)C(=O)/[C]=[C]/C3=[C]C(=[C][C]=C3Br)Br)[C]N=C2[C]=[C]1,pocket,1output_242_Fragments_.xyz
819.81644654,0.2060500000000009,0,8,161.71,15,7,0.09170812376733158,7.820991948936276,7,[C]OC1=[C]C2=C([C][C][N]C(=O)C(=O)/[C]=[C]/C3=[C]C(=[C][C]=C3Br)Br)[C](N=C2[C]=[C]1)[C][C]1[C][C]1O[C][C][N]C1=[C][C]=[C]C2=C1[C]N(C2=O)[C]1[C][C]C(=O)[N]C1=O,pocket,1output_243_Fragments_.xyz
861.81443516,-0.8446300000000001,0,10,198.98,15,6,0.08154234429993086,7.768429126923262,10,[C]OC1=[C]C2=C([C][C][N]C(=O)C(=O)/[C]=[C]/C3=[C]C(=[C][C]=C3Br)Br)[C](N=C2[C]=[C]1)[C]C(=O)[N][C]([C]C(=O)/[C]=N/C1=[C][C]=[C]C2=C1[C]N(C2=O)[C]1[C][C]C(=O)[N]C1=O)[C],pocket,1output_244_Fragments_.xyz
819.8164465400001,1.8988500000000017,0,8,161.70999999999998,16,6,0.0923604983934627,7.8088756652199915,7,[C]OC1=[C]C2=C([C]=[C]1)N=C([C]2[C][C][N]C(=O)C(=O)/[C]=[C]/C1=[C]C(=[C][C]=C1Br)Br)O[C][C][C][C][C][C][N]C1=[C][C]=[C]C2=C1[C]N(C2=O)[C]1[C][C]C(=O)[N]C1=O,pocket,1output_246_Fragments_.xyz
859.81136116,1.7921300000000018,0,7,184.84999999999997,16,7,0.09401022685086297,7.972811322336544,10,[O][C][C]([C][C]1[C]([C]1[O])[C]N1[C]=C(C2=C1[C]=[C]C(=[C]2)O[C])[C][C][N]C(=O)C(=O)/[C]=[C]/C1=[C]C(=[C][C]=C1Br)Br)[C][N]C1=[C][C]=[C]C2=C1[C]N(C2=O)[C]1[C][C]C(=O)[N]C1=O,pocket,1output_247_Fragments_.xyz
855.81644654,0.9418400000000016,0,8,161.71,15,7,0.07448707223407865,4.648176781708456,10,[C]OC1=[C]C2=C([C][C][N]C(=O)C(=O)/[C]=[C]/C3=[C]C(=[C][C]=C3Br)Br)[C](N=C2[C]=[C]1)[C][C][C]OC1=[C]C(=[C][C]=[C]1)[N]C1=[C][C]=[C]C2=C1[C]N(C2=O)[C]1[C][C]C(=O)[N]C1=O,pocket,1output_249_Fragments_.xyz
823.81136116,0.0563600000000008,0,9,170.94,17,6,0.07966830125944722,7.817649990894317,7,[C]OC1=[C]C2=C([C][C][N]C(=O)C(=O)/[C]=[C]/C3=[C]C(=[C][C]=C3Br)Br)[C](N=C2[C]=[C]1)[C]O[C][C]O[C][C][N]C1=[C][C]=[C]C2=C1[C]N(C2=O)[C]1[C][C]C(=O)[N]C1=O,pocket,1output_250_Fragments_.xyz
815.8215319200001,1.948440000000002,0,7,145.04999999999998,17,6,0.0690275805549035,7.961765075809401,7,[C]OC1=[C]C2=C([C]=[C]1)N([C]=C2[C][C][N]C(=O)C(=O)/[C]=[C]/C1=[C]C(=[C][C]=C1Br)Br)[C][C][C][C][C][C][C][N]C1=[C][C]=[C]C2=C1[C]N(C2=O)[C]1[C][C]C(=O)[N]C1=O,pocket,1output_251_Fragments_.xyz
869.8042644000002,-1.39202,0,9,232.68,16,6,0.07181324949009645,7.805494415384801,10,[C]OC1=[C]C2=C([C][C][N]C(=O)C(=O)/[C]=[C]/C3=[C]C(=[C][C]=C3Br)Br)[C](N=C2[C]=[C]1)[C][N]C(=O)[C]C(O[C][N]C1=[C][C]=[C]C2=C1[C]N(C2=O)[C]1[C][C]C(=O)[N]C1=O)([O])[O],pocket,1output_252_Fragments_.xyz
891.8011904000001,-0.7511399999999995,0,9,226.41999999999996,16,6,0.10080905704003226,7.77155163045799,12,[C]OC1=[C]C2=C([C][C][N]C(=O)C(=O)/[C]=[C]/C3=[C]C(=[C][C]=C3Br)Br)/C(=[C]/[C][C]([C][C](C(=O)[O])[C]C(=O)[N]C3=[C][C]=[C]C4=C3[C]N(C4=O)[C]3[C][C]C(=O)[N]C3=O)[O])/N=C2[C]=[C]1,pocket,1output_253_Fragments_.xyz
847.81136116,0.16854000000000097,0,8,181.61,18,6,0.07574249911223589,7.875244083372899,9,[C]OC1=[C]C2=C([C][C][N]C(=O)C(=O)/[C]=[C]/C3=[C]C(=[C][C]=C3Br)Br)[C](N=C2[C]=[C]1)[C][C]O[C][C][C]([C][C][N]C1=[C][C]=[C]C2=C1[C]N(C2=O)[C]1[C][C]C(=O)[N]C1=O)[O],pocket,1output_254_Fragments_.xyz
855.81644654,0.5237300000000011,0,8,161.71,13,7,0.10493262485643583,5.154326109365041,10,[C]OC1=[C]C2=C([C][C][N]C(=O)C(=O)/[C]=[C]/C3=[C]C(=[C][C]=C3Br)Br)[C](N=C2[C]=[C]1)[C]O/[C]=C\1/[C][C][C][C]([C]=[C]1)[N]C1=[C][C]=[C]C2=C1[C]N(C2=O)[C]1[C][C]C(=O)[N]C1=O,pocket,1output_255_Fragments_.xyz
859.81136116,0.013840000000000241,0,9,174.24,16,8,0.08392128706134898,7.065449164001896,10,[C]OC1=[C]C2=C([C][C][N]C(=O)C(=O)/[C]=[C]/C3=[C]C(=[C][C]=C3Br)Br)[C](N=C2[C]=[C]1)[C]O[C][C@@]1([C]O1)[C]1[C][C]1[C][N]C1=[C][C]=[C]C2=C1[C]N(C2=O)[C]1[C][C]C(=O)[N]C1=O,pocket,1output_256_Fragments_.xyz
863.8062757800002,0.9626600000000021,0,9,191.24999999999997,14,7,0.1017749967705387,7.079166266122659,10,[C]OC1=[C]C2=C([C]=[C]1)N([C]=C2[C][C][N]C(=O)C(=O)/[C]=[C]/C1=[C]C(=[C][C]=C1Br)Br)[C][C@@]1([O])O[C][C]([C]1)C(=O)[C][N]C1=[C][C]=[C]C2=C1[C]N(C2=O)[C]1[C][C]C(=O)[N]C1=O,pocket,1output_258_Fragments_.xyz
857.81952054,0.2054600000000006,0,8,183.64999999999998,13,7,0.10461329214424536,7.962375408974545,10,[C]OC1=[C]C2=C([C][C][N]C(=O)C(=O)/[C]=[C]/C3=[C]C(=[C][C]=C3Br)Br)[C](N=C2[C]=[C]1)[C]C(=O)[N]C1=[C][C]=[C]C(=[C]1)[N]C1=[C][C]=[C]C2=C1[C]N(C2=O)[C]1[C][C]C(=O)[N]C1=O,pocket,1output_259_Fragments_.xyz
819.81644654,-0.2377399999999998,0,8,169.55,14,6,0.09365539530611693,7.8771519796949905,7,[C]C(=O)[C][C][C][C][N]C1=[C][C]=[C]C2=C1[C]N(C2=O)[C]1[C][C]C(=O)[N]C1=O.[C]OC1=[C]C2=C([C][C][N]C(=O)C(=O)/[C]=[C]/C3=[C]C(=[C][C]=C3Br)Br)[C]N=C2[C]=[C]1,pocket,1output_25_Fragments_.xyz
839.8062757800002,1.236970000000001,0,10,188.01,15,6,0.07136203332863959,7.70386407254384,8,[C]OC1=[C]C2=C([C]=[C]1)N=C([C]2[C][C][N]C(=O)C(=O)/[C]=[C]/C1=[C]C(=[C][C]=C1Br)Br)O[C][C]OC(=O)[C][C][N]C1=[C][C]=[C]C2=C1[C]N(C2=O)[C]1[C][C]C(=O)[N]C1=O,pocket,1output_261_Fragments_.xyz
863.78851754,1.009350000000001,0,9,161.71,14,7,0.1319530888593954,7.926410688960707,9,[C]OC1=[C]C2=C([C][C][N]C(=O)C(=O)/[C]=[C]/C3=[C]C(=[C][C]=C3Br)Br)[C](N=C2[C]=[C]1)[C]O[C]C1=[C][C]=[C][C](S1)[N]C1=[C][C]=[C]C2=C1[C]N(C2=O)[C]1[C][C]C(=O)[N]C1=O,pocket,1output_262_Fragments_.xyz
885.8144351600002,-0.46905999999999903,0,9,192.87999999999994,16,6,0.1047753918326682,3.587564999598574,12,[C]O[C][C](C(=O)[C])[C][N]C1=[C][C]=[C]C2=C1[C]N(C2=O)[C]1[C][C]C(=O)[N]C1=O.[C][C][N]/[C]=C/1\N=C2C(=C1[C][C][N]C(=O)C(=O)/[C]=[C]/C1=[C]C(=[C][C]=C1Br)Br)[C]=C([C]=[C]2)O[C],pocket,1output_263_Fragments_.xyz
823.81136116,0.0563600000000008,0,9,170.94,17,6,0.07966830125944722,7.817649990894318,7,[C]OC1=[C]C2=C([C][C][N]C(=O)C(=O)/[C]=[C]/C3=[C]C(=[C][C]=C3Br)Br)[C](N=C2[C]=[C]1)[C][C][C]O[C]O[C][N]C1=[C][C]=[C]C2=C1[C]N(C2=O)[C]1[C][C]C(=O)[N]C1=O,pocket,1output_264_Fragments_.xyz
867.8011904000002,0.5276800000000008,0,11,205.48999999999998,14,6,0.07442483393439733,7.727501626923262,10,[C]OC1=[C]C2=C([C]=[C]1)N([C]=C2[C][C][N]C(=O)C(=O)/[C]=[C]/C1=[C]C(=[C][C]=C1Br)Br)C(=O)[C][C]OC(=O)[C]C(=O)[N]C1=[C][C]=[C]C2=C1[C]N(C2=O)[C]1[C][C]C(=O)[N]C1=O,pocket,1output_266_Fragments_.xyz
885.81443516,-0.5932699999999996,0,8,203.54999999999998,18,7,0.09223781127020761,7.944566807376879,12,[C]OC1=[C]C2=C([C][C][N]C(=O)C(=O)/[C]=[C]/C3=[C]C(=[C][C]=C3Br)Br)[C](N=C2[C]=[C]1)[C][C]1[C][C]1[N][C][C]([N]C1=[C][C]=[C]C2=C1[C]N(C2=O)[C]1[C][C]C(=O)[N]C1=O)[C][C]C(=O)[O],pocket,1output_267_Fragments_.xyz
875.8062757800001,1.5130499999999998,0,9,191.24999999999997,14,7,0.10350483524951953,7.973018275497084,11,[O][C]/C(=[C]\[C]1[C]C(=O)[C](O1)[C][N]C1=[C][C]=[C]C2=C1[C]N(C2=O)[C]1[C][C]C(=O)[N]C1=O)/N1[C]=C(C2=C1[C]=[C]C(=[C]2)O[C])[C][C][N]C(=O)C(=O)/[C]=[C]/C1=[C]C(=[C][C]=C1Br)Br,pocket,1output_268_Fragments_.xyz
835.8113611600002,1.6799500000000016,0,8,174.17999999999998,17,6,0.06736810301727605,7.937602238224312,8,[C]OC1=[C]C2=C([C]=[C]1)N([C]=C2[C][C][N]C(=O)C(=O)/[C]=[C]/C1=[C]C(=[C][C]=C1Br)Br)[C][C]O[C][C]([C][C][N]C1=[C][C]=[C]C2=C1[C]N(C2=O)[C]1[C][C]C(=O)[N]C1=O)[O],pocket,1output_269_Fragments_.xyz
835.81136116,-0.30614000000000013,0,9,178.78,16,6,0.062067398833390644,7.743546616922537,8,[C]OC1=[C]C2=C([C][C][N]C(=O)C(=O)/[C]=[C]/C3=[C]C(=[C][C]=C3Br)Br)[C](N=C2[C]=[C]1)[C][C][C]C(=O)O[C][C][N]C1=[C][C]=[C]C2=C1[C]N(C2=O)[C]1[C][C]C(=O)[N]C1=O,pocket,1output_26_Fragments_.xyz
837.8144351600001,-0.8680300000000003,0,9,192.88,16,6,0.07697220649461353,7.774780344733189,8,[C]OC1=[C]C2=C([C][C][N]C(=O)C(=O)/[C]=[C]/C3=[C]C(=[C][C]=C3Br)Br)[C](N=C2[C]=[C]1)[C][N]C(=O)[C][C]O[C][N]C1=[C][C]=[C]C2=C1[C]N(C2=O)[C]1[C][C]C(=O)[N]C1=O,pocket,1output_270_Fragments_.xyz
823.81136116,0.0563600000000008,0,9,170.94,17,6,0.07966830125944722,7.817649990894317,7,[C]OC1=[C]C2=C([C][C][N]C(=O)C(=O)/[C]=[C]/C3=[C]C(=[C][C]=C3Br)Br)[C](N=C2[C]=[C]1)[C]O[C][C][C]O[C][N]C1=[C][C]=[C]C2=C1[C]N(C2=O)[C]1[C][C]C(=O)[N]C1=O,pocket,1output_271_Fragments_.xyz
847.81136116,-0.6686400000000003,0,9,186.61999999999998,17,6,0.09730084920198584,7.747724638571222,9,[C]OC1=[C]C2=C([C][C][N]C(=O)C(=O)/[C]=[C]/C3=[C]C(=[C][C]=C3Br)Br)[C](N=C2[C]=[C]1)[C][C]C(=O)[C]C(=O)[C][C][N]C1=[C][C]=[C]C2=C1[C]N(C2=O)[C]1[C][C]C(=O)[N]C1=O,pocket,1output_273_Fragments_.xyz
819.81644654,-0.23774000000000012,0,8,169.54999999999998,15,6,0.11589570038915054,7.74736581036896,7,[C]OC1=[C]C2=C([C][C][N]C(=O)C(=O)/[C]=[C]/C3=[C]C(=[C][C]=C3Br)Br)[C](N=C2[C]=[C]1)[C]/[C]=[C]/C(=O)[C][C][N]C1=[C][C]=[C]C2=C1[C]N(C2=O)[C]1[C][C]C(=O)[N]C1=O,pocket,1output_274_Fragments_.xyz
891.8011904000001,-0.6669399999999994,0,10,215.74999999999997,17,6,0.07266123592552189,7.8023808123604255,12,O=[C][C][C]([C][N]C1=[C][C]=[C]C2=C1[C]N(C2=O)[C]1[C][C]C(=O)[N]C1=O)[C]OC(=O)[C](/[C]=C/1\N=C2C(=C1[C][C][N]C(=O)C(=O)/[C]=[C]/C1=[C]C(=[C][C]=C1Br)Br)[C]=C([C]=[C]2)O[C])[O],pocket,1output_275_Fragments_.xyz
835.81136116,-0.24953999999999948,0,7,192.28,16,6,0.06284047287925149,7.831566937594422,8,[C]OC1=[C]C2=C([C][C][N]C(=O)C(=O)/[C]=[C]/C3=[C]C(=[C][C]=C3Br)Br)[C](N=C2[C]=[C]1)[C][C][C][C]C([C][N]C1=[C][C]=[C]C2=C1[C]N(C2=O)[C]1[C][C]C(=O)[N]C1=O)([O])[O],pocket,1output_277_Fragments_.xyz
803.82153192,0.2744500000000009,0,7,152.48,15,6,0.09320484350913054,7.800864772758091,6,[C]OC1=[C]C2=C([C][C][N]C(=O)C(=O)/[C]=[C]/C3=[C]C(=[C][C]=C3Br)Br)[C](N=C2[C]=[C]1)[C]/[C]=[C]/[C][C][C][N]C1=[C][C]=[C]C2=C1[C]N(C2=O)[C]1[C][C]C(=O)[N]C1=O,pocket,1output_279_Fragments_.xyz
907.7783467800002,2.085540000000002,0,9,194.07999999999998,15,7,0.07491598474279942,5.241405892497719,12,[C]OC1=[C]C2=C([C]=[C]1)N([C]=C2[C][C][N]C(=O)C(=O)/[C]=[C]/C1=[C]C(=[C][C]=C1Br)Br)[C][C]O[C]1[C][C](S[C]1C([O])([O])[C])[N]C1=[C][C]=[C]C2=C1[C]N(C2=O)[C]1[C][C]C(=O)[N]C1=O,pocket,1output_27_Fragments_.xyz
887.80627578,-0.06912999999999875,0,10,195.84999999999997,12,7,0.061557131338814915,7.85740982902589,12,[C]OC1=[C]C2=C([C][C][N]C(=O)C(=O)/[C]=[C]/C3=[C]C(=[C][C]=C3Br)Br)/C(=[C]/C(=O)OC3=[C][C]=C([C]=[C]3)C(=O)[N]C3=[C][C]=[C]C4=C3[C]N(C4=O)[C]3[C][C]C(=O)[N]C3=O)/N=C2[C]=[C]1,pocket,1output_281_Fragments_.xyz
823.8113611600002,1.5986600000000015,0,8,174.17999999999998,16,6,0.07144355477788895,7.890485267382536,7,[C]OC1=[C]C2=C([C]=[C]1)N([C]=C2[C][C][N]C(=O)C(=O)/[C]=[C]/C1=[C]C(=[C][C]=C1Br)Br)[C][C][C]([C]O[C][N]C1=[C][C]=[C]C2=C1[C]N(C2=O)[C]1[C][C]C(=O)[N]C1=O)[O],pocket,1output_282_Fragments_.xyz
851.8062757800002,1.2181600000000017,0,10,180.57999999999998,16,6,0.06936504349749147,7.880946547042498,9,[C]OC1=[C]C2=C([C]=[C]1)N([C]=C2[C][C][N]C(=O)C(=O)/[C]=[C]/C1=[C]C(=[C][C]=C1Br)Br)[C]O[C]([C]OC(=O)[C][N]C1=[C][C]=[C]C2=C1[C]N(C2=O)[C]1[C][C]C(=O)[N]C1=O)[C],pocket,1output_283_Fragments_.xyz
819.81644654,0.06687000000000082,0,9,167.80999999999997,14,6,0.09605569514483683,7.7180192040341185,7,[C]OC1=[C]C2=C([C][C][N]C(=O)C(=O)/[C]=[C]/C3=[C]C(=[C][C]=C3Br)Br)[C](N=C2[C]=[C]1)[C]/[C]=[C]/[C]C(=O)/[C]=N/C1=[C][C]=[C]C2=C1[C]N(C2=O)[C]1[C][C]C(=O)[N]C1=O,pocket,1output_284_Fragments_.xyz
819.8164465400001,1.7987500000000016,0,8,154.27999999999997,17,6,0.06818106202562318,7.946053287597614,7,[C]OC1=[C]C2=C([C]=[C]1)N([C]=C2[C][C][N]C(=O)C(=O)/[C]=[C]/C1=[C]C(=[C][C]=C1Br)Br)[C][C]O[C][C][C][C][N]C1=[C][C]=[C]C2=C1[C]N(C2=O)[C]1[C][C]C(=O)[N]C1=O,pocket,1output_288_Fragments_.xyz
803.82153192,0.2744500000000009,0,7,152.48,15,6,0.09320484350913054,7.800864772758091,6,[C]OC1=[C]C2=C([C][C][N]C(=O)C(=O)/[C]=[C]/C3=[C]C(=[C][C]=C3Br)Br)[C](N=C2[C]=[C]1)[C]/[C]=[C]/[C][C][C][N]C1=[C][C]=[C]C2=C1[C]N(C2=O)[C]1[C][C]C(=O)[N]C1=O,pocket,1output_289_Fragments_.xyz
833.8195205400001,1.4920599999999997,0,8,175.81,14,6,0.10237890246399302,7.871895137632597,8,[C]/[C]=C(/[C][N]C1=[C][C]=[C]C2=C1[C]N(C2=O)[C]1[C][C]C(=O)[N]C1=O)\O/[C]=[C]/[N]C1=NC2=C([C]1[C][C][N]C(=O)C(=O)/[C]=[C]/C1=[C]C(=[C][C]=C1Br)Br)[C]=C([C]=[C]2)O[C],pocket,1output_28_Fragments_.xyz
857.8195205400001,1.036940000000002,0,8,176.21999999999997,13,7,0.10969280684480559,5.333598878983439,10,[C]OC1=[C]C2=C([C]=[C]1)N([C]=C2[C][C][N]C(=O)C(=O)/[C]=[C]/C1=[C]C(=[C][C]=C1Br)Br)[C]C(=O)[N][C]1[C][C][C]([C][C]1)[N]C1=[C][C]=[C]C2=C1[C]N(C2=O)[C]1[C][C]C(=O)[N]C1=O,pocket,1output_290_Fragments_.xyz
893.8042644000001,-1.7298300000000004,0,11,227.01999999999998,16,6,0.08973950394076917,7.769123351748748,12,[C]OC1=[C]C2=C([C][C][N]C(=O)C(=O)/[C]=[C]/C3=[C]C(=[C][C]=C3Br)Br)[C](N=C2[C]=[C]1)[C]O[C]C(=O)[N]C(=O)[C][C]C(=O)[N]C1=[C][C]=[C]C2=C1[C]N(C2=O)[C]1[C][C]C(=O)[N]C1=O,pocket,1output_291_Fragments_.xyz
847.81136116,0.41105000000000097,0,9,178.78,16,6,0.08616633785790763,7.7893178134164405,9,[C]OC1=[C]C2=C([C][C][N]C(=O)C(=O)/[C]=[C]/C3=[C]C(=[C][C]=C3Br)Br)[C](N=C2[C]=[C]1)[C][C][C][C][C][C]OC(=O)[N]C1=[C][C]=[C]C2=C1[C]N(C2=O)[C]1[C][C]C(=O)[N]C1=O,pocket,1output_292_Fragments_.xyz
873.81443516,0.22146000000000104,0,9,193.96999999999997,15,7,0.09025191021603868,7.908577574490774,11,[O][C]C1=C(O[C][C][C][C]2N=C3C(=C2[C][C][N]C(=O)C(=O)/[C]=[C]/C2=[C]C(=[C][C]=C2Br)Br)[C]=C([C]=[C]3)O[C])[C]C(=N1)[N]C1=[C][C]=[C]C2=C1[C]N(C2=O)[C]1[C][C]C(=O)[N]C1=O,pocket,1output_293_Fragments_.xyz
855.8011904000001,-0.5746300000000003,0,10,207.91,16,6,0.059349111828105296,7.707065144900337,9,[C]OC1=[C]C2=C([C][C][N]C(=O)C(=O)/[C]=[C]/C3=[C]C(=[C][C]=C3Br)Br)[C](N=C2[C]=[C]1)C(=O)O[C][C][C]([C]O[N]C1=[C][C]=[C]C2=C1[C]N(C2=O)[C]1[C][C]C(=O)[N]C1=O)[O],pocket,1output_294_Fragments_.xyz
875.8062757800002,0.23183000000000023,0,10,180.16999999999996,20,6,0.06653884915471221,7.995521350714551,11,[C]O[C][C](O[C][C][N]C1=[C][C]=[C]C2=C1[C]N(C2=O)[C]1[C][C]C(=O)[N]C1=O)[C]O[C][C][C]1N=C2C(=C1[C][C][N]C(=O)C(=O)/[C]=[C]/C1=[C]C(=[C][C]=C1Br)Br)[C]=C([C]=[C]2)O[C],pocket,1output_295_Fragments_.xyz
805.8246059200002,1.4791700000000014,0,7,166.57999999999998,13,6,0.08347893690037078,7.786780208315911,6,[C]OC1=[C]C2=C([C]=[C]1)N=C([C]2[C][C][N]C(=O)C(=O)/[C]=[C]/C1=[C]C(=[C][C]=C1Br)Br)[N][C][C][C]=C=[C][N]C1=[C][C]=[C]C2=C1[C]N(C2=O)[C]1[C][C]C(=O)[N]C1=O,pocket,1output_296_Fragments_.xyz
803.82153192,0.2744500000000009,0,7,152.48,16,6,0.08784645936324385,7.800864772758091,6,[C]OC1=[C]C2=C([C][C][N]C(=O)C(=O)/[C]=[C]/C3=[C]C(=[C][C]=C3Br)Br)[C](N=C2[C]=[C]1)[C][C][C][C][C][C][N]C1=[C][C]=[C]C2=C1[C]N(C2=O)[C]1[C][C]C(=O)[N]C1=O,pocket,1output_297_Fragments_.xyz
863.8062757800001,-0.39404999999999984,0,8,209.35,17,6,0.0996288130257156,7.787487492307878,10,[C]OC1=[C]C2=C([C][C][N]C(=O)C(=O)/[C]=[C]/C3=[C]C(=[C][C]=C3Br)Br)[C](N=C2[C]=[C]1)[C][C]([C]C(=O)[C][C]([C][N]C1=[C][C]=[C]C2=C1[C]N(C2=O)[C]1[C][C]C(=O)[N]C1=O)[O])[O],pocket,1output_298_Fragments_.xyz
855.8164465400001,2.6102500000000024,0,7,164.95,13,7,0.07652357419409846,5.872769433357973,10,[C]OC1=[C]C2=C([C]=[C]1)N([C]=C2[C][C][N]C(=O)C(=O)/[C]=[C]/C1=[C]C(=[C][C]=C1Br)Br)[C]/[C]=C(/C1=[C][C]=[C]C(=[C]1)[N]C1=[C][C]=[C]C2=C1[C]N(C2=O)[C]1[C][C]C(=O)[N]C1=O)\[O],pocket,1output_299_Fragments_.xyz
859.81136116,0.3002300000000015,0,9,170.94,19,6,0.0717842329552705,7.962744639743775,10,[C]O[C][C](O[C][C][C][C]1N=C2C(=C1[C][C][N]C(=O)C(=O)/[C]=[C]/C1=[C]C(=[C][C]=C1Br)Br)[C]=C([C]=[C]2)O[C])[C][C][N]C1=[C][C]=[C]C2=C1[C]N(C2=O)[C]1[C][C]C(=O)[N]C1=O,pocket,1output_2_Fragments_.xyz
835.8113611600002,1.6799500000000016,0,8,174.17999999999998,14,7,0.10560419136198299,7.888846242805339,8,[C]OC1=[C]C2=C([C]=[C]1)N([C]=C2[C][C][N]C(=O)C(=O)/[C]=[C]/C1=[C]C(=[C][C]=C1Br)Br)[C]1[C][C](O1)[C][C]([C][N]C1=[C][C]=[C]C2=C1[C]N(C2=O)[C]1[C][C]C(=O)[N]C1=O)[O],pocket,1output_300_Fragments_.xyz
821.8195205400002,1.3717600000000016,0,8,168.01999999999998,13,8,0.10792341945825958,6.1610195780183235,7,[C]OC1=[C]C2=C([C]=[C]1)N1[C]([C]2[C][C][N]C(=O)C(=O)/[C]=[C]/C2=[C]C(=[C][C]=C2Br)Br)/C/1=N/[C][C][C]1O[C]1[N]C1=[C][C]=[C]C2=C1[C]N(C2=O)[C]1[C][C]C(=O)[N]C1=O,pocket,1output_301_Fragments_.xyz
819.81644654,-0.16392999999999897,0,8,169.55,14,6,0.09424344974850457,7.731555855617829,7,[C]OC1=[C]C2=C([C][C][N]C(=O)C(=O)/[C]=[C]/C3=[C]C(=[C][C]=C3Br)Br)/C(=[C]/[C][C][C][C]C(=O)[N]C3=[C][C]=[C]C4=C3[C]N(C4=O)[C]3[C][C]C(=O)[N]C3=O)/N=C2[C]=[C]1,pocket,1output_303_Fragments_.xyz
823.8113611600002,1.5098800000000014,0,10,169.60999999999996,15,6,0.0571714163968748,7.815632778694752,7,[C]OC1=[C]C2=C([C]=[C]1)N([C]=C2[C][C][N]C(=O)C(=O)/[C]=[C]/C1=[C]C(=[C][C]=C1Br)Br)[C][C]O[C]C(=O)/[C]=N/C1=[C][C]=[C]C2=C1[C]N(C2=O)[C]1[C][C]C(=O)[N]C1=O,pocket,1output_304_Fragments_.xyz
853.8093497800002,0.16208000000000128,0,9,213.18999999999997,15,6,0.09110642322636353,7.780343505594709,9,[C]OC1=[C]C2=C([C]=[C]1)N([C]=C2[C][C][N]C(=O)C(=O)/[C]=[C]/C1=[C]C(=[C][C]=C1Br)Br)[C]C(=O)[C]([N]C(=O)[C][N]C1=[C][C]=[C]C2=C1[C]N(C2=O)[C]1[C][C]C(=O)[N]C1=O)[O],pocket,1output_305_Fragments_.xyz
819.81644654,-0.23774000000000012,0,8,169.54999999999998,15,6,0.11589570038915054,7.74736581036896,7,[C]OC1=[C]C2=C([C][C][N]C(=O)C(=O)/[C]=[C]/C3=[C]C(=[C][C]=C3Br)Br)[C](N=C2[C]=[C]1)[C]/[C]=[C]/C(=O)[C][C][N]C1=[C][C]=[C]C2=C1[C]N(C2=O)[C]1[C][C]C(=O)[N]C1=O,pocket,1output_306_Fragments_.xyz
847.81136116,1.7612400000000015,0,8,174.17999999999998,17,6,0.06741117070838874,7.99042142532877,9,[C][C][C]([C]([C]O[C][C]N1[C]=C(C2=C1[C]=[C]C(=[C]2)O[C])[C][C][N]C(=O)C(=O)/[C]=[C]/C1=[C]C(=[C][C]=C1Br)Br)[O])[N]C1=[C][C]=[C]C2=C1[C]N(C2=O)[C]1[C][C]C(=O)[N]C1=O,pocket,1output_307_Fragments_.xyz
851.8062757800001,-0.12032999999999965,0,10,196.94,15,6,0.06634590354901033,7.710363684335586,9,[C]OC1=[C]C2=C([C][C][N]C(=O)C(=O)/[C]=[C]/C3=[C]C(=[C][C]=C3Br)Br)[C](N=C2[C]=[C]1)[C]C(=O)O[C][C][C](/[C]=N/C1=[C][C]=[C]C2=C1[C]N(C2=O)[C]1[C][C]C(=O)[N]C1=O)[O],pocket,1output_308_Fragments_.xyz
857.8195205400001,1.3415500000000022,0,9,174.47999999999996,13,7,0.08447483198291937,3.9993432533197453,10,[C]OC1=[C]C2=C([C]=[C]1)N([C]=C2[C][C][N]C(=O)C(=O)/[C]=[C]/C1=[C]C(=[C][C]=C1Br)Br)[C]1[C][C][C]([C]1)[C][N]C(=O)/[C]=N\C1=[C][C]=[C]C2=C1[C]N(C2=O)[C]1[C][C]C(=O)[N]C1=O,pocket,1output_309_Fragments_.xyz
885.8144351600001,-0.5932699999999996,0,8,203.54999999999995,17,7,0.09788191969488531,7.951018949246986,12,[O][C][C]([C]1[C][C]1[N]C1=[C][C]=[C]C2=C1[C]N(C2=O)[C]1[C][C]C(=O)[N]C1=O)[C][N]C(=O)[C][C][C]1N=C2C(=C1[C][C][N]C(=O)C(=O)/[C]=[C]/C1=[C]C(=[C][C]=C1Br)Br)[C]=C([C]=[C]2)O[C],pocket,1output_30_Fragments_.xyz
815.82153192,0.355740000000001,0,7,152.48,17,6,0.08310540610319933,7.849073567317894,7,[C]OC1=[C]C2=C([C][C][N]C(=O)C(=O)/[C]=[C]/C3=[C]C(=[C][C]=C3Br)Br)[C](N=C2[C]=[C]1)[C][C][C][C][C][C][C][N]C1=[C][C]=[C]C2=C1[C]N(C2=O)[C]1[C][C]C(=O)[N]C1=O,pocket,1output_310_Fragments_.xyz
883.7961050200003,0.8526700000000016,0,11,217.54999999999998,16,6,0.050829565739787565,7.803547158771524,11,[C]OC1=[C]C2=C([C]=[C]1)N([C]=C2[C][C][N]C(=O)C(=O)/[C]=[C]/C1=[C]C(=[C][C]=C1Br)Br)C(=O)[C]([C]C(=O)O[C]O[C][N]C1=[C][C]=[C]C2=C1[C]N(C2=O)[C]1[C][C]C(=O)[N]C1=O)[O],pocket,1output_312_Fragments_.xyz
807.8164465400001,1.8175600000000018,0,8,161.70999999999998,14,6,0.07896461176799804,7.7598682368436736,6,[C]OC1=[C]C2=C([C]=[C]1)N=C([C]2[C][C][N]C(=O)C(=O)/[C]=[C]/C1=[C]C(=[C][C]=C1Br)Br)O/[C]=[C]/[C][C][C][N]C1=[C][C]=[C]C2=C1[C]N(C2=O)[C]1[C][C]C(=O)[N]C1=O,pocket,1output_314_Fragments_.xyz
891.8011904000001,-0.28035999999999955,0,11,197.23999999999998,19,6,0.06685364417084817,7.895202367026811,12,[C][C]O[C](O[C][C]1N=C2C(=C1[C][C][N]C(=O)C(=O)/[C]=[C]/C1=[C]C(=[C][C]=C1Br)Br)[C]=C([C]=[C]2)O[C])[C][C]OC(=O)[C][N]C1=[C][C]=[C]C2=C1[C]N(C2=O)[C]1[C][C]C(=O)[N]C1=O,pocket,1output_315_Fragments_.xyz
839.8062757800002,1.5415800000000013,0,11,186.26999999999998,14,6,0.044186473807824846,7.675081824023129,8,[C]OC1=[C]C2=C([C]=[C]1)N=C([C]2[C][C][N]C(=O)C(=O)/[C]=[C]/C1=[C]C(=[C][C]=C1Br)Br)O[C][C][C]C(=O)O/[C]=N/C1=[C][C]=[C]C2=C1[C]N(C2=O)[C]1[C][C]C(=O)[N]C1=O,pocket,1output_316_Fragments_.xyz
821.8195205400002,1.336960000000002,0,8,175.81,16,6,0.09069729638855217,7.838468672212999,7,[C]OC1=[C]C2=C([C]=[C]1)N=C([C]2[C][C][N]C(=O)C(=O)/[C]=[C]/C1=[C]C(=[C][C]=C1Br)Br)[N][C][C][C]O[C][C][N]C1=[C][C]=[C]C2=C1[C]N(C2=O)[C]1[C][C]C(=O)[N]C1=O,pocket,1output_317_Fragments_.xyz
873.81443516,-0.36713,0,9,200.71999999999997,12,7,0.10434326116974725,7.854261333658436,11,[C]OC1=[C]C2=C([C][C][N]C(=O)C(=O)/[C]=[C]/C3=[C]C(=[C][C]=C3Br)Br)[C](N=C2[C]=[C]1)C(=O)[N]C(=O)C1=[C][C]=C([C]=[C]1)[N]C1=[C][C]=[C]C2=C1[C]N(C2=O)[C]1[C][C]C(=O)[N]C1=O,pocket,1output_318_Fragments_.xyz
839.82153192,0.9536400000000016,0,7,152.48,14,7,0.10488116668712692,4.0183855503874994,9,[C]OC1=[C]C2=C([C][C][N]C(=O)C(=O)/[C]=[C]/C3=[C]C(=[C][C]=C3Br)Br)[C](N=C2[C]=[C]1)[C][C][C]C1=[C][C]=C([C]=[C]1)[N]C1=[C][C]=[C]C2=C1[C]N(C2=O)[C]1[C][C]C(=O)[N]C1=O,pocket,1output_319_Fragments_.xyz
847.81136116,-0.2752499999999994,0,8,189.45,17,6,0.07734803991005865,7.7767297018623625,9,[C]OC1=[C]C2=C([C][C][N]C(=O)C(=O)/[C]=[C]/C3=[C]C(=[C][C]=C3Br)Br)[C](N=C2[C]=[C]1)[C][C][C][C][C](C(=O)[C][N]C1=[C][C]=[C]C2=C1[C]N(C2=O)[C]1[C][C]C(=O)[N]C1=O)[O],pocket,1output_31_Fragments_.xyz
881.78650616,-0.13853999999999972,0,10,192.88,14,7,0.09181675876835359,7.77107455427369,10,[C]OC1=[C]C2=C([C][C][N]C(=O)C(=O)/[C]=[C]/C3=[C]C(=[C][C]=C3Br)Br)[C](N=C2[C]=[C]1)[C][C]OC(=O)[C]1[N][C][C](S1)[N]C1=[C][C]=[C]C2=C1[C]N(C2=O)[C]1[C][C]C(=O)[N]C1=O,pocket,1output_320_Fragments_.xyz
839.8062757800001,-0.4558300000000003,0,10,188.01000000000002,16,6,0.06053054022368574,7.728036261892953,8,[C]OC1=[C]C2=C([C][C][N]C(=O)C(=O)/[C]=[C]/C3=[C]C(=[C][C]=C3Br)Br)[C](N=C2[C]=[C]1)[C]O[C][C]C(=O)O[C][N]C1=[C][C]=[C]C2=C1[C]N(C2=O)[C]1[C][C]C(=O)[N]C1=O,pocket,1output_321_Fragments_.xyz
831.8164465399999,-0.08263999999999888,0,8,169.55,16,6,0.08420550958224489,7.789482119881118,8,[C]OC1=[C]C2=C([C][C][N]C(=O)C(=O)/[C]=[C]/C3=[C]C(=[C][C]=C3Br)Br)/C(=[C]/[C][C][C]C(=O)[C][C][N]C3=[C][C]=[C]C4=C3[C]N(C4=O)[C]3[C][C]C(=O)[N]C3=O)/N=C2[C]=[C]1,pocket,1output_322_Fragments_.xyz
871.8113611600002,2.1663300000000016,0,9,171.34999999999997,12,7,0.09030743903853129,5.295511959330766,11,[C]OC1=[C]C2=C([C]=[C]1)N([C]=C2[C][C][N]C(=O)C(=O)/[C]=[C]/C1=[C]C(=[C][C]=C1Br)Br)[C][C]1[C][C][C][C]([C][C]1)OC(=O)[N]C1=[C][C]=[C]C2=C1[C]N(C2=O)[C]1[C][C]C(=O)[N]C1=O,pocket,1output_323_Fragments_.xyz
855.8164465400001,2.1016400000000024,0,7,164.95,14,7,0.09438517907944381,5.872769433357973,10,[C]OC1=[C]C2=C([C]=[C]1)N([C]=C2[C][C][N]C(=O)C(=O)/[C]=[C]/C1=[C]C(=[C][C]=C1Br)Br)[C]C1=[C][C]=C([C]=[C]1)[C]([C][N]C1=[C][C]=[C]C2=C1[C]N(C2=O)[C]1[C][C]C(=O)[N]C1=O)[O],pocket,1output_324_Fragments_.xyz
861.81443516,-0.11994999999999938,0,8,203.54999999999998,14,7,0.12209699669116593,7.8456434293599555,10,[C]OC1=[C]C2=C([C][C][N]C(=O)C(=O)/[C]=[C]/C3=[C]C(=[C][C]=C3Br)Br)[C](N=C2[C]=[C]1)[C]1[C][C]1[C][C][C]([N]C(=O)[N]C1=[C][C]=[C]C2=C1[C]N(C2=O)[C]1[C][C]C(=O)[N]C1=O)[O],pocket,1output_328_Fragments_.xyz
887.8062757800001,-0.13066999999999923,0,10,188.01,14,7,0.12080073186976722,4.6214841583024695,12,[C]OC1=[C]C2=C([C][C][N]C(=O)C(=O)/[C]=[C]/C3=[C]C(=[C][C]=C3Br)Br)[C](N=C2[C]=[C]1)[C][C][C]1O[C]O[C]([C][C]C1=O)[C][N]C1=[C][C]=[C]C2=C1[C]N(C2=O)[C]1[C][C]C(=O)[N]C1=O,pocket,1output_32_Fragments_.xyz
839.8062757800002,1.834870000000002,0,10,181.67,16,6,0.05389046991986257,7.880750463076384,8,[C]OC1=[C]C2=C([C]=[C]1)N([C]=C2[C][C][N]C(=O)C(=O)/[C]=[C]/C1=[C]C(=[C][C]=C1Br)Br)[C]O[C][C]O[C](/[C]=N/C1=[C][C]=[C]C2=C1[C]N(C2=O)[C]1[C][C]C(=O)[N]C1=O)[O],pocket,1output_330_Fragments_.xyz
883.81136116,0.6104300000000011,0,9,170.94,16,7,0.11456314230390274,5.1427761725546635,12,[C]OC1=[C]C2=C([C][C][N]C(=O)C(=O)/[C]=[C]/C3=[C]C(=[C][C]=C3Br)Br)[C](N=C2[C]=[C]1)[C]O[C][C]1OC(=[C]C(=[C]1)[C])[C][C][N]C1=[C][C]=[C]C2=C1[C]N(C2=O)[C]1[C][C]C(=O)[N]C1=O,pocket,1output_332_Fragments_.xyz
819.8164465400001,1.8988500000000017,0,8,161.70999999999998,16,6,0.0923604983934627,7.8088756652199915,7,[C]OC1=[C]C2=C([C]=[C]1)N=C([C]2[C][C][N]C(=O)C(=O)/[C]=[C]/C1=[C]C(=[C][C]=C1Br)Br)O[C][C][C][C][C][C][N]C1=[C][C]=[C]C2=C1[C]N(C2=O)[C]1[C][C]C(=O)[N]C1=O,pocket,1output_333_Fragments_.xyz
867.8164465400001,2.1829300000000025,0,7,164.95,15,7,0.08900046866874452,6.190670283226922,11,[C]OC1=[C]C2=C([C]=[C]1)N([C]=C2[C][C][N]C(=O)C(=O)/[C]=[C]/C1=[C]C(=[C][C]=C1Br)Br)[C][C](C1=[C][C]=[C]C(=[C]1)[C][C][N]C1=[C][C]=[C]C2=C1[C]N(C2=O)[C]1[C][C]C(=O)[N]C1=O)[O],pocket,1output_334_Fragments_.xyz
851.8062757800001,-0.8055499999999997,0,9,206.88,15,6,0.08168343657597271,7.797324005349732,9,O=C1[C][C][C](C(=O)[N]1)N1[C]C2=C(C1=O)[C]=[C][C]=[C]2.[C]OC1=[C]C2=C([C][C][N]C(=O)C(=O)/[C]=[C]/C3=[C]C(=[C][C]=C3Br)Br)[C](N=C2[C]=[C]1)[C][C]O[C][C]([C]C(=O)[N])[O],pocket,1output_335_Fragments_.xyz
803.82153192,0.2744500000000009,0,7,152.48,15,6,0.09320484350913054,7.800864772758091,6,[C]OC1=[C]C2=C([C][C][N]C(=O)C(=O)/[C]=[C]/C3=[C]C(=[C][C]=C3Br)Br)[C](N=C2[C]=[C]1)[C]/[C]=[C]/[C][C][C][N]C1=[C][C]=[C]C2=C1[C]N(C2=O)[C]1[C][C]C(=O)[N]C1=O,pocket,1output_336_Fragments_.xyz
819.81644654,0.2060500000000009,0,8,161.71,17,6,0.08145502288846507,7.833361779106106,7,[C]OC1=[C]C2=C([C][C][N]C(=O)C(=O)/[C]=[C]/C3=[C]C(=[C][C]=C3Br)Br)[C](N=C2[C]=[C]1)[C][C][C][C][C]O[C][N]C1=[C][C]=[C]C2=C1[C]N(C2=O)[C]1[C][C]C(=O)[N]C1=O,pocket,1output_338_Fragments_.xyz
885.81443516,-0.057449999999998946,0,9,193.96999999999997,13,7,0.07548320756819157,7.127174831270099,12,[C]OC1=[C]C2=C([C][C][N]C(=O)C(=O)/[C]=[C]/C3=[C]C(=[C][C]=C3Br)Br)/C(=[C]/O[C@@]([C][C]3N=C([C][C]3[C])[N]C3=[C][C]=[C]C4=C3[C]N(C4=O)[C]3[C][C]C(=O)[N]C3=O)([O])[C])/N=C2[C]=[C]1,pocket,1output_339_Fragments_.xyz
843.8164465400001,2.0876500000000022,0,9,160.37999999999997,12,7,0.1200223985741429,7.9481314563772525,9,[C]OC1=[C]C2=C([C]=[C]1)N([C]=C2[C][C][N]C(=O)C(=O)/[C]=[C]/C1=[C]C(=[C][C]=C1Br)Br)C(=O)[C][C][C]1[C][C]/C(=N\C2=[C][C]=[C]C3=C2[C]N(C3=O)[C]2[C][C]C(=O)[N]C2=O)/[C]1,pocket,1output_33_Fragments_.xyz
835.81136116,0.0872500000000009,0,8,181.61,17,6,0.07997543647243381,7.8263554926621826,8,[C]OC1=[C]C2=C([C][C][N]C(=O)C(=O)/[C]=[C]/C3=[C]C(=[C][C]=C3Br)Br)[C](N=C2[C]=[C]1)[C][C]([C][C][C]O[C][N]C1=[C][C]=[C]C2=C1[C]N(C2=O)[C]1[C][C]C(=O)[N]C1=O)[O],pocket,1output_341_Fragments_.xyz
879.8164465400001,0.7766300000000007,0,8,161.70999999999998,16,7,0.09137024067666569,5.905241324811799,12,[C][C]C1=[C]C(=[C]C(=[C]1)[C][N]C1=[C][C]=[C]C2=C1[C]N(C2=O)[C]1[C][C]C(=O)[N]C1=O)[C]O[C][C]1N=C2C(=C1[C][C][N]C(=O)C(=O)/[C]=[C]/C1=[C]C(=[C][C]=C1Br)Br)[C]=C([C]=[C]2)O[C],pocket,1output_342_Fragments_.xyz
819.81644654,0.2060500000000009,0,8,161.71,17,6,0.08145502288846507,7.833361779106106,7,[C]OC1=[C]C2=C([C][C][N]C(=O)C(=O)/[C]=[C]/C3=[C]C(=[C][C]=C3Br)Br)[C](N=C2[C]=[C]1)[C][C]O[C][C][C][C][N]C1=[C][C]=[C]C2=C1[C]N(C2=O)[C]1[C][C]C(=O)[N]C1=O,pocket,1output_343_Fragments_.xyz
803.82153192,0.2744500000000009,0,7,152.48,16,6,0.08784645936324385,7.800864772758091,6,[C]OC1=[C]C2=C([C][C][N]C(=O)C(=O)/[C]=[C]/C3=[C]C(=[C][C]=C3Br)Br)[C](N=C2[C]=[C]1)[C][C][C][C][C][C][N]C1=[C][C]=[C]C2=C1[C]N(C2=O)[C]1[C][C]C(=O)[N]C1=O,pocket,1output_345_Fragments_.xyz
817.8246059200002,1.5604600000000015,0,7,166.57999999999998,14,6,0.0787740947513195,7.835263377507704,7,[C]OC1=[C]C2=C([C]=[C]1)N=C([C]2[C][C][N]C(=O)C(=O)/[C]=[C]/C1=[C]C(=[C][C]=C1Br)Br)[N][C][C]=C=[C][C][C][N]C1=[C][C]=[C]C2=C1[C]N(C2=O)[C]1[C][C]C(=O)[N]C1=O,pocket,1output_346_Fragments_.xyz
823.81136116,-0.08281999999999973,0,10,177.04,14,6,0.054167272393056215,7.663278027563531,7,[C]OC1=[C]C2=C([C][C][N]C(=O)C(=O)/[C]=[C]/C3=[C]C(=[C][C]=C3Br)Br)[C](N=C2[C]=[C]1)[C][C][C]OC(=O)/[C]=N/C1=[C][C]=[C]C2=C1[C]N(C2=O)[C]1[C][C]C(=O)[N]C1=O,pocket,1output_347_Fragments_.xyz
859.81136116,0.7921500000000006,0,9,170.94,15,7,0.07317886251368626,4.096747410707355,10,[C]OC1=[C]C2=C([C][C][N]C(=O)C(=O)/[C]=[C]/C3=[C]C(=[C][C]=C3Br)Br)[C](N=C2[C]=[C]1)[C]O[C]OC1=[C][C]=C([C]=[C]1)[N]C1=[C][C]=[C]C2=C1[C]N(C2=O)[C]1[C][C]C(=O)[N]C1=O,pocket,1output_348_Fragments_.xyz
821.8195205400002,0.8931700000000007,0,8,183.64999999999998,13,6,0.13938979640959265,7.744601104486607,7,[C]OC1=[C]C2=C([C]=[C]1)N=C([C]2[C][C][N]C(=O)C(=O)/[C]=[C]/C1=[C]C(=[C][C]=C1Br)Br)[N]/[C]=[C]/[C][C]C(=O)[N]C1=[C][C]=[C]C2=C1[C]N(C2=O)[C]1[C][C]C(=O)[N]C1=O,pocket,1output_34_Fragments_.xyz
863.7997509200001,-0.3981400000000002,0,8,180.67999999999998,17,6,0.05826504770681467,7.875516652313392,9,[C]OC1=[C]C2=C([C][C][N]C(=O)C(=O)/[C]=[C]/C3=[C]C(=[C][C]=C3Br)Br)[C](N=C2[C]=[C]1)[C][C][N][C][C][N]C(=S)[C][N]C1=[C][C]=[C]C2=C1[C]N(C2=O)[C]1[C][C]C(=O)[N]C1=O,pocket,1output_350_Fragments_.xyz
883.82259454,1.4975300000000018,0,9,180.54999999999998,13,7,0.06419066377539911,6.13731701127818,12,[C][C]/C(=N\[C]1[C][C]N([C][C]1[O])[C]N1[C]=C(C2=C1[C]=[C]C(=[C]2)O[C])[C][C][N]C(=O)C(=O)/[C]=[C]/C1=[C]C(=[C][C]=C1Br)Br)/[N]C1=[C][C]=[C]C2=C1[C]N(C2=O)[C]1[C][C]C(=O)[N]C1=O,pocket,1output_351_Fragments_.xyz
863.8062757800001,1.6928399999999997,0,9,183.40999999999997,19,6,0.05908478168517833,2.8621471849604,10,[O][C][C][C](O[C][N]C1=[C][C]=[C]C2=C1[C]N(C2=O)[C]1[C][C]C(=O)[N]C1=O)O[C][C][C]N1[C]=C(C2=C1[C]=[C]C(=[C]2)O[C])[C][C][N]C(=O)C(=O)/[C]=[C]/C1=[C]C(=[C][C]=C1Br)Br,pocket,1output_352_Fragments_.xyz
873.8144351600001,0.5247500000000016,0,9,193.28999999999996,13,7,0.10550615064885129,7.934678782063689,11,[C]OC1=[C]C2=C([C]=[C]1)N([C]=C2[C][C][N]C(=O)C(=O)/[C]=[C]/C1=[C]C(=[C][C]=C1Br)Br)[C]C(=O)[C]1[C][C]=[C][C]([N]1)C(=O)[N]C1=[C][C]=[C]C2=C1[C]N(C2=O)[C]1[C][C]C(=O)[N]C1=O,pocket,1output_353_Fragments_.xyz
845.8195205400001,1.9367500000000013,0,9,159.20999999999998,15,7,0.06745919300610366,5.599301746471335,9,[C]OC1=[C]C2=C([C]=[C]1)N([C]=C2[C][C][N]C(=O)C(=O)/[C]=[C]/C1=[C]C(=[C][C]=C1Br)Br)[C][C]O[C]N1[C]=[C]C(=[C]1)[N]C1=[C][C]=[C]C2=C1[C]N(C2=O)[C]1[C][C]C(=O)[N]C1=O,pocket,1output_356_Fragments_.xyz
833.8195205400002,1.3678500000000016,0,7,186.48,16,6,0.09080775587399585,7.846907267810112,8,[C]OC1=[C]C2=C([C]=[C]1)N=C([C]2[C][C][N]C(=O)C(=O)/[C]=[C]/C1=[C]C(=[C][C]=C1Br)Br)[N][C][C][C][C][C]([C][N]C1=[C][C]=[C]C2=C1[C]N(C2=O)[C]1[C][C]C(=O)[N]C1=O)[O],pocket,1output_357_Fragments_.xyz
839.8062757800002,1.6807600000000018,0,10,183.47,15,7,0.07230188467950875,7.774790543353775,8,[C]OC1=[C]C2=C([C]=[C]1)N=C([C]2[C][C][N]C(=O)C(=O)/[C]=[C]/C1=[C]C(=[C][C]=C1Br)Br)O[C][C]1O[C]1[C]O[C][N]C1=[C][C]=[C]C2=C1[C]N(C2=O)[C]1[C][C]C(=O)[N]C1=O,pocket,1output_358_Fragments_.xyz
857.81952054,0.28986000000000073,0,8,184.74,12,7,0.14330414654107831,7.965030109829244,10,[C]OC1=[C]C2=C([C][C][N]C(=O)C(=O)/[C]=[C]/C3=[C]C(=[C][C]=C3Br)Br)/C(=[C]/N=C\3/[C]=C([C][C][C]3[O])[C][N]C3=[C][C]=[C]C4=C3[C]N(C4=O)[C]3[C][C]C(=O)[N]C3=O)/N=C2[C]=[C]1,pocket,1output_35_Fragments_.xyz
859.8113611600002,-0.5535499999999988,0,9,186.61999999999995,17,6,0.09831720594874366,7.826276874176009,10,O=[C][C]([N]C1=[C][C]=[C]C2=C1[C]N(C2=O)[C]1[C][C]C(=O)[N]C1=O)/[C]=[C]/C(=O)[C][C][C][C]1N=C2C(=C1[C][C][N]C(=O)C(=O)/[C]=[C]/C1=[C]C(=[C][C]=C1Br)Br)[C]=C([C]=[C]2)O[C],pocket,1output_360_Fragments_.xyz
807.8164465400001,2.122170000000002,0,9,159.96999999999997,14,6,0.07935636780420684,7.7301329337361855,6,[C]OC1=[C]C2=C([C]=[C]1)N=C([C]2[C][C][N]C(=O)C(=O)/[C]=[C]/C1=[C]C(=[C][C]=C1Br)Br)O[C][C][C][C]/[C]=N/C1=[C][C]=[C]C2=C1[C]N(C2=O)[C]1[C][C]C(=O)[N]C1=O,pocket,1output_361_Fragments_.xyz
819.81644654,0.2060500000000009,0,8,165.01,15,7,0.06956853594024437,7.780490150734478,7,[C]OC1=[C]C2=C([C][C][N]C(=O)C(=O)/[C]=[C]/C3=[C]C(=[C][C]=C3Br)Br)[C](N=C2[C]=[C]1)[C][C]1O[C]1[C][C][C][N]C1=[C][C]=[C]C2=C1[C]N(C2=O)[C]1[C][C]C(=O)[N]C1=O,pocket,1output_362_Fragments_.xyz
851.8062757800001,-0.42494000000000015,0,9,198.68,17,6,0.07549352548657717,7.761415680440746,9,[C]OC1=[C]C2=C([C][C][N]C(=O)C(=O)/[C]=[C]/C3=[C]C(=[C][C]=C3Br)Br)[C](N=C2[C]=[C]1)[C][C]O[C][C](C(=O)[C][N]C1=[C][C]=[C]C2=C1[C]N(C2=O)[C]1[C][C]C(=O)[N]C1=O)[O],pocket,1output_363_Fragments_.xyz
845.81952054,0.4340700000000008,0,10,172.85999999999999,13,7,0.08074749514843461,7.929598765883784,9,[C]OC1=[C]C2=C([C][C][N]C(=O)C(=O)/[C]=[C]/C3=[C]C(=[C][C]=C3Br)Br)[C](N=C2[C]=[C]1)[C]OC1=[C]N=C([C]=[C]1)/[C]=N/C1=[C][C]=[C]C2=C1[C]N(C2=O)[C]1[C][C]C(=O)[N]C1=O,pocket,1output_364_Fragments_.xyz
843.81644654,0.860550000000001,0,8,161.71,13,7,0.08354985085570138,7.988682900499169,9,[C]OC1=[C]C2=C([C][C][N]C(=O)C(=O)/[C]=[C]/C3=[C]C(=[C][C]=C3Br)Br)[C](N=C2[C]=[C]1)/[C]=[C]\OC1=[C][C]=[C]C(=[C]1)[N]C1=[C][C]=[C]C2=C1[C]N(C2=O)[C]1[C][C]C(=O)[N]C1=O,pocket,1output_365_Fragments_.xyz
885.81443516,-0.15514000000000022,0,9,196.78999999999996,15,7,0.08926632166679074,7.923567083747216,12,[C]OC1=[C]C2=C([C][C][N]C(=O)C(=O)/[C]=[C]/C3=[C]C(=[C][C]=C3Br)Br)[C](N=C2[C]=[C]1)[C]C(=O)[N][C]C1=C([C][N]C2=[C][C]=[C]C3=C2[C]N(C3=O)[C]2[C][C]C(=O)[N]C2=O)OC(=[C]1)[C],pocket,1output_366_Fragments_.xyz
889.80934978,-1.1363500000000002,0,10,209.95,17,6,0.06939533912400234,7.882784426818257,12,[C]OC1=[C]C2=C([C][C][N]C(=O)C(=O)/[C]=[C]/C3=[C]C(=[C][C]=C3Br)Br)[C](N=C2[C]=[C]1)[C][C]O[C][C]([C]C(=O)[N]C1=[C][C]=[C]C2=C1[C]N(C2=O)[C]1[C][C]C(=O)[N]C1=O)[N]C(=O)[C],pocket,1output_367_Fragments_.xyz
839.8062757800002,1.236970000000001,0,10,188.01,16,6,0.08854138385389082,7.742042179052715,8,[C]OC1=[C]C2=C([C]=[C]1)N=C([C]2[C][C][N]C(=O)C(=O)/[C]=[C]/C1=[C]C(=[C][C]=C1Br)Br)O[C][C]O[C]C(=O)[C][N]C1=[C][C]=[C]C2=C1[C]N(C2=O)[C]1[C][C]C(=O)[N]C1=O,pocket,1output_368_Fragments_.xyz
861.81443516,-1.14924,0,9,200.71999999999997,14,7,0.1099390700128148,7.755401766674815,10,[C]OC1=[C]C2=C([C][C][N]C(=O)C(=O)/[C]=[C]/C3=[C]C(=[C][C]=C3Br)Br)[C](N=C2[C]=[C]1)[C][C]1[C][C](C1=O)[N]C(=O)[C][N]C1=[C][C]=[C]C2=C1[C]N(C2=O)[C]1[C][C]C(=O)[N]C1=O,pocket,1output_369_Fragments_.xyz
891.8011904,-1.0375299999999998,0,9,226.41999999999996,14,7,0.0839403848470857,7.802057644444004,12,[C]OC1=[C]C2=C([C][C][N]C(=O)C(=O)/[C]=[C]/C3=[C]C(=[C][C]=C3Br)Br)/C(=[C]/C(=O)[C][C]3[C](C3([O])[O])[C]C(=O)[N]C3=[C][C]=[C]C4=C3[C]N(C4=O)[C]3[C][C]C(=O)[N]C3=O)/N=C2[C]=[C]1,pocket,1output_36_Fragments_.xyz
803.82153192,0.34826000000000085,0,7,152.48,14,6,0.09934294585099214,7.781571853756562,6,[C]OC1=[C]C2=C([C][C][N]C(=O)C(=O)/[C]=[C]/C3=[C]C(=[C][C]=C3Br)Br)[C](N=C2[C]=[C]1)[C][C][C]=C=[C][C][N]C1=[C][C]=[C]C2=C1[C]N(C2=O)[C]1[C][C]C(=O)[N]C1=O,pocket,1output_370_Fragments_.xyz
849.81443516,-0.9259200000000003,0,10,198.98,14,6,0.08584093888318821,7.704795427276189,9,[C]OC1=[C]C2=C([C][C][N]C(=O)C(=O)/[C]=[C]/C3=[C]C(=[C][C]=C3Br)Br)[C](N=C2[C]=[C]1)[C][C]C(=O)[N]C(=O)[C]/[C]=N/C1=[C][C]=[C]C2=C1[C]N(C2=O)[C]1[C][C]C(=O)[N]C1=O,pocket,1output_371_Fragments_.xyz
803.82153192,0.2744500000000009,0,7,152.48,16,6,0.08784645936324385,7.800864772758091,6,[C]OC1=[C]C2=C([C][C][N]C(=O)C(=O)/[C]=[C]/C3=[C]C(=[C][C]=C3Br)Br)[C](N=C2[C]=[C]1)[C][C][C][C][C][C][N]C1=[C][C]=[C]C2=C1[C]N(C2=O)[C]1[C][C]C(=O)[N]C1=O,pocket,1output_372_Fragments_.xyz
888.8179237600001,2.1579600000000014,0,8,176.21999999999997,14,7,0.09330494583589716,4.8243863643273786,12,[C]OC1=[C]C2=C([C]=[C]1)N([C]=C2[C][C][N]C(=O)C(=O)/[C]=[C]/C1=[C]C(=[C][C]=C1Br)Br)C(=O)[C][N][C]C1=C(F)[C]=C([C]=[C]1)[N]C1=[C][C]=[C]C2=C1[C]N(C2=O)[C]1[C][C]C(=O)[N]C1=O,pocket,1output_373_Fragments_.xyz
831.8164465400001,1.659930000000002,0,7,163.03,15,7,0.09741705115929787,6.661360128723329,8,[C]OC1=[C]C2=C([C]=[C]1)N1[C]([C]2[C][C][N]C(=O)C(=O)/[C]=[C]/C2=[C]C(=[C][C]=C2Br)Br)[C]1[C]/[C]=[C]\[C][C]([C][N]C1=[C][C]=[C]C2=C1[C]N(C2=O)[C]1[C][C]C(=O)[N]C1=O)[O],pocket,1output_374_Fragments_.xyz
879.8011904000001,1.1806500000000004,0,10,200.47999999999996,18,6,0.060956204637415606,7.935460583189393,11,[O][C][C](OC(=O)[C][C][N]C1=[C][C]=[C]C2=C1[C]N(C2=O)[C]1[C][C]C(=O)[N]C1=O)[C]O[C]N1[C]=C(C2=C1[C]=[C]C(=[C]2)O[C])[C][C][N]C(=O)C(=O)/[C]=[C]/C1=[C]C(=[C][C]=C1Br)Br,pocket,1output_375_Fragments_.xyz
819.81644654,0.5106600000000008,0,9,159.97,16,6,0.050886537864639744,7.804205735150061,7,[C]OC1=[C]C2=C([C][C][N]C(=O)C(=O)/[C]=[C]/C3=[C]C(=[C][C]=C3Br)Br)[C](N=C2[C]=[C]1)[C][C][C][C][C]O/[C]=N/C1=[C][C]=[C]C2=C1[C]N(C2=O)[C]1[C][C]C(=O)[N]C1=O,pocket,1output_376_Fragments_.xyz
831.81644654,-0.1564499999999998,0,8,169.54999999999998,16,6,0.10986235004195319,7.797235078460999,8,[C]OC1=[C]C2=C([C][C][N]C(=O)C(=O)/[C]=[C]/C3=[C]C(=[C][C]=C3Br)Br)[C](N=C2[C]=[C]1)[C][C]/[C]=[C]\C(=O)[C][C][N]C1=[C][C]=[C]C2=C1[C]N(C2=O)[C]1[C][C]C(=O)[N]C1=O,pocket,1output_377_Fragments_.xyz
867.7834321600002,2.4019600000000016,0,9,174.17999999999998,13,7,0.08530909152442293,7.951528553619633,9,[C]OC1=[C]C2=C([C]=[C]1)N([C]=C2[C][C][N]C(=O)C(=O)/[C]=[C]/C1=[C]C(=[C][C]=C1Br)Br)[C][C]1[C]O[C](S1)/C(=[C]/[N]C1=[C][C]=[C]C2=C1[C]N(C2=O)[C]1[C][C]C(=O)[N]C1=O)/[O],pocket,1output_379_Fragments_.xyz
803.82153192,0.34826000000000085,0,7,152.48,13,6,0.08001403647375278,7.781571853756562,6,[C]OC1=[C]C2=C([C][C][N]C(=O)C(=O)/[C]=[C]/C3=[C]C(=[C][C]=C3Br)Br)[C](N=C2[C]=[C]1)[C]/[C]=[C]/[C]=C=[C][N]C1=[C][C]=[C]C2=C1[C]N(C2=O)[C]1[C][C]C(=O)[N]C1=O,pocket,1output_37_Fragments_.xyz
851.8062757800001,0.01885000000000088,0,9,190.84,18,6,0.07408761993452274,7.860026376551418,9,[C]OC1=[C]C2=C([C][C][N]C(=O)C(=O)/[C]=[C]/C3=[C]C(=[C][C]=C3Br)Br)[C](N=C2[C]=[C]1)[C]O[C][C][C]([C]O[C][N]C1=[C][C]=[C]C2=C1[C]N(C2=O)[C]1[C][C]C(=O)[N]C1=O)[O],pocket,1output_381_Fragments_.xyz
903.7946655400001,-0.3881600000000001,0,9,205.95,16,7,0.07998346079971949,7.923418672876649,12,[C]OC1=[C]C2=C([C][C][N]C(=O)C(=O)/[C]=[C]/C3=[C]C(=[C][C]=C3Br)Br)[C](N=C2[C]=[C]1)[C][C][N][C][C]1S[C]([C][C]1C(=O)[N])[N]C1=[C][C]=[C]C2=C1[C]N(C2=O)[C]1[C][C]C(=O)[N]C1=O,pocket,1output_384_Fragments_.xyz
843.8011904000002,1.4806700000000017,0,10,200.07,16,6,0.08870934972679295,7.758603421656266,8,[C]OC1=[C]C2=C([C]=[C]1)N=C([C]2[C][C][N]C(=O)C(=O)/[C]=[C]/C1=[C]C(=[C][C]=C1Br)Br)O[C]O[C][C](O[C][N]C1=[C][C]=[C]C2=C1[C]N(C2=O)[C]1[C][C]C(=O)[N]C1=O)[O],pocket,1output_385_Fragments_.xyz
861.81443516,-1.04224,0,8,203.54999999999998,15,7,0.10544458675845773,6.749695253560372,10,[C]OC1=[C]C2=C([C][C][N]C(=O)C(=O)/[C]=[C]/C3=[C]C(=[C][C]=C3Br)Br)[C](N=C2[C]=[C]1)[C]C(=O)[N][C][C][C@@]1([O])[C][C]1[N]C1=[C][C]=[C]C2=C1[C]N(C2=O)[C]1[C][C]C(=O)[N]C1=O,pocket,1output_386_Fragments_.xyz
815.82153192,0.42955000000000143,0,7,152.47999999999996,16,6,0.0885927425130524,7.841219920964248,7,[C]OC1=[C]C2=C([C][C][N]C(=O)C(=O)/[C]=[C]/C3=[C]C(=[C][C]=C3Br)Br)/C(=[C]/[C][C][C][C][C][C][N]C3=[C][C]=[C]C4=C3[C]N(C4=O)[C]3[C][C]C(=O)[N]C3=O)/N=C2[C]=[C]1,pocket,1output_387_Fragments_.xyz
871.81136116,0.529140000000001,0,9,170.94,15,7,0.12107094987765445,5.326906008536536,11,[C]OC1=[C]C2=C([C][C][N]C(=O)C(=O)/[C]=[C]/C3=[C]C(=[C][C]=C3Br)Br)[C](N=C2[C]=[C]1)[C][C]C1=[C][C]=C([C]=[C]O1)O[C][N]C1=[C][C]=[C]C2=C1[C]N(C2=O)[C]1[C][C]C(=O)[N]C1=O,pocket,1output_388_Fragments_.xyz
877.80934978,-1.26804,0,9,220.61999999999998,17,6,0.052230274133147604,7.770858343292524,11,[C]OC1=[C]C2=C([C][C][N]C(=O)C(=O)/[C]=[C]/C3=[C]C(=[C][C]=C3Br)Br)[C](N=C2[C]=[C]1)[C][C][C][N]C(=O)[C](C(=O)[O])[C][N]C1=[C][C]=[C]C2=C1[C]N(C2=O)[C]1[C][C]C(=O)[N]C1=O,pocket,1output_389_Fragments_.xyz
819.8164465400001,1.8988500000000017,0,8,161.70999999999998,16,6,0.0923604983934627,7.8088756652199915,7,[C]OC1=[C]C2=C([C]=[C]1)N=C([C]2[C][C][N]C(=O)C(=O)/[C]=[C]/C1=[C]C(=[C][C]=C1Br)Br)O[C][C][C][C][C][C][N]C1=[C][C]=[C]C2=C1[C]N(C2=O)[C]1[C][C]C(=O)[N]C1=O,pocket,1output_38_Fragments_.xyz
855.8164465400001,2.4275400000000023,0,7,164.95,14,7,0.09465355789308516,5.872769433357973,10,[C]OC1=[C]C2=C([C]=[C]1)N([C]=C2[C][C][N]C(=O)C(=O)/[C]=[C]/C1=[C]C(=[C][C]=C1Br)Br)[C][C][C](C1=[C][C]=C([C]=[C]1)[N]C1=[C][C]=[C]C2=C1[C]N(C2=O)[C]1[C][C]C(=O)[N]C1=O)[O],pocket,1output_391_Fragments_.xyz
881.7865061600003,1.5776700000000012,0,9,203.54999999999998,12,7,0.14816929569785844,7.809561728452168,10,[C]OC1=[C]C2=C([C]=[C]1)N=C([C]2[C][C][N]C(=O)C(=O)/[C]=[C]/C1=[C]C(=[C][C]=C1Br)Br)[N]C1=[C][C][C](S1)[C](C(=O)[N]C1=[C][C]=[C]C2=C1[C]N(C2=O)[C]1[C][C]C(=O)[N]C1=O)[O],pocket,1output_392_Fragments_.xyz
807.81644654,0.42937000000000064,0,9,159.97,14,6,0.057071709696058716,7.75510552670613,6,[C]OC1=[C]C2=C([C][C][N]C(=O)C(=O)/[C]=[C]/C3=[C]C(=[C][C]=C3Br)Br)[C](N=C2[C]=[C]1)[C]/[C]=[C]/[C]O/[C]=N/C1=[C][C]=[C]C2=C1[C]N(C2=O)[C]1[C][C]C(=O)[N]C1=O,pocket,1output_393_Fragments_.xyz
861.81443516,0.8872500000000001,0,9,185.44999999999996,17,6,0.08515901069333387,7.994402722240988,10,[C]O[C][C]([N]C(=O)[C][C]N1[C]=C(C2=C1[C]=[C]C(=[C]2)O[C])[C][C][N]C(=O)C(=O)/[C]=[C]/C1=[C]C(=[C][C]=C1Br)Br)[C][N]C1=[C][C]=[C]C2=C1[C]N(C2=O)[C]1[C][C]C(=O)[N]C1=O,pocket,1output_394_Fragments_.xyz
887.8062757800001,0.33653000000000166,0,9,190.83999999999997,19,6,0.05414524821573662,2.746568699530582,12,[O][C][C]([C]([C]O/[C]=C/1\N=C2C(=C1[C][C][N]C(=O)C(=O)/[C]=[C]/C1=[C]C(=[C][C]=C1Br)Br)[C]=C([C]=[C]2)O[C])O[C][C][C][N]C1=[C][C]=[C]C2=C1[C]N(C2=O)[C]1[C][C]C(=O)[N]C1=O)[C],pocket,1output_395_Fragments_.xyz
861.8144351600001,0.6980500000000013,0,9,174.58999999999997,17,6,0.049069702619111116,7.975141088222832,10,[C]OC1=[C]C2=C([C]=[C]1)N([C]=C2[C][C][N]C(=O)C(=O)/[C]=[C]/C1=[C]C(=[C][C]=C1Br)Br)O[C][C][C][C]N(C(=O)[C][N]C1=[C][C]=[C]C2=C1[C]N(C2=O)[C]1[C][C]C(=O)[N]C1=O)[C],pocket,1output_396_Fragments_.xyz
823.81136116,0.0563600000000008,0,9,170.94,17,6,0.07966830125944722,7.817649990894318,7,[C]OC1=[C]C2=C([C][C][N]C(=O)C(=O)/[C]=[C]/C3=[C]C(=[C][C]=C3Br)Br)[C](N=C2[C]=[C]1)[C][C]O[C][C]O[C][N]C1=[C][C]=[C]C2=C1[C]N(C2=O)[C]1[C][C]C(=O)[N]C1=O,pocket,1output_397_Fragments_.xyz
903.7834321600001,2.4706500000000005,0,9,181.60999999999999,15,7,0.0998610567696229,7.244649741455117,12,[C][C][C@]([N]C1=[C][C]=[C]C2=C1[C]N(C2=O)[C]1[C][C]C(=O)[N]C1=O)([C]C1=[C]C(=[C]S1)[C]OC1=NC2=C([C]1[C][C][N]C(=O)C(=O)/[C]=[C]/C1=[C]C(=[C][C]=C1Br)Br)[C]=C([C]=[C]2)O[C])[O],pocket,1output_398_Fragments_.xyz
859.81136116,0.19943000000000105,0,7,192.28,16,6,0.11228979786185966,7.885178928643281,10,[C]OC1=[C]C2=C([C][C][N]C(=O)C(=O)/[C]=[C]/C3=[C]C(=[C][C]=C3Br)Br)[C](N=C2[C]=[C]1)/[C]=[C]\[C][C][C]([C](/[C]=[C]\[N]C1=[C][C]=[C]C2=C1[C]N(C2=O)[C]1[C][C]C(=O)[N]C1=O)[O])[O],pocket,1output_399_Fragments_.xyz
847.8113611600002,1.7612400000000024,0,8,174.17999999999998,14,7,0.08050502617991202,7.997715491210344,9,[C]OC1=[C]C2=C([C]=[C]1)N([C]=C2[C][C][N]C(=O)C(=O)/[C]=[C]/C1=[C]C(=[C][C]=C1Br)Br)[C]1[C][C][C]([C]1[O])O[C][C][N]C1=[C][C]=[C]C2=C1[C]N(C2=O)[C]1[C][C]C(=O)[N]C1=O,pocket,1output_39_Fragments_.xyz
819.81644654,0.2060500000000009,0,8,161.71,17,6,0.08145502288846507,7.833361779106106,7,[C]OC1=[C]C2=C([C][C][N]C(=O)C(=O)/[C]=[C]/C3=[C]C(=[C][C]=C3Br)Br)[C](N=C2[C]=[C]1)[C][C][C][C]O[C][C][N]C1=[C][C]=[C]C2=C1[C]N(C2=O)[C]1[C][C]C(=O)[N]C1=O,pocket,1output_3_Fragments_.xyz
909.7814207800002,2.1429700000000023,0,9,215.60999999999999,15,7,0.05691481119396775,7.963561740587382,12,[C]OC1=[C]C2=C([C]=[C]1)N=C([C]2[C][C][N]C(=O)C(=O)/[C]=[C]/C1=[C]C(=[C][C]=C1Br)Br)O[C][C][N]C(C1=[C][C]=C(S1)[N]C1=[C][C]=[C]C2=C1[C]N(C2=O)[C]1[C][C]C(=O)[N]C1=O)([O])[O],pocket,1output_401_Fragments_.xyz
879.8011904000002,1.1093600000000017,0,9,211.15,17,6,0.04920141867466133,7.947972736874402,11,[C]OC1=[C]C2=C([C]=[C]1)N([C]=C2[C][C][N]C(=O)C(=O)/[C]=[C]/C1=[C]C(=[C][C]=C1Br)Br)C(=O)[C][C]C(O[C][C][C][N]C1=[C][C]=[C]C2=C1[C]N(C2=O)[C]1[C][C]C(=O)[N]C1=O)([O])[O],pocket,1output_402_Fragments_.xyz
871.8225945400001,-0.7317500000000003,0,9,196.01,14,7,0.11570871995597036,7.946829882183081,11,[C]OC1=[C]C2=C([C][C][N]C(=O)C(=O)/[C]=[C]/C3=[C]C(=[C][C]=C3Br)Br)[C](N=C2[C]=[C]1)[C][C][N]C(=O)[C][C]1[C][C]N=C1[N]C1=[C][C]=[C]C2=C1[C]N(C2=O)[C]1[C][C]C(=O)[N]C1=O,pocket,1output_403_Fragments_.xyz
815.82153192,0.355740000000001,0,7,152.48,17,6,0.08310540610319933,7.849073567317894,7,[C]OC1=[C]C2=C([C][C][N]C(=O)C(=O)/[C]=[C]/C3=[C]C(=[C][C]=C3Br)Br)[C](N=C2[C]=[C]1)[C][C][C][C][C][C][C][N]C1=[C][C]=[C]C2=C1[C]N(C2=O)[C]1[C][C]C(=O)[N]C1=O,pocket,1output_404_Fragments_.xyz
819.81644654,0.2060500000000009,0,8,161.71,17,6,0.08145502288846507,7.833361779106106,7,[C]OC1=[C]C2=C([C][C][N]C(=O)C(=O)/[C]=[C]/C3=[C]C(=[C][C]=C3Br)Br)[C](N=C2[C]=[C]1)[C]O[C][C][C][C][C][N]C1=[C][C]=[C]C2=C1[C]N(C2=O)[C]1[C][C]C(=O)[N]C1=O,pocket,1output_405_Fragments_.xyz
869.8042644000001,-1.2565100000000002,0,11,227.01999999999998,13,6,0.08580376640214177,7.641340473077109,10,[C]OC1=[C]C2=C([C][C][N]C(=O)C(=O)/[C]=[C]/C3=[C]C(=[C][C]=C3Br)Br)[C](N=C2[C]=[C]1)[C]OC(=O)[C]C(=O)[N]C(=O)[N]C1=[C][C]=[C]C2=C1[C]N(C2=O)[C]1[C][C]C(=O)[N]C1=O,pocket,1output_406_Fragments_.xyz
833.8195205400001,0.8743600000000014,0,8,176.21999999999997,14,7,0.1029481129517764,7.904556971952124,8,[C]OC1=[C]C2=C([C]=[C]1)N([C]=C2[C][C][N]C(=O)C(=O)/[C]=[C]/C1=[C]C(=[C][C]=C1Br)Br)[C][C]1[C][C]1[N]C(=O)[C][N]C1=[C][C]=[C]C2=C1[C]N(C2=O)[C]1[C][C]C(=O)[N]C1=O,pocket,1output_407_Fragments_.xyz
823.79360292,1.1459700000000017,0,9,150.73999999999998,15,6,0.07341171865954954,7.743000687174799,6,[C]OC1=[C]C2=C([C][C][N]C(=O)C(=O)/[C]=[C]/C3=[C]C(=[C][C]=C3Br)Br)[C](N=C2[C]=[C]1)S[C][C][C][C]/[C]=N/C1=[C][C]=[C]C2=C1[C]N(C2=O)[C]1[C][C]C(=O)[N]C1=O,pocket,1output_408_Fragments_.xyz
874.81484976,0.8982500000000011,0,8,161.71,15,7,0.0974962511889009,7.988820651413851,11,[C]OC1=[C]C2=C([C][C][N]C(=O)C(=O)/[C]=[C]/C3=[C]C(=[C][C]=C3Br)Br)[C](N=C2[C]=[C]1)[C]O[C]C1=[C]C(=[C]C(=[C]1)F)[C][N]C1=[C][C]=[C]C2=C1[C]N(C2=O)[C]1[C][C]C(=O)[N]C1=O,pocket,1output_409_Fragments_.xyz
849.8144351600001,-0.8371400000000002,0,8,203.54999999999998,14,7,0.11431520567146149,7.757572058240162,9,[C]OC1=[C]C2=C([C][C][N]C(=O)C(=O)/[C]=[C]/C3=[C]C(=[C][C]=C3Br)Br)[C](N=C2[C]=[C]1)[C][N]C(=O)[C][C]1[C]([C]1[O])[N]C1=[C][C]=[C]C2=C1[C]N(C2=O)[C]1[C][C]C(=O)[N]C1=O,pocket,1output_40_Fragments_.xyz
873.81443516,-1.0679500000000002,0,9,200.71999999999997,16,6,0.07501206235795169,7.829057210682803,11,[C]OC1=[C]C2=C([C][C][N]C(=O)C(=O)/[C]=[C]/C3=[C]C(=[C][C]=C3Br)Br)[C](N=C2[C]=[C]1)[C][C](C(=O)[N]C(=O)[C][C][C][N]C1=[C][C]=[C]C2=C1[C]N(C2=O)[C]1[C][C]C(=O)[N]C1=O)[C],pocket,1output_410_Fragments_.xyz
871.8113611600002,2.2219400000000014,0,9,170.94,14,7,0.1028357748913472,5.04608390646481,11,[C]OC1=[C]C2=C([C]=[C]1)N=C([C]2[C][C][N]C(=O)C(=O)/[C]=[C]/C1=[C]C(=[C][C]=C1Br)Br)O[C][C]OC1=[C][C][C]=C([C]=[C]1)[N]C1=[C][C]=[C]C2=C1[C]N(C2=O)[C]1[C][C]C(=O)[N]C1=O,pocket,1output_411_Fragments_.xyz
815.8215319200001,1.948440000000002,0,7,145.04999999999998,17,6,0.0690275805549035,7.961765075809401,7,[C]OC1=[C]C2=C([C]=[C]1)N([C]=C2[C][C][N]C(=O)C(=O)/[C]=[C]/C1=[C]C(=[C][C]=C1Br)Br)[C][C][C][C][C][C][C][N]C1=[C][C]=[C]C2=C1[C]N(C2=O)[C]1[C][C]C(=O)[N]C1=O,pocket,1output_412_Fragments_.xyz
883.7961050200003,0.858870000000002,0,8,241.72,15,6,0.07211680197515011,7.848464386808891,11,[C]OC1=[C]C2=C([C]=[C]1)N([C]=C2[C][C][N]C(=O)C(=O)/[C]=[C]/C1=[C]C(=[C][C]=C1Br)Br)C(=O)[C]([C][C](C([C][N]C1=[C][C]=[C]C2=C1[C]N(C2=O)[C]1[C][C]C(=O)[N]C1=O)([O])[O])[O])[O],pocket,1output_413_Fragments_.xyz
803.82153192,0.2744500000000009,0,7,152.48,15,6,0.09320484350913054,7.800864772758091,6,[C]OC1=[C]C2=C([C][C][N]C(=O)C(=O)/[C]=[C]/C3=[C]C(=[C][C]=C3Br)Br)[C](N=C2[C]=[C]1)[C][C][C]/[C]=[C]/[C][N]C1=[C][C]=[C]C2=C1[C]N(C2=O)[C]1[C][C]C(=O)[N]C1=O,pocket,1output_414_Fragments_.xyz
819.81644654,0.2060500000000009,0,8,161.71,17,6,0.08145502288846507,7.833361779106106,7,[C]OC1=[C]C2=C([C][C][N]C(=O)C(=O)/[C]=[C]/C3=[C]C(=[C][C]=C3Br)Br)[C](N=C2[C]=[C]1)[C]O[C][C][C][C][C][N]C1=[C][C]=[C]C2=C1[C]N(C2=O)[C]1[C][C]C(=O)[N]C1=O,pocket,1output_415_Fragments_.xyz
855.81644654,0.9418400000000016,0,8,161.71,15,7,0.07448707223407865,4.648176781708456,10,[C]OC1=[C]C2=C([C][C][N]C(=O)C(=O)/[C]=[C]/C3=[C]C(=[C][C]=C3Br)Br)[C](N=C2[C]=[C]1)[C][C][C]OC1=[C]C(=[C][C]=[C]1)[N]C1=[C][C]=[C]C2=C1[C]N(C2=O)[C]1[C][C]C(=O)[N]C1=O,pocket,1output_417_Fragments_.xyz
803.82153192,0.2744500000000009,0,7,152.48,16,6,0.08784645936324385,7.800864772758091,6,[C]OC1=[C]C2=C([C][C][N]C(=O)C(=O)/[C]=[C]/C3=[C]C(=[C][C]=C3Br)Br)[C](N=C2[C]=[C]1)[C][C][C][C][C][C][N]C1=[C][C]=[C]C2=C1[C]N(C2=O)[C]1[C][C]C(=O)[N]C1=O,pocket,1output_419_Fragments_.xyz
861.8144351600001,-0.705449999999999,0,9,192.87999999999994,17,6,0.09662605506376554,7.8866108445534575,10,[C]O[C]([C][N]C1=[C][C]=[C]C2=C1[C]N(C2=O)[C]1[C][C]C(=O)[N]C1=O)[C][C]C(=O)[N][C][C]1N=C2C(=C1[C][C][N]C(=O)C(=O)/[C]=[C]/C1=[C]C(=[C][C]=C1Br)Br)[C]=C([C]=[C]2)O[C],pocket,1output_41_Fragments_.xyz
819.8164465400001,1.7987500000000016,0,8,154.27999999999997,17,6,0.06818106202562318,7.946053287597614,7,[C]OC1=[C]C2=C([C]=[C]1)N([C]=C2[C][C][N]C(=O)C(=O)/[C]=[C]/C1=[C]C(=[C][C]=C1Br)Br)[C][C][C][C][C]O[C][N]C1=[C][C]=[C]C2=C1[C]N(C2=O)[C]1[C][C]C(=O)[N]C1=O,pocket,1output_420_Fragments_.xyz
851.8062757800002,1.2747600000000017,0,8,194.07999999999998,15,7,0.07440008022860109,7.945630870314163,9,[C]OC1=[C]C2=C([C]=[C]1)N([C]=C2[C][C][N]C(=O)C(=O)/[C]=[C]/C1=[C]C(=[C][C]=C1Br)Br)[C][C]C(O[C]1[C][C]1[N]C1=[C][C]=[C]C2=C1[C]N(C2=O)[C]1[C][C]C(=O)[N]C1=O)([O])[O],pocket,1output_421_Fragments_.xyz
893.8042644000001,-1.2294400000000003,0,9,232.68,14,7,0.08213544956161918,6.652320586712845,12,[C]OC1=[C]C2=C([C][C][N]C(=O)C(=O)/[C]=[C]/C3=[C]C(=[C][C]=C3Br)Br)[C](N=C2[C]=[C]1)[C]OC(=O)[C]1[C][C@]([N][C]1[O])([O])[C][N]C1=[C][C]=[C]C2=C1[C]N(C2=O)[C]1[C][C]C(=O)[N]C1=O,pocket,1output_422_Fragments_.xyz
807.8164465400001,1.8175600000000018,0,8,161.70999999999998,14,6,0.10395031593279856,7.7598682368436736,6,[C]OC1=[C]C2=C([C]=[C]1)N=C([C]2[C][C][N]C(=O)C(=O)/[C]=[C]/C1=[C]C(=[C][C]=C1Br)Br)O[C]/[C]=[C]/[C][C][N]C1=[C][C]=[C]C2=C1[C]N(C2=O)[C]1[C][C]C(=O)[N]C1=O,pocket,1output_423_Fragments_.xyz
835.81136116,-0.30614000000000013,0,9,178.78,17,6,0.07699829975591566,7.781724723431414,8,[C]OC1=[C]C2=C([C][C][N]C(=O)C(=O)/[C]=[C]/C3=[C]C(=[C][C]=C3Br)Br)[C](N=C2[C]=[C]1)[C]O[C][C][C]C(=O)[C][N]C1=[C][C]=[C]C2=C1[C]N(C2=O)[C]1[C][C]C(=O)[N]C1=O,pocket,1output_424_Fragments_.xyz
835.81136116,-0.30614000000000013,0,9,178.78,16,6,0.062067398833390644,7.743546616922537,8,[C]OC1=[C]C2=C([C][C][N]C(=O)C(=O)/[C]=[C]/C3=[C]C(=[C][C]=C3Br)Br)[C](N=C2[C]=[C]1)[C][C][C]C(=O)O[C][C][N]C1=[C][C]=[C]C2=C1[C]N(C2=O)[C]1[C][C]C(=O)[N]C1=O,pocket,1output_425_Fragments_.xyz
819.81644654,0.1556500000000009,0,7,172.38,16,6,0.1132055200334735,7.792871692721902,7,[C]OC1=[C]C2=C([C][C][N]C(=O)C(=O)/[C]=[C]/C3=[C]C(=[C][C]=C3Br)Br)[C](N=C2[C]=[C]1)[C][C][C][C]([C][C][N]C1=[C][C]=[C]C2=C1[C]N(C2=O)[C]1[C][C]C(=O)[N]C1=O)[O],pocket,1output_426_Fragments_.xyz
887.8175091600002,-0.7767399999999993,0,9,215.90999999999997,14,7,0.1143219077131089,7.9256614181553235,12,[O][C][C](C1=[C][C]C(=N1)[N]C1=[C][C]=[C]C2=C1[C]N(C2=O)[C]1[C][C]C(=O)[N]C1=O)[N]C(=O)[C][C]1N=C2C(=C1[C][C][N]C(=O)C(=O)/[C]=[C]/C1=[C]C(=[C][C]=C1Br)Br)[C]=C([C]=[C]2)O[C],pocket,1output_427_Fragments_.xyz
803.82153192,0.5790600000000008,0,8,150.73999999999998,14,6,0.07655990674632537,7.771129469650602,6,[C]OC1=[C]C2=C([C][C][N]C(=O)C(=O)/[C]=[C]/C3=[C]C(=[C][C]=C3Br)Br)[C](N=C2[C]=[C]1)[C]/[C]=[C]/[C][C]/[C]=N/C1=[C][C]=[C]C2=C1[C]N(C2=O)[C]1[C][C]C(=O)[N]C1=O,pocket,1output_429_Fragments_.xyz
859.81136116,0.7921500000000006,0,9,170.94,15,7,0.07317886251368626,4.096747410707355,10,[C]OC1=[C]C2=C([C][C][N]C(=O)C(=O)/[C]=[C]/C3=[C]C(=[C][C]=C3Br)Br)[C](N=C2[C]=[C]1)[C]O[C]OC1=[C][C]=[C]C(=[C]1)[N]C1=[C][C]=[C]C2=C1[C]N(C2=O)[C]1[C][C]C(=O)[N]C1=O,pocket,1output_430_Fragments_.xyz
837.81443516,-1.0072100000000002,0,10,198.98,13,6,0.09033371007003015,7.652519195658938,8,[C]OC1=[C]C2=C([C][C][N]C(=O)C(=O)/[C]=[C]/C3=[C]C(=[C][C]=C3Br)Br)[C](N=C2[C]=[C]1)[C][C]C(=O)[N]C(=O)/[C]=N/C1=[C][C]=[C]C2=C1[C]N(C2=O)[C]1[C][C]C(=O)[N]C1=O,pocket,1output_431_Fragments_.xyz
867.8011904000002,1.2498600000000015,0,11,197.23999999999998,13,7,0.13704456528688597,7.803439511538647,10,[C]OC1=[C]C2=C([C]=[C]1)N=C([C]2[C][C][N]C(=O)C(=O)/[C]=[C]/C1=[C]C(=[C][C]=C1Br)Br)O[C][C]1O[C][C](O1)[C]C(=O)[N]C1=[C][C]=[C]C2=C1[C]N(C2=O)[C]1[C][C]C(=O)[N]C1=O,pocket,1output_433_Fragments_.xyz
803.82153192,0.2744500000000009,0,7,152.48,16,6,0.08784645936324385,7.800864772758091,6,[C]OC1=[C]C2=C([C][C][N]C(=O)C(=O)/[C]=[C]/C3=[C]C(=[C][C]=C3Br)Br)[C](N=C2[C]=[C]1)[C][C][C][C][C][C][N]C1=[C][C]=[C]C2=C1[C]N(C2=O)[C]1[C][C]C(=O)[N]C1=O,pocket,1output_434_Fragments_.xyz
875.8062757800001,-0.21195999999999998,0,10,188.01,15,7,0.11316823545874674,7.938529742322942,11,[C]OC1=[C]C2=C([C][C][N]C(=O)C(=O)/[C]=[C]/C3=[C]C(=[C][C]=C3Br)Br)[C](N=C2[C]=[C]1)[C]O[C]1[C][C][C](O[C]1)C(=O)[C][N]C1=[C][C]=[C]C2=C1[C]N(C2=O)[C]1[C][C]C(=O)[N]C1=O,pocket,1output_435_Fragments_.xyz
833.81952054,-0.7183400000000002,0,8,183.64999999999998,16,6,0.07900730990935842,7.7902906997627746,8,[C]OC1=[C]C2=C([C][C][N]C(=O)C(=O)/[C]=[C]/C3=[C]C(=[C][C]=C3Br)Br)[C](N=C2[C]=[C]1)[C][C][C]C(=O)[N][C][C][N]C1=[C][C]=[C]C2=C1[C]N(C2=O)[C]1[C][C]C(=O)[N]C1=O,pocket,1output_436_Fragments_.xyz
803.8215319200001,1.8671500000000019,0,7,145.04999999999998,16,6,0.07326432432954814,7.915795185391814,6,[C]OC1=[C]C2=C([C]=[C]1)N([C]=C2[C][C][N]C(=O)C(=O)/[C]=[C]/C1=[C]C(=[C][C]=C1Br)Br)[C][C][C][C][C][C][N]C1=[C][C]=[C]C2=C1[C]N(C2=O)[C]1[C][C]C(=O)[N]C1=O,pocket,1output_437_Fragments_.xyz
815.8215319200001,1.948440000000002,0,7,145.04999999999998,16,6,0.0732484383880419,7.961765075809401,7,[C]OC1=[C]C2=C([C]=[C]1)N([C]=C2[C][C][N]C(=O)C(=O)/[C]=[C]/C1=[C]C(=[C][C]=C1Br)Br)[C][C][C]/[C]=[C]/[C][C][N]C1=[C][C]=[C]C2=C1[C]N(C2=O)[C]1[C][C]C(=O)[N]C1=O,pocket,1output_438_Fragments_.xyz
865.8093497800002,0.894260000000002,0,8,215.60999999999999,15,7,0.0930291956267988,7.873034733707782,10,[C]OC1=[C]C2=C([C]=[C]1)N=C([C]2[C][C][N]C(=O)C(=O)/[C]=[C]/C1=[C]C(=[C][C]=C1Br)Br)O[C]1[C][C]1[C][N]C([C][N]C1=[C][C]=[C]C2=C1[C]N(C2=O)[C]1[C][C]C(=O)[N]C1=O)([O])[O],pocket,1output_439_Fragments_.xyz
807.8164465400001,1.7174600000000015,0,8,154.27999999999997,16,6,0.07234190109381218,7.899771242447341,6,[C]OC1=[C]C2=C([C]=[C]1)N([C]=C2[C][C][N]C(=O)C(=O)/[C]=[C]/C1=[C]C(=[C][C]=C1Br)Br)[C][C][C]O[C][C][N]C1=[C][C]=[C]C2=C1[C]N(C2=O)[C]1[C][C]C(=O)[N]C1=O,pocket,1output_43_Fragments_.xyz
835.81136116,-0.30614000000000013,0,9,178.78,15,6,0.08669041335312887,7.743546616922538,8,[C]OC1=[C]C2=C([C][C][N]C(=O)C(=O)/[C]=[C]/C3=[C]C(=[C][C]=C3Br)Br)[C](N=C2[C]=[C]1)/[C]=[C]\[C][C]C(=O)O[C][N]C1=[C][C]=[C]C2=C1[C]N(C2=O)[C]1[C][C]C(=O)[N]C1=O,pocket,1output_440_Fragments_.xyz
803.82153192,0.2744500000000009,0,7,152.48,15,6,0.09320484350913054,7.800864772758091,6,[C]OC1=[C]C2=C([C][C][N]C(=O)C(=O)/[C]=[C]/C3=[C]C(=[C][C]=C3Br)Br)[C](N=C2[C]=[C]1)[C][C]/[C]=[C]/[C][C][N]C1=[C][C]=[C]C2=C1[C]N(C2=O)[C]1[C][C]C(=O)[N]C1=O,pocket,1output_441_Fragments_.xyz
853.79159154,0.5905800000000008,0,10,174.6,14,7,0.1007389013026322,7.786052669762398,8,[C]OC1=[C]C2=C([C][C][N]C(=O)C(=O)/[C]=[C]/C3=[C]C(=[C][C]=C3Br)Br)[C](N=C2[C]=[C]1)[C]OC1=[C]N=C(S1)[C][N]C1=[C][C]=[C]C2=C1[C]N(C2=O)[C]1[C][C]C(=O)[N]C1=O,pocket,1output_442_Fragments_.xyz
803.82153192,0.5790600000000008,0,8,150.73999999999998,14,6,0.07655990674632537,7.771129469650602,6,[C]OC1=[C]C2=C([C][C][N]C(=O)C(=O)/[C]=[C]/C3=[C]C(=[C][C]=C3Br)Br)[C](N=C2[C]=[C]1)[C]/[C]=[C]/[C][C]/[C]=N/C1=[C][C]=[C]C2=C1[C]N(C2=O)[C]1[C][C]C(=O)[N]C1=O,pocket,1output_443_Fragments_.xyz
859.81136116,0.30023000000000105,0,9,170.94,15,7,0.11945877795035043,3.014491733064231,10,[C]OC1=[C]C2=C([C][C][N]C(=O)C(=O)/[C]=[C]/C3=[C]C(=[C][C]=C3Br)Br)[C](N=C2[C]=[C]1)[C][C]O[C]1[C][C]O[C]([C]1)[C][N]C1=[C][C]=[C]C2=C1[C]N(C2=O)[C]1[C][C]C(=O)[N]C1=O,pocket,1output_444_Fragments_.xyz
835.8113611600002,1.2865600000000013,0,9,171.34999999999997,16,6,0.0534655899604926,7.854793362484668,8,[C]OC1=[C]C2=C([C]=[C]1)N([C]=C2[C][C][N]C(=O)C(=O)/[C]=[C]/C1=[C]C(=[C][C]=C1Br)Br)[C][C][C]OC(=O)[C][C][N]C1=[C][C]=[C]C2=C1[C]N(C2=O)[C]1[C][C]C(=O)[N]C1=O,pocket,1output_445_Fragments_.xyz
819.8164465400001,1.7987500000000016,0,8,154.27999999999997,15,7,0.07676331124964209,7.949112028856355,7,[C]OC1=[C]C2=C([C]=[C]1)N([C]=C2[C][C][N]C(=O)C(=O)/[C]=[C]/C1=[C]C(=[C][C]=C1Br)Br)[C][C]O[C][C]1[C][C]1[N]C1=[C][C]=[C]C2=C1[C]N(C2=O)[C]1[C][C]C(=O)[N]C1=O,pocket,1output_446_Fragments_.xyz
891.8011904000001,0.33445999999999965,0,10,203.36999999999995,17,7,0.07927220786345836,7.919681869560206,12,[C]O[C]([C](C1=C(O1)[C][N]C1=[C][C]=[C]C2=C1[C]N(C2=O)[C]1[C][C]C(=O)[N]C1=O)[O])[C]O/[C]=C/1\N=C2C(=C1[C][C][N]C(=O)C(=O)/[C]=[C]/C1=[C]C(=[C][C]=C1Br)Br)[C]=C([C]=[C]2)O[C],pocket,1output_447_Fragments_.xyz
873.81443516,-0.62416,0,9,192.88,17,6,0.07415760984669123,7.935517994071194,11,[C]OC1=[C]C2=C([C][C][N]C(=O)C(=O)/[C]=[C]/C3=[C]C(=[C][C]=C3Br)Br)[C](N=C2[C]=[C]1)[C]/[C]=[C]/O[C][C]([N]C(=O)[C])[C][N]C1=[C][C]=[C]C2=C1[C]N(C2=O)[C]1[C][C]C(=O)[N]C1=O,pocket,1output_449_Fragments_.xyz
871.8113611600002,1.4800300000000017,0,8,182.01999999999998,13,7,0.11086147522668498,4.798592237856857,11,[C]OC1=[C]C2=C([C]=[C]1)N([C]=C2[C][C][N]C(=O)C(=O)/[C]=[C]/C1=[C]C(=[C][C]=C1Br)Br)[C][C]1[C][C][C]([C][C]1[O])[C]C(=O)[N]C1=[C][C]=[C]C2=C1[C]N(C2=O)[C]1[C][C]C(=O)[N]C1=O,pocket,1output_44_Fragments_.xyz
907.78958016,-0.23323999999999995,0,11,213.44,15,7,0.11179753869701685,7.800986337547307,12,[C]OC1=[C]C2=C([C][C][N]C(=O)C(=O)/[C]=[C]/C3=[C]C(=[C][C]=C3Br)Br)[C](N=C2[C]=[C]1)[C][C]OC1=N[C](S[C]1C(=O)[N])[C][N]C1=[C][C]=[C]C2=C1[C]N(C2=O)[C]1[C][C]C(=O)[N]C1=O,pocket,1output_450_Fragments_.xyz
851.8062757800001,0.26136000000000087,0,10,188.01000000000002,16,6,0.06408814904238397,7.756069627639953,9,[C]OC1=[C]C2=C([C][C][N]C(=O)C(=O)/[C]=[C]/C3=[C]C(=[C][C]=C3Br)Br)[C](N=C2[C]=[C]1)[C][C][C]OC(=O)O[C][C][N]C1=[C][C]=[C]C2=C1[C]N(C2=O)[C]1[C][C]C(=O)[N]C1=O,pocket,1output_452_Fragments_.xyz
883.81136116,0.12602000000000085,0,8,181.61,18,7,0.0989285701955382,7.2208224668357355,12,[C]OC1=[C]C2=C([C][C][N]C(=O)C(=O)/[C]=[C]/C3=[C]C(=[C][C]=C3Br)Br)[C](N=C2[C]=[C]1)[C][C]([C][C]O[C@]1([C][C])[C][C]1[C][N]C1=[C][C]=[C]C2=C1[C]N(C2=O)[C]1[C][C]C(=O)[N]C1=O)[O],pocket,1output_453_Fragments_.xyz
807.8164465400001,1.8175600000000018,0,8,161.70999999999998,14,6,0.10395031593279856,7.7598682368436736,6,[C]OC1=[C]C2=C([C]=[C]1)N=C([C]2[C][C][N]C(=O)C(=O)/[C]=[C]/C1=[C]C(=[C][C]=C1Br)Br)O[C][C]/[C]=[C]/[C][N]C1=[C][C]=[C]C2=C1[C]N(C2=O)[C]1[C][C]C(=O)[N]C1=O,pocket,1output_455_Fragments_.xyz
859.8113611600002,1.7892500000000022,0,9,170.10999999999999,14,8,0.06081374569858506,5.005450419954329,10,[C]OC1=[C]C2=C([C]=[C]1)N([C]=C2[C][C][N]C(=O)C(=O)/[C]=[C]/C1=[C]C(=[C][C]=C1Br)Br)C1=[C][C][C]([C]1)[C]C1([C][N]C2=[C][C]=[C]C3=C2[C]N(C3=O)[C]2[C][C]C(=O)[N]C2=O)OO1,pocket,1output_456_Fragments_.xyz
821.8195205400001,-0.7996300000000003,0,8,183.64999999999998,15,6,0.08323974352126051,7.740285267382535,7,[C]OC1=[C]C2=C([C][C][N]C(=O)C(=O)/[C]=[C]/C3=[C]C(=[C][C]=C3Br)Br)[C](N=C2[C]=[C]1)[C][N]C(=O)[C][C][C][N]C1=[C][C]=[C]C2=C1[C]N(C2=O)[C]1[C][C]C(=O)[N]C1=O,pocket,1output_457_Fragments_.xyz
873.81443516,-0.43884999999999885,0,9,192.69,14,7,0.11831613314451557,7.9285451047653765,11,[C]OC1=[C]C2=C([C][C][N]C(=O)C(=O)/[C]=[C]/C3=[C]C(=[C][C]=C3Br)Br)/C(=[C]/N3[C][C][C]([C]3)[C](C(=O)[O])[C][N]C3=[C][C]=[C]C4=C3[C]N(C4=O)[C]3[C][C]C(=O)[N]C3=O)/N=C2[C]=[C]1,pocket,1output_458_Fragments_.xyz
879.8011904000001,-0.8558400000000004,0,10,215.75,17,6,0.07133471108048185,7.765903458913101,11,[C]OC1=[C]C2=C([C][C][N]C(=O)C(=O)/[C]=[C]/C3=[C]C(=[C][C]=C3Br)Br)[C](N=C2[C]=[C]1)[C][C]O[C][C](C(=O)[O])[C]C(=O)[N]C1=[C][C]=[C]C2=C1[C]N(C2=O)[C]1[C][C]C(=O)[N]C1=O,pocket,1output_459_Fragments_.xyz
819.8164465400001,1.659570000000002,0,9,160.37999999999997,15,6,0.058013333257209275,7.83144725833276,7,[C]OC1=[C]C2=C([C]=[C]1)N([C]=C2[C][C][N]C(=O)C(=O)/[C]=[C]/C1=[C]C(=[C][C]=C1Br)Br)[C][C][C][C]C(=O)/[C]=N/C1=[C][C]=[C]C2=C1[C]N(C2=O)[C]1[C][C]C(=O)[N]C1=O,pocket,1output_460_Fragments_.xyz
819.81644654,0.2060500000000009,0,8,161.71,17,6,0.08145502288846507,7.833361779106106,7,[C]OC1=[C]C2=C([C][C][N]C(=O)C(=O)/[C]=[C]/C3=[C]C(=[C][C]=C3Br)Br)[C](N=C2[C]=[C]1)[C]O[C][C][C][C][C][N]C1=[C][C]=[C]C2=C1[C]N(C2=O)[C]1[C][C]C(=O)[N]C1=O,pocket,1output_463_Fragments_.xyz
885.7966769200001,2.4405200000000025,0,9,148.29,12,8,0.11987320998761009,6.468473555643901,11,[C]OC1=[C]C2=C([C]=[C]1)N([C]=C2[C][C][N]C(=O)C(=O)/[C]=[C]/C1=[C]C(=[C][C]=C1Br)Br)[C][C]1S[C][C]2[N@@]([C][C]1)[C][C]([C]2)[N]C1=[C][C]=[C]C2=C1[C]N(C2=O)[C]1[C][C]C(=O)[N]C1=O,pocket,1output_464_Fragments_.xyz
863.82153192,0.8450300000000015,0,7,152.48,12,8,0.11710857872326633,6.002881923597355,11,[C]OC1=[C]C2=C([C][C][N]C(=O)C(=O)/[C]=[C]/C3=[C]C(=[C][C]=C3Br)Br)[C](N=C2[C]=[C]1)[C]C1=[C]C2=C([C]=[C]1)[C][C][C]([C]2)[N]C1=[C][C]=[C]C2=C1[C]N(C2=O)[C]1[C][C]C(=O)[N]C1=O,pocket,1output_465_Fragments_.xyz
855.8164465400001,2.299650000000002,0,8,162.11999999999998,14,7,0.07171210081891098,5.096827094380515,10,[C]OC1=[C]C2=C([C]=[C]1)N([C]=C2[C][C][N]C(=O)C(=O)/[C]=[C]/C1=[C]C(=[C][C]=C1Br)Br)[C][C]C(=O)C1=[C][C]=C([C]=[C]1)[N]C1=[C][C]=[C]C2=C1[C]N(C2=O)[C]1[C][C]C(=O)[N]C1=O,pocket,1output_466_Fragments_.xyz
823.8113611600002,1.7491600000000014,0,9,170.94,16,6,0.09109299839274526,7.793163877008204,7,[C]OC1=[C]C2=C([C]=[C]1)N=C([C]2[C][C][N]C(=O)C(=O)/[C]=[C]/C1=[C]C(=[C][C]=C1Br)Br)O[C][C][C][C]O[C][N]C1=[C][C]=[C]C2=C1[C]N(C2=O)[C]1[C][C]C(=O)[N]C1=O,pocket,1output_467_Fragments_.xyz
907.77834678,0.17326000000000158,0,10,198.68,15,7,0.08838786717923112,6.935248675710077,12,[C]OC1=[C]C2=C([C][C][N]C(=O)C(=O)/[C]=[C]/C3=[C]C(=[C][C]=C3Br)Br)/C(=[C]/O[C][C@@]3([C][C][C](S3)[C][N]C3=[C][C]=[C]C4=C3[C]N(C4=O)[C]3[C][C]C(=O)[N]C3=O)C(=O)[O])/N=C2[C]=[C]1,pocket,1output_468_Fragments_.xyz
885.81443516,-0.3116599999999988,0,9,188.33999999999997,17,7,0.04410820943462735,7.19056315824495,12,[C]OC1=[C]C2=C([C][C][N]C(=O)C(=O)/[C]=[C]/C3=[C]C(=[C][C]=C3Br)Br)/C(=[C]/O[C][C][C]([C][N][C]3O[C@@]3([C])[N]C3=[C][C]=[C]C4=C3[C]N(C4=O)[C]3[C][C]C(=O)[N]C3=O)[C])/N=C2[C]=[C]1,pocket,1output_46_Fragments_.xyz
835.81136116,-0.30614000000000013,0,9,178.78,17,6,0.07699829975591566,7.781724723431414,8,[C]OC1=[C]C2=C([C][C][N]C(=O)C(=O)/[C]=[C]/C3=[C]C(=[C][C]=C3Br)Br)[C](N=C2[C]=[C]1)[C][C]O[C][C]C(=O)[C][N]C1=[C][C]=[C]C2=C1[C]N(C2=O)[C]1[C][C]C(=O)[N]C1=O,pocket,1output_471_Fragments_.xyz
843.81644654,0.5346500000000012,0,8,161.71,14,7,0.10175413825298354,7.988682900499169,9,[C]OC1=[C]C2=C([C][C][N]C(=O)C(=O)/[C]=[C]/C3=[C]C(=[C][C]=C3Br)Br)[C](N=C2[C]=[C]1)[C]OC1=[C][C]=C([C]=[C]1)[C][N]C1=[C][C]=[C]C2=C1[C]N(C2=O)[C]1[C][C]C(=O)[N]C1=O,pocket,1output_472_Fragments_.xyz
807.8164465400001,1.7174600000000015,0,8,154.27999999999997,16,6,0.07234190109381218,7.899771242447342,6,[C]OC1=[C]C2=C([C]=[C]1)N([C]=C2[C][C][N]C(=O)C(=O)/[C]=[C]/C1=[C]C(=[C][C]=C1Br)Br)[C]O[C][C][C][C][N]C1=[C][C]=[C]C2=C1[C]N(C2=O)[C]1[C][C]C(=O)[N]C1=O,pocket,1output_474_Fragments_.xyz
857.8195205400001,1.3658700000000017,0,8,184.73999999999998,13,7,0.08466779165177482,7.962974554273689,10,[C]OC1=[C]C2=C([C][C][N]C(=O)C(=O)/[C]=[C]/C3=[C]C(=[C][C]=C3Br)Br)[C](N=C2[C]=[C]1)[C]/[C]=N/C1=C([O])[C]=C([C]=[C]1)[N]C1=[C][C]=[C]C2=C1[C]N(C2=O)[C]1[C][C]C(=O)[N]C1=O,pocket,1output_475_Fragments_.xyz
827.78851754,0.6916700000000009,0,9,161.71,16,6,0.08829585274404311,7.756712047337816,6,[C]OC1=[C]C2=C([C][C][N]C(=O)C(=O)/[C]=[C]/C3=[C]C(=[C][C]=C3Br)Br)[C](N=C2[C]=[C]1)S[C][C]O[C][C][N]C1=[C][C]=[C]C2=C1[C]N(C2=O)[C]1[C][C]C(=O)[N]C1=O,pocket,1output_476_Fragments_.xyz
863.8062757800001,-0.34364999999999984,0,9,198.68,18,6,0.07161621509020569,7.80722422247988,10,[C]OC1=[C]C2=C([C][C][N]C(=O)C(=O)/[C]=[C]/C3=[C]C(=[C][C]=C3Br)Br)[C](N=C2[C]=[C]1)[C][C][C]O[C](C(=O)[O])[C][C][N]C1=[C][C]=[C]C2=C1[C]N(C2=O)[C]1[C][C]C(=O)[N]C1=O,pocket,1output_477_Fragments_.xyz
833.81952054,-0.7183400000000002,0,8,183.64999999999998,16,6,0.07900730990935842,7.7902906997627746,8,[C]OC1=[C]C2=C([C][C][N]C(=O)C(=O)/[C]=[C]/C3=[C]C(=[C][C]=C3Br)Br)[C](N=C2[C]=[C]1)[C][C][C][C][N]C(=O)[C][N]C1=[C][C]=[C]C2=C1[C]N(C2=O)[C]1[C][C]C(=O)[N]C1=O,pocket,1output_478_Fragments_.xyz
819.81644654,0.1556500000000009,0,7,172.38,15,6,0.1201107347475457,7.792871692721902,7,[C]OC1=[C]C2=C([C][C][N]C(=O)C(=O)/[C]=[C]/C3=[C]C(=[C][C]=C3Br)Br)[C](N=C2[C]=[C]1)[C]/[C]=[C]/[C][C]([C][N]C1=[C][C]=[C]C2=C1[C]N(C2=O)[C]1[C][C]C(=O)[N]C1=O)[O],pocket,1output_479_Fragments_.xyz
843.81644654,0.8039500000000006,0,8,161.71,14,7,0.1031691721639159,2.3543639257286593,9,[C]OC1=[C]C2=C([C][C][N]C(=O)C(=O)/[C]=[C]/C3=[C]C(=[C][C]=C3Br)Br)[C](N=C2[C]=[C]1)[C]O[C]C1=[C][C]=[C]C(=[C]1)[N]C1=[C][C]=[C]C2=C1[C]N(C2=O)[C]1[C][C]C(=O)[N]C1=O,pocket,1output_47_Fragments_.xyz
855.8164465400001,2.0426200000000017,0,8,154.27999999999997,16,7,0.07240229907218088,5.472848239663066,10,[C]OC1=[C]C2=C([C]=[C]1)N([C]=C2[C][C][N]C(=O)C(=O)/[C]=[C]/C1=[C]C(=[C][C]=C1Br)Br)[C][C][C]1[C][C][C](O1)[C][C][C][N]C1=[C][C]=[C]C2=C1[C]N(C2=O)[C]1[C][C]C(=O)[N]C1=O,pocket,1output_480_Fragments_.xyz
847.81136116,0.2423500000000009,0,8,181.61,16,6,0.06512502482731539,7.875244083372899,9,[C]OC1=[C]C2=C([C][C][N]C(=O)C(=O)/[C]=[C]/C3=[C]C(=[C][C]=C3Br)Br)[C](N=C2[C]=[C]1)[C]O/[C]=[C]/[C]=C(/[C][C][N]C1=[C][C]=[C]C2=C1[C]N(C2=O)[C]1[C][C]C(=O)[N]C1=O)\[O],pocket,1output_481_Fragments_.xyz
803.82153192,0.2744500000000009,0,7,152.48,16,6,0.08784645936324385,7.800864772758091,6,[C]OC1=[C]C2=C([C][C][N]C(=O)C(=O)/[C]=[C]/C3=[C]C(=[C][C]=C3Br)Br)[C](N=C2[C]=[C]1)[C][C][C][C][C][C][N]C1=[C][C]=[C]C2=C1[C]N(C2=O)[C]1[C][C]C(=O)[N]C1=O,pocket,1output_482_Fragments_.xyz
807.8164465400001,1.8175600000000018,0,8,161.70999999999998,14,6,0.07896461176799804,7.7598682368436736,6,[C]OC1=[C]C2=C([C]=[C]1)N=C([C]2[C][C][N]C(=O)C(=O)/[C]=[C]/C1=[C]C(=[C][C]=C1Br)Br)O/[C]=[C]/[C][C][C][N]C1=[C][C]=[C]C2=C1[C]N(C2=O)[C]1[C][C]C(=O)[N]C1=O,pocket,1output_483_Fragments_.xyz
809.8195205400002,1.2556700000000018,0,8,175.81,15,6,0.09612365435189416,7.790049184372966,6,[C]OC1=[C]C2=C([C]=[C]1)N=C([C]2[C][C][N]C(=O)C(=O)/[C]=[C]/C1=[C]C(=[C][C]=C1Br)Br)[N][C][C]O[C][C][N]C1=[C][C]=[C]C2=C1[C]N(C2=O)[C]1[C][C]C(=O)[N]C1=O,pocket,1output_484_Fragments_.xyz
883.8113611600002,2.734450000000002,0,8,174.17999999999998,12,8,0.1052921507687021,6.011579347549398,12,[C]OC1=[C]C2=C([C]=[C]1)N([C]=C2[C][C][N]C(=O)C(=O)/[C]=[C]/C1=[C]C(=[C][C]=C1Br)Br)[C][C]1[C]=C([O])C2=C(O1)[C]=C([C]=[C]2)[N]C1=[C][C]=[C]C2=C1[C]N(C2=O)[C]1[C][C]C(=O)[N]C1=O,pocket,1output_485_Fragments_.xyz
819.81644654,0.2060500000000009,0,8,161.71,17,6,0.08145502288846507,7.833361779106106,7,[C]OC1=[C]C2=C([C][C][N]C(=O)C(=O)/[C]=[C]/C3=[C]C(=[C][C]=C3Br)Br)[C](N=C2[C]=[C]1)[C][C][C][C][C]O[C][N]C1=[C][C]=[C]C2=C1[C]N(C2=O)[C]1[C][C]C(=O)[N]C1=O,pocket,1output_486_Fragments_.xyz
839.78851754,0.722560000000001,0,8,172.38,16,6,0.08856908540203055,7.7835495207762,7,[C]OC1=[C]C2=C([C][C][N]C(=O)C(=O)/[C]=[C]/C3=[C]C(=[C][C]=C3Br)Br)[C](N=C2[C]=[C]1)[C]S[C][C][C]([C][N]C1=[C][C]=[C]C2=C1[C]N(C2=O)[C]1[C][C]C(=O)[N]C1=O)[O],pocket,1output_487_Fragments_.xyz
887.8062757800001,-0.10725999999999952,0,9,198.68,18,6,0.07300089132353364,7.897325720320224,12,[C]OC1=[C]C2=C([C][C][N]C(=O)C(=O)/[C]=[C]/C3=[C]C(=[C][C]=C3Br)Br)[C](N=C2[C]=[C]1)[C]=C=[C][C](O[C][C]C(=O)[O])[C][C][N]C1=[C][C]=[C]C2=C1[C]N(C2=O)[C]1[C][C]C(=O)[N]C1=O,pocket,1output_488_Fragments_.xyz
821.8195205400001,-0.7996300000000003,0,8,183.64999999999998,14,6,0.11589578247180146,7.740285267382535,7,[C]OC1=[C]C2=C([C][C][N]C(=O)C(=O)/[C]=[C]/C3=[C]C(=[C][C]=C3Br)Br)[C](N=C2[C]=[C]1)[C][N]C(=O)/[C]=[C]/[C][N]C1=[C][C]=[C]C2=C1[C]N(C2=O)[C]1[C][C]C(=O)[N]C1=O,pocket,1output_489_Fragments_.xyz
835.8113611600002,1.2865600000000013,0,9,171.34999999999997,17,6,0.06632724425032893,7.892971468993544,8,[C]OC1=[C]C2=C([C]=[C]1)N([C]=C2[C][C][N]C(=O)C(=O)/[C]=[C]/C1=[C]C(=[C][C]=C1Br)Br)[C][C]O[C]C(=O)[C][C][N]C1=[C][C]=[C]C2=C1[C]N(C2=O)[C]1[C][C]C(=O)[N]C1=O,pocket,1output_490_Fragments_.xyz
819.81644654,-0.23774000000000012,0,8,169.54999999999998,16,6,0.08321802297281405,7.747365810368961,7,[C]OC1=[C]C2=C([C][C][N]C(=O)C(=O)/[C]=[C]/C3=[C]C(=[C][C]=C3Br)Br)[C](N=C2[C]=[C]1)[C][C][C][C]C(=O)[C][N]C1=[C][C]=[C]C2=C1[C]N(C2=O)[C]1[C][C]C(=O)[N]C1=O,pocket,1output_491_Fragments_.xyz
815.82153192,0.355740000000001,0,7,152.48,17,6,0.08310540610319933,7.849073567317894,7,[C]OC1=[C]C2=C([C][C][N]C(=O)C(=O)/[C]=[C]/C3=[C]C(=[C][C]=C3Br)Br)[C](N=C2[C]=[C]1)[C][C][C][C][C][C][C][N]C1=[C][C]=[C]C2=C1[C]N(C2=O)[C]1[C][C]C(=O)[N]C1=O,pocket,1output_492_Fragments_.xyz
879.81644654,0.5621000000000016,0,7,172.38,17,7,0.08305904333305705,5.368982600258068,12,[C]OC1=[C]C2=C([C][C][N]C(=O)C(=O)/[C]=[C]/C3=[C]C(=[C][C]=C3Br)Br)[C](N=C2[C]=[C]1)[C][C][C][C][C]1[C][C]([C]([C]1)[C][O])[C][N]C1=[C][C]=[C]C2=C1[C]N(C2=O)[C]1[C][C]C(=O)[N]C1=O,pocket,1output_493_Fragments_.xyz
855.81644654,0.5237299999999997,0,8,161.70999999999998,12,7,0.14594935176344626,5.779547960928761,10,O=C1[C][C][C](C(=O)[N]1)N1[C]C2=C(C1=O)[C]=[C][C]=C2[N][C][C]C1=[C][C]O[C]=[C][C]1.[C]OC1=[C]C2=C([C][C][N]C(=O)C(=O)/[C]=[C]/C3=[C]C(=[C][C]=C3Br)Br)[C](N=C2[C]=[C]1)[C],pocket,1output_495_Fragments_.xyz
859.7961050200003,1.2109900000000013,0,12,214.30999999999997,13,6,0.10312196365746178,7.571267676545906,9,[C]OC1=[C]C2=C([C]=[C]1)N=C([C]2[C][C][N]C(=O)C(=O)/[C]=[C]/C1=[C]C(=[C][C]=C1Br)Br)OC(=O)[C]OC(=O)O[C][N]C1=[C][C]=[C]C2=C1[C]N(C2=O)[C]1[C][C]C(=O)[N]C1=O,pocket,1output_498_Fragments_.xyz
883.81136116,1.9547099999999995,0,7,184.84999999999997,15,7,0.09988446023684747,6.086016805522048,12,[O][C][C]1[C][C]([C][C][C]1[C]([C][N]C1=[C][C]=[C]C2=C1[C]N(C2=O)[C]1[C][C]C(=O)[N]C1=O)[O])[C]N1[C]=C(C2=C1[C]=[C]C(=[C]2)O[C])[C][C][N]C(=O)C(=O)/[C]=[C]/C1=[C]C(=[C][C]=C1Br)Br,pocket,1output_499_Fragments_.xyz
819.81644654,0.2060500000000009,0,8,161.71,17,6,0.08145502288846507,7.833361779106106,7,[C]OC1=[C]C2=C([C][C][N]C(=O)C(=O)/[C]=[C]/C3=[C]C(=[C][C]=C3Br)Br)[C](N=C2[C]=[C]1)[C]O[C][C][C][C][C][N]C1=[C][C]=[C]C2=C1[C]N(C2=O)[C]1[C][C]C(=O)[N]C1=O,pocket,1output_49_Fragments_.xyz
833.8195205400001,-0.7183400000000004,0,8,183.64999999999998,17,6,0.07445460366408028,7.798043658342657,8,[C]OC1=[C]C2=C([C][C][N]C(=O)C(=O)/[C]=[C]/C3=[C]C(=[C][C]=C3Br)Br)[C](N=C2[C]=[C]1)[C][N][C]C(=O)[C][C][C][N]C1=[C][C]=[C]C2=C1[C]N(C2=O)[C]1[C][C]C(=O)[N]C1=O,pocket,1output_501_Fragments_.xyz
825.8144351600001,0.47367000000000087,0,9,186.82999999999998,12,7,0.10838818354698176,6.2736613865147985,7,[C]OC1=[C]C2=C([C]=[C]1)N1[C]([C]2[C][C][N]C(=O)C(=O)/[C]=[C]/C2=[C]C(=[C][C]=C2Br)Br)O1.[C][C][N]C(=O)[C][N]C1=[C][C]=[C]C2=C1[C]N(C2=O)[C]1[C][C]C(=O)[N]C1=O,pocket,1output_502_Fragments_.xyz
803.82153192,0.2744500000000009,0,7,152.48,16,6,0.08784645936324385,7.800864772758091,6,[C]OC1=[C]C2=C([C][C][N]C(=O)C(=O)/[C]=[C]/C3=[C]C(=[C][C]=C3Br)Br)[C](N=C2[C]=[C]1)[C][C][C][C][C][C][N]C1=[C][C]=[C]C2=C1[C]N(C2=O)[C]1[C][C]C(=O)[N]C1=O,pocket,1output_503_Fragments_.xyz
803.8215319200001,1.9409600000000018,0,7,145.04999999999998,14,6,0.06270439114184502,7.896502266390285,6,[C]OC1=[C]C2=C([C]=[C]1)N([C]=C2[C][C][N]C(=O)C(=O)/[C]=[C]/C1=[C]C(=[C][C]=C1Br)Br)[C]=C=[C][C][C][C][N]C1=[C][C]=[C]C2=C1[C]N(C2=O)[C]1[C][C]C(=O)[N]C1=O,pocket,1output_504_Fragments_.xyz
873.8144351600001,-0.36995000000000033,0,9,201.80999999999997,13,7,0.12669831492853217,7.850019682626541,11,[C]OC1=[C]C2=C([C][C][N]C(=O)C(=O)/[C]=[C]/C3=[C]C(=[C][C]=C3Br)Br)[C](N=C2[C]=[C]1)[C][C][N]C(=O)[C]1[C]/C(=N/C2=[C][C]=[C]C3=C2[C]N(C3=O)[C]2[C][C]C(=O)[N]C2=O)/[C][C]1[O],pocket,1output_506_Fragments_.xyz
803.82153192,0.5790600000000008,0,8,150.73999999999998,15,6,0.07217722954041556,7.771129469650602,6,[C]OC1=[C]C2=C([C][C][N]C(=O)C(=O)/[C]=[C]/C3=[C]C(=[C][C]=C3Br)Br)[C](N=C2[C]=[C]1)[C][C][C][C][C]/[C]=N/C1=[C][C]=[C]C2=C1[C]N(C2=O)[C]1[C][C]C(=O)[N]C1=O,pocket,1output_507_Fragments_.xyz
803.8215319200001,1.8671500000000019,0,7,145.04999999999998,16,6,0.07326432432954814,7.915795185391814,6,[C]OC1=[C]C2=C([C]=[C]1)N([C]=C2[C][C][N]C(=O)C(=O)/[C]=[C]/C1=[C]C(=[C][C]=C1Br)Br)[C][C][C][C][C][C][N]C1=[C][C]=[C]C2=C1[C]N(C2=O)[C]1[C][C]C(=O)[N]C1=O,pocket,1output_508_Fragments_.xyz
881.78650616,0.5594600000000005,0,10,193.97,14,7,0.12738652746268814,7.8562967764959115,10,[C]OC1=[C]C2=C([C][C][N]C(=O)C(=O)/[C]=[C]/C3=[C]C(=[C][C]=C3Br)Br)[C](N=C2[C]=[C]1)[C]O[C][C]([C]1[C]N=C(S1)[N]C1=[C][C]=[C]C2=C1[C]N(C2=O)[C]1[C][C]C(=O)[N]C1=O)[O],pocket,1output_509_Fragments_.xyz
823.8113611600002,1.7491600000000014,0,9,170.94,16,6,0.09109299839274526,7.793163877008204,7,[C]OC1=[C]C2=C([C]=[C]1)N=C([C]2[C][C][N]C(=O)C(=O)/[C]=[C]/C1=[C]C(=[C][C]=C1Br)Br)O[C][C][C][C]O[C][N]C1=[C][C]=[C]C2=C1[C]N(C2=O)[C]1[C][C]C(=O)[N]C1=O,pocket,1output_50_Fragments_.xyz
833.81952054,-0.7183400000000004,0,8,183.64999999999998,16,6,0.07900730990935842,7.7902906997627746,8,[C]OC1=[C]C2=C([C][C][N]C(=O)C(=O)/[C]=[C]/C3=[C]C(=[C][C]=C3Br)Br)[C](N=C2[C]=[C]1)[C][C]C(=O)[N][C][C][C][N]C1=[C][C]=[C]C2=C1[C]N(C2=O)[C]1[C][C]C(=O)[N]C1=O,pocket,1output_510_Fragments_.xyz
885.81443516,-0.23825999999999997,0,10,191.14,14,7,0.09177548239205759,7.901145434737543,12,[C]OC1=[C]C2=C([C][C][N]C(=O)C(=O)/[C]=[C]/C3=[C]C(=[C][C]=C3Br)Br)[C](N=C2[C]=[C]1)[C]C(=O)O[C][C][C]1[C]C(=N[C]1[C])[N]C1=[C][C]=[C]C2=C1[C]N(C2=O)[C]1[C][C]C(=O)[N]C1=O,pocket,1output_52_Fragments_.xyz
881.81952054,0.28675000000000067,0,8,183.64999999999998,13,8,0.10506882381814732,5.3785419994727475,12,[C]OC1=[C]C2=C([C][C][N]C(=O)C(=O)/[C]=[C]/C3=[C]C(=[C][C]=C3Br)Br)[C](N=C2[C]=[C]1)C1([C][C]1)C(=O)[N]C1=[C]C(=[C][C]=[C]1)[N]C1=[C][C]=[C]C2=C1[C]N(C2=O)[C]1[C][C]C(=O)[N]C1=O,pocket,1output_53_Fragments_.xyz
803.82153192,0.2744500000000009,0,7,152.48,16,6,0.08784645936324385,7.800864772758091,6,[C]OC1=[C]C2=C([C][C][N]C(=O)C(=O)/[C]=[C]/C3=[C]C(=[C][C]=C3Br)Br)[C](N=C2[C]=[C]1)[C][C][C][C][C][C][N]C1=[C][C]=[C]C2=C1[C]N(C2=O)[C]1[C][C]C(=O)[N]C1=O,pocket,1output_54_Fragments_.xyz
849.8144351600001,0.9060600000000012,0,9,192.87999999999997,16,6,0.08789126527589161,7.800925941137775,9,[C]OC1=[C]C2=C([C]=[C]1)N=C([C]2[C][C][N]C(=O)C(=O)/[C]=[C]/C1=[C]C(=[C][C]=C1Br)Br)O[C][C][C][N]C(=O)[C][C][N]C1=[C][C]=[C]C2=C1[C]N(C2=O)[C]1[C][C]C(=O)[N]C1=O,pocket,1output_55_Fragments_.xyz
803.8215319200001,1.8671500000000019,0,7,145.04999999999998,15,6,0.07773323971660143,7.915795185391814,6,[C]OC1=[C]C2=C([C]=[C]1)N([C]=C2[C][C][N]C(=O)C(=O)/[C]=[C]/C1=[C]C(=[C][C]=C1Br)Br)/[C]=[C]/[C][C][C][C][N]C1=[C][C]=[C]C2=C1[C]N(C2=O)[C]1[C][C]C(=O)[N]C1=O,pocket,1output_56_Fragments_.xyz
843.81644654,0.39204000000000194,0,7,172.38,13,7,0.13695211326484788,7.93366788598538,9,[C]OC1=[C]C2=C([C][C][N]C(=O)C(=O)/[C]=[C]/C3=[C]C(=[C][C]=C3Br)Br)/C(=[C]/[C][C]([C]3[C][C][C]([C]3)[N]C3=[C][C]=[C]C4=C3[C]N(C4=O)[C]3[C][C]C(=O)[N]C3=O)[O])/N=C2[C]=[C]1,pocket,1output_57_Fragments_.xyz
883.8113611600002,1.611720000000002,0,9,171.34999999999997,15,7,0.0985624223587929,5.509227476563114,12,[C]OC1=[C]C2=C([C]=[C]1)N([C]=C2[C][C][N]C(=O)C(=O)/[C]=[C]/C1=[C]C(=[C][C]=C1Br)Br)[C]C(=O)[C][C]1[C][C]([C][N]C2=[C][C]=[C]C3=C2[C]N(C3=O)[C]2[C][C]C(=O)[N]C2=O)[C][C](O1)[C],pocket,1output_59_Fragments_.xyz
803.82153192,0.2744500000000009,0,7,152.48,15,6,0.09320484350913054,7.800864772758091,6,[C]OC1=[C]C2=C([C][C][N]C(=O)C(=O)/[C]=[C]/C3=[C]C(=[C][C]=C3Br)Br)[C](N=C2[C]=[C]1)/[C]=[C]\[C][C][C][C][N]C1=[C][C]=[C]C2=C1[C]N(C2=O)[C]1[C][C]C(=O)[N]C1=O,pocket,1output_5_Fragments_.xyz
851.8062757800001,-0.42494000000000015,0,9,198.68,17,6,0.09909355700655331,7.7640762451924505,9,[C]OC1=[C]C2=C([C][C][N]C(=O)C(=O)/[C]=[C]/C3=[C]C(=[C][C]=C3Br)Br)[C](N=C2[C]=[C]1)[C][C](O[C][C]C(=O)[C][N]C1=[C][C]=[C]C2=C1[C]N(C2=O)[C]1[C][C]C(=O)[N]C1=O)[O],pocket,1output_60_Fragments_.xyz
883.7961050200003,0.6872700000000009,0,11,224.98,16,6,0.08469668074054468,7.698806526397763,11,[C]OC1=[C]C2=C([C]=[C]1)N=C([C]2[C][C][N]C(=O)C(=O)/[C]=[C]/C1=[C]C(=[C][C]=C1Br)Br)O[C]C(=O)O[C][C](C(=O)[O])[C][N]C1=[C][C]=[C]C2=C1[C]N(C2=O)[C]1[C][C]C(=O)[N]C1=O,pocket,1output_63_Fragments_.xyz
871.8113611600002,1.7959300000000018,0,9,171.35,13,8,0.1113025863049874,3.1532241833399715,11,[C]OC1=[C]C2=C([C]=[C]1)N([C]=C2[C][C][N]C(=O)C(=O)/[C]=[C]/C1=[C]C(=[C][C]=C1Br)Br)C(=O)[C][C]1[C]2[C]1[C][C]O[C]2[C][N]C1=[C][C]=[C]C2=C1[C]N(C2=O)[C]1[C][C]C(=O)[N]C1=O,pocket,1output_64_Fragments_.xyz
819.81644654,0.2060500000000009,0,8,161.71,16,6,0.08643578664468254,7.833361779106106,7,[C]OC1=[C]C2=C([C][C][N]C(=O)C(=O)/[C]=[C]/C3=[C]C(=[C][C]=C3Br)Br)[C](N=C2[C]=[C]1)[C]O[C][C]/[C]=[C]\[C][N]C1=[C][C]=[C]C2=C1[C]N(C2=O)[C]1[C][C]C(=O)[N]C1=O,pocket,1output_65_Fragments_.xyz
863.78851754,1.9641399999999996,0,8,163.45,10,7,0.12940477828761018,7.928706833501651,9,O=C1[C][C][C](C(=O)[N]1)N1[C]C2=C(C1=O)[C]=[C][C]=C2[N][C]1[C][C][C](O1)[C].[C]OC1=[C]C2=C([C]=[C]1)[N]C(=S)[C]2[C][C][N]C(=O)C(=O)/[C]=[C]/C1=[C]C(=[C][C]=C1Br)Br.[C][C],pocket,1output_66_Fragments_.xyz
871.8113611600002,1.480030000000002,0,8,182.01999999999998,15,7,0.09857278134566562,4.3372702643182866,11,[C]OC1=[C]C2=C([C]=[C]1)N([C]=C2[C][C][N]C(=O)C(=O)/[C]=[C]/C1=[C]C(=[C][C]=C1Br)Br)[C][C]([C]C(=O)[C]1[C][C][C]([C]1)[N]C1=[C][C]=[C]C2=C1[C]N(C2=O)[C]1[C][C]C(=O)[N]C1=O)[O],pocket,1output_67_Fragments_.xyz
833.8195205400001,0.8743600000000014,0,8,176.21999999999997,14,7,0.1029481129517764,7.876475906863366,8,[C]OC1=[C]C2=C([C]=[C]1)N([C]=C2[C][C][N]C(=O)C(=O)/[C]=[C]/C1=[C]C(=[C][C]=C1Br)Br)[C][C][N]C(=O)[C]1[C][C]1[N]C1=[C][C]=[C]C2=C1[C]N(C2=O)[C]1[C][C]C(=O)[N]C1=O,pocket,1output_68_Fragments_.xyz
851.78851754,0.9957700000000009,0,9,161.71,14,7,0.10396029444015441,7.839776628606102,8,[C]OC1=[C]C2=C([C][C][N]C(=O)C(=O)/[C]=[C]/C3=[C]C(=[C][C]=C3Br)Br)[C](N=C2[C]=[C]1)[C]OC1=[C][C]=C(S1)[C][N]C1=[C][C]=[C]C2=C1[C]N(C2=O)[C]1[C][C]C(=O)[N]C1=O,pocket,1output_70_Fragments_.xyz
879.8011904000002,0.787260000000001,0,11,197.65,18,6,0.045317226875524495,7.889201765178136,11,[C]OC1=[C]C2=C([C]=[C]1)N([C]=C2[C][C][N]C(=O)C(=O)/[C]=[C]/C1=[C]C(=[C][C]=C1Br)Br)[C]C(=O)[C]O[C][C]C(=O)O[C][N]C1=[C][C]=[C]C2=C1[C]N(C2=O)[C]1[C][C]C(=O)[N]C1=O,pocket,1output_71_Fragments_.xyz
865.8093497800002,-0.9559400000000002,0,8,223.45,16,6,0.09962224265020701,7.769853550000185,10,[C]OC1=[C]C2=C([C][C][N]C(=O)C(=O)/[C]=[C]/C3=[C]C(=[C][C]=C3Br)Br)[C](N=C2[C]=[C]1)[C][N]C(=O)[C]([C][C]([C][N]C1=[C][C]=[C]C2=C1[C]N(C2=O)[C]1[C][C]C(=O)[N]C1=O)[O])[O],pocket,1output_72_Fragments_.xyz
851.8062757800002,1.762050000000002,0,10,180.17,18,6,0.07982621766557021,7.875449054345323,9,[C]OC1=[C]C2=C([C]=[C]1)N=C([C]2[C][C][N]C(=O)C(=O)/[C]=[C]/C1=[C]C(=[C][C]=C1Br)Br)O[C][C]O[C][C]O[C][C][N]C1=[C][C]=[C]C2=C1[C]N(C2=O)[C]1[C][C]C(=O)[N]C1=O,pocket,1output_73_Fragments_.xyz
843.8164465400001,1.388550000000002,0,8,154.27999999999997,15,8,0.07591699060612753,7.714523728000481,9,[C]OC1=[C]C2=C([C]=[C]1)N([C]=C2[C][C][N]C(=O)C(=O)/[C]=[C]/C1=[C]C(=[C][C]=C1Br)Br)[C][C][C][C][C@]12O[C][C@@]2([C]1)[N]C1=[C][C]=[C]C2=C1[C]N(C2=O)[C]1[C][C]C(=O)[N]C1=O,pocket,1output_74_Fragments_.xyz
873.7814207800002,0.5854700000000015,0,10,209.95,16,6,0.08525384699874441,7.759303703809782,9,[C]OC1=[C]C2=C([C]=[C]1)N=C([C]2[C][C][N]C(=O)C(=O)/[C]=[C]/C1=[C]C(=[C][C]=C1Br)Br)[N]S(=O)(=O)[C][C]O[C][C][N]C1=[C][C]=[C]C2=C1[C]N(C2=O)[C]1[C][C]C(=O)[N]C1=O,pocket,1output_75_Fragments_.xyz
833.81952054,-0.7183400000000002,0,8,183.64999999999998,16,6,0.07900730990935842,7.7902906997627746,8,[C]OC1=[C]C2=C([C][C][N]C(=O)C(=O)/[C]=[C]/C3=[C]C(=[C][C]=C3Br)Br)[C](N=C2[C]=[C]1)[C][C][C][N]C(=O)[C][C][N]C1=[C][C]=[C]C2=C1[C]N(C2=O)[C]1[C][C]C(=O)[N]C1=O,pocket,1output_76_Fragments_.xyz
803.82153192,0.2744500000000009,0,7,152.48,16,6,0.08784645936324385,7.800864772758091,6,[C]OC1=[C]C2=C([C][C][N]C(=O)C(=O)/[C]=[C]/C3=[C]C(=[C][C]=C3Br)Br)[C](N=C2[C]=[C]1)[C][C][C][C][C][C][N]C1=[C][C]=[C]C2=C1[C]N(C2=O)[C]1[C][C]C(=O)[N]C1=O,pocket,1output_77_Fragments_.xyz
851.8062757800002,1.318260000000001,0,10,188.01,15,6,0.0940941798714826,7.7772817953385065,9,[C]OC1=[C]C2=C([C]=[C]1)N=C([C]2[C][C][N]C(=O)C(=O)/[C]=[C]/C1=[C]C(=[C][C]=C1Br)Br)O[C][C]O[C]([C]C(=O)[N]C1=[C][C]=[C]C2=C1[C]N(C2=O)[C]1[C][C]C(=O)[N]C1=O)[C],pocket,1output_78_Fragments_.xyz
851.8062757800001,0.01885000000000088,0,9,190.84,18,6,0.07408761993452274,7.860026376551418,9,[C]OC1=[C]C2=C([C][C][N]C(=O)C(=O)/[C]=[C]/C3=[C]C(=[C][C]=C3Br)Br)[C](N=C2[C]=[C]1)[C]O[C][C]O[C][C][C]([N]C1=[C][C]=[C]C2=C1[C]N(C2=O)[C]1[C][C]C(=O)[N]C1=O)[O],pocket,1output_79_Fragments_.xyz
903.7834321600001,1.5259500000000017,0,9,181.61,15,7,0.09788714065220194,4.574499620564433,12,[C]OC1=[C]C2=C([C][C][N]C(=O)C(=O)/[C]=[C]/C3=[C]C(=[C][C]=C3Br)Br)[C](N=C2[C]=[C]1)S[C]OC1=C([C]=[C]C(=[C]1)[N]C1=[C][C]=[C]C2=C1[C]N(C2=O)[C]1[C][C]C(=O)[N]C1=O)[C]([O])[C],pocket,1output_7_Fragments_.xyz
803.8215319200001,1.8671500000000019,0,7,145.04999999999998,16,6,0.07326432432954814,7.915795185391814,6,[C]OC1=[C]C2=C([C]=[C]1)N([C]=C2[C][C][N]C(=O)C(=O)/[C]=[C]/C1=[C]C(=[C][C]=C1Br)Br)[C][C][C][C][C][C][N]C1=[C][C]=[C]C2=C1[C]N(C2=O)[C]1[C][C]C(=O)[N]C1=O,pocket,1output_80_Fragments_.xyz
893.8042644000001,-1.38684,0,9,240.51999999999998,16,6,0.09405986509171584,7.76911218989855,12,[C]OC1=[C]C2=C([C][C][N]C(=O)C(=O)/[C]=[C]/C3=[C]C(=[C][C]=C3Br)Br)[C](N=C2[C]=[C]1)[C][C]([C][N]C(=O)[C][C](C(=O)[N]C1=[C][C]=[C]C2=C1[C]N(C2=O)[C]1[C][C]C(=O)[N]C1=O)[O])[O],pocket,1output_81_Fragments_.xyz
883.81136116,0.46281000000000116,0,9,170.94,17,7,0.08156701891342784,5.627563565474057,12,[C]OC1=[C]C2=C([C][C][N]C(=O)C(=O)/[C]=[C]/C3=[C]C(=[C][C]=C3Br)Br)[C](N=C2[C]=[C]1)[C]O[C][C][C][C]1[C][C]([C]([C]1)[N]C1=[C][C]=[C]C2=C1[C]N(C2=O)[C]1[C][C]C(=O)[N]C1=O)O[C],pocket,1output_82_Fragments_.xyz
803.82153192,0.2744500000000009,0,7,152.48,16,6,0.08784645936324385,7.800864772758091,6,[C]OC1=[C]C2=C([C][C][N]C(=O)C(=O)/[C]=[C]/C3=[C]C(=[C][C]=C3Br)Br)[C](N=C2[C]=[C]1)[C][C][C][C][C][C][N]C1=[C][C]=[C]C2=C1[C]N(C2=O)[C]1[C][C]C(=O)[N]C1=O,pocket,1output_83_Fragments_.xyz
875.8062757800002,0.8347700000000009,0,10,188.42,14,8,0.0765823124141272,7.904551028521405,11,[C]OC1=[C]C2=C([C]=[C]1)N([C]=C2[C][C][N]C(=O)C(=O)/[C]=[C]/C1=[C]C(=[C][C]=C1Br)Br)C(=O)[C]C(=O)O[C][C@]12[C][C@]2([C]1)[N]C1=[C][C]=[C]C2=C1[C]N(C2=O)[C]1[C][C]C(=O)[N]C1=O,pocket,1output_84_Fragments_.xyz
803.82153192,0.2744500000000009,0,7,152.48,16,6,0.08784645936324385,7.800864772758091,6,[C]OC1=[C]C2=C([C][C][N]C(=O)C(=O)/[C]=[C]/C3=[C]C(=[C][C]=C3Br)Br)[C](N=C2[C]=[C]1)[C][C][C][C][C][C][N]C1=[C][C]=[C]C2=C1[C]N(C2=O)[C]1[C][C]C(=O)[N]C1=O,pocket,1output_85_Fragments_.xyz
875.8062757800001,-0.6557500000000003,0,10,195.85,13,7,0.09280361354342771,7.7901359115196,11,[C]OC1=[C]C2=C([C][C][N]C(=O)C(=O)/[C]=[C]/C3=[C]C(=[C][C]=C3Br)Br)[C](N=C2[C]=[C]1)[C]OC(=O)[C]1[C][C][C]([C]1)C(=O)[N]C1=[C][C]=[C]C2=C1[C]N(C2=O)[C]1[C][C]C(=O)[N]C1=O,pocket,1output_87_Fragments_.xyz
839.8215319200001,0.5183200000000007,0,7,152.48,15,7,0.1237537330490133,7.976511298746491,9,O=C1[C][C][C](C(=O)[N]1)N1[C]C2=C(C1=O)[C]=[C][C]=C2[N][C][C][C]1[C][C]1.[C][C][C][C][C]1N=C2C(=C1[C][C][N]C(=O)C(=O)/[C]=[C]/C1=[C]C(=[C][C]=C1Br)Br)[C]=C([C]=[C]2)O[C],pocket,1output_89_Fragments_.xyz
853.8093497800002,0.7059700000000011,0,9,212.77999999999997,15,6,0.12039125043572589,7.745753752495274,9,[C]OC1=[C]C2=C([C]=[C]1)N=C([C]2[C][C][N]C(=O)C(=O)/[C]=[C]/C1=[C]C(=[C][C]=C1Br)Br)O[C]C(=O)[N][C][C]([C][N]C1=[C][C]=[C]C2=C1[C]N(C2=O)[C]1[C][C]C(=O)[N]C1=O)[O],pocket,1output_90_Fragments_.xyz
881.7865061600002,1.5038600000000013,0,9,203.54999999999998,12,7,0.14791662489837676,7.798091781008307,10,[C]OC1=[C]C2=C([C]=[C]1)N=C([C]2[C][C][N]C(=O)C(=O)/[C]=[C]/C1=[C]C(=[C][C]=C1Br)Br)[N]C(=O)[C][C]1[C][C]([C](S1)[N]C1=[C][C]=[C]C2=C1[C]N(C2=O)[C]1[C][C]C(=O)[N]C1=O)[O],pocket,1output_91_Fragments_.xyz
855.81644654,1.5988299999999995,0,8,162.12,18,6,0.08349316890746844,3.2495636108601493,10,[C][C][C]([C][N]C1=[C][C]=[C]C2=C1[C]N(C2=O)[C]1[C][C]C(=O)[N]C1=O)[C][C][C]C(=O)[C]N1[C]=C(C2=C1[C]=[C]C(=[C]2)O[C])[C][C][N]C(=O)C(=O)/[C]=[C]/C1=[C]C(=[C][C]=C1Br)Br,pocket,1output_92_Fragments_.xyz
803.8215319200001,1.8671500000000019,0,7,145.04999999999998,16,6,0.07326432432954814,7.915795185391814,6,[C]OC1=[C]C2=C([C]=[C]1)N([C]=C2[C][C][N]C(=O)C(=O)/[C]=[C]/C1=[C]C(=[C][C]=C1Br)Br)[C][C][C][C][C][C][N]C1=[C][C]=[C]C2=C1[C]N(C2=O)[C]1[C][C]C(=O)[N]C1=O,pocket,1output_93_Fragments_.xyz
807.8164465400001,1.8175600000000018,0,8,161.70999999999998,14,6,0.07896461176799804,7.7598682368436736,6,[C]OC1=[C]C2=C([C]=[C]1)N=C([C]2[C][C][N]C(=O)C(=O)/[C]=[C]/C1=[C]C(=[C][C]=C1Br)Br)O/[C]=[C]/[C][C][C][N]C1=[C][C]=[C]C2=C1[C]N(C2=O)[C]1[C][C]C(=O)[N]C1=O,pocket,1output_94_Fragments_.xyz
839.8062757800002,1.1368700000000016,0,10,183.88,14,7,0.05911084689096299,7.787089220472834,8,[C]OC1=[C]C2=C([C]=[C]1)N([C]=C2[C][C][N]C(=O)C(=O)/[C]=[C]/C1=[C]C(=[C][C]=C1Br)Br)[C]C(=O)O[C][C]1O[C]1[N]C1=[C][C]=[C]C2=C1[C]N(C2=O)[C]1[C][C]C(=O)[N]C1=O,pocket,1output_95_Fragments_.xyz
835.81136116,-0.3061399999999997,0,9,178.78,16,6,0.08170654643138182,7.773971764851532,8,[C]OC1=[C]C2=C([C][C][N]C(=O)C(=O)/[C]=[C]/C3=[C]C(=[C][C]=C3Br)Br)[C](N=C2[C]=[C]1)[C][C][C][C]O[C]C(=O)[N]C1=[C][C]=[C]C2=C1[C]N(C2=O)[C]1[C][C]C(=O)[N]C1=O,pocket,1output_96_Fragments_.xyz
857.8195205400001,0.14506000000000058,0,8,183.64999999999998,13,7,0.10416668681809307,7.935334383333519,10,[C]OC1=[C]C2=C([C][C][N]C(=O)C(=O)/[C]=[C]/C3=[C]C(=[C][C]=C3Br)Br)[C](N=C2[C]=[C]1)[C][N]C(=O)C1=[C][C]=C([C]=[C]1)[N]C1=[C][C]=[C]C2=C1[C]N(C2=O)[C]1[C][C]C(=O)[N]C1=O,pocket,1output_98_Fragments_.xyz
803.82153192,0.2744500000000009,0,7,152.48,15,6,0.09320484350913054,7.800864772758091,6,[C]OC1=[C]C2=C([C][C][N]C(=O)C(=O)/[C]=[C]/C3=[C]C(=[C][C]=C3Br)Br)[C](N=C2[C]=[C]1)[C][C]/[C]=[C]/[C][C][N]C1=[C][C]=[C]C2=C1[C]N(C2=O)[C]1[C][C]C(=O)[N]C1=O,pocket,1output_9_Fragments_.xyz
815.8215319200001,1.948440000000002,0,7,145.04999999999998,14,7,0.10820553792802147,7.969054498151766,7,[C]OC1=[C]C2=C([C]=[C]1)N([C]=C2[C][C][N]C(=O)C(=O)/[C]=[C]/C1=[C]C(=[C][C]=C1Br)Br)[C][C][C]1[C][C]([C]1)[C][N]C1=[C][C]=[C]C2=C1[C]N(C2=O)[C]1[C][C]C(=O)[N]C1=O,pocket,2output_0_Fragments_.xyz
819.8164465400001,1.3549600000000017,0,8,162.11999999999998,16,6,0.07140215805233005,7.8607938646676025,7,[C]OC1=[C]C2=C([C]=[C]1)N([C]=C2[C][C][N]C(=O)C(=O)/[C]=[C]/C1=[C]C(=[C][C]=C1Br)Br)[C][C][C][C]C(=O)[C][N]C1=[C][C]=[C]C2=C1[C]N(C2=O)[C]1[C][C]C(=O)[N]C1=O,pocket,2output_100_Fragments_.xyz
863.80627578,-0.26983999999999897,0,9,198.68,17,6,0.10040864748932836,7.819393357692493,10,[C]OC1=[C]C2=C([C][C][N]C(=O)C(=O)/[C]=[C]/C3=[C]C(=[C][C]=C3Br)Br)/C(=[C]/C(=O)[C]O[C][C]([C][C][N]C3=[C][C]=[C]C4=C3[C]N(C4=O)[C]3[C][C]C(=O)[N]C3=O)[O])/N=C2[C]=[C]1,pocket,2output_101_Fragments_.xyz
857.7687479200001,1.2322800000000003,0,10,164.83999999999997,15,6,0.05506153185281854,7.79078843480335,7,[C][C][C]([N]C1=[C][C]=[C]C2=C1[C]N(C2=O)[C]1[C][C]C(=O)[N]C1=O)/N=[C]/SS[C]1N=C2C(=C1[C][C][N]C(=O)C(=O)/[C]=[C]/C1=[C]C(=[C][C]=C1Br)Br)[C]=C([C]=[C]2)O[C],pocket,2output_102_Fragments_.xyz
823.81136116,0.3609700000000006,0,10,169.2,16,6,0.04986065229691323,7.7884939469382735,7,[C]OC1=[C]C2=C([C][C][N]C(=O)C(=O)/[C]=[C]/C3=[C]C(=[C][C]=C3Br)Br)[C](N=C2[C]=[C]1)[C]O[C][C][C]O/[C]=N/C1=[C][C]=[C]C2=C1[C]N(C2=O)[C]1[C][C]C(=O)[N]C1=O,pocket,2output_103_Fragments_.xyz
851.8062757800001,-0.3511300000000002,0,9,198.68,15,6,0.06500060799782272,7.73878160059654,9,[C]OC1=[C]C2=C([C][C][N]C(=O)C(=O)/[C]=[C]/C3=[C]C(=[C][C]=C3Br)Br)[C](N=C2[C]=[C]1)[C]OC(=O)/[C]=C(/[C][C][N]C1=[C][C]=[C]C2=C1[C]N(C2=O)[C]1[C][C]C(=O)[N]C1=O)\[O],pocket,2output_104_Fragments_.xyz
871.81136116,0.4296500000000007,0,9,178.78,15,7,0.09384180411405259,7.987324427637628,11,[C]OC1=[C]C2=C([C][C][N]C(=O)C(=O)/[C]=[C]/C3=[C]C(=[C][C]=C3Br)Br)[C](N=C2[C]=[C]1)[C]C(=O)[C]OC1=[C][C]=C([C]=[C]1)[N]C1=[C][C]=[C]C2=C1[C]N(C2=O)[C]1[C][C]C(=O)[N]C1=O,pocket,2output_107_Fragments_.xyz
803.82153192,0.2744500000000009,0,7,152.48,16,6,0.08784645936324385,7.800864772758091,6,[C]OC1=[C]C2=C([C][C][N]C(=O)C(=O)/[C]=[C]/C3=[C]C(=[C][C]=C3Br)Br)[C](N=C2[C]=[C]1)[C][C][C][C][C][C][N]C1=[C][C]=[C]C2=C1[C]N(C2=O)[C]1[C][C]C(=O)[N]C1=O,pocket,2output_108_Fragments_.xyz
887.8062757800001,1.1258500000000002,0,10,188.41999999999996,14,7,0.07743844827885973,4.589800527813722,12,O=[C][C](C(=O)[N]C1=[C][C]=[C]C2=C1[C]N(C2=O)[C]1[C][C]C(=O)[N]C1=O)/[C]=C/1\O[C][C]([C]1)[C]N1[C]=C(C2=C1[C]=[C]C(=[C]2)O[C])[C][C][N]C(=O)C(=O)/[C]=[C]/C1=[C]C(=[C][C]=C1Br)Br,pocket,2output_10_Fragments_.xyz
803.82153192,0.2744500000000009,0,7,152.48,16,6,0.08784645936324385,7.800864772758091,6,[C]OC1=[C]C2=C([C][C][N]C(=O)C(=O)/[C]=[C]/C3=[C]C(=[C][C]=C3Br)Br)[C](N=C2[C]=[C]1)[C][C][C][C][C][C][N]C1=[C][C]=[C]C2=C1[C]N(C2=O)[C]1[C][C]C(=O)[N]C1=O,pocket,2output_111_Fragments_.xyz
883.7783467800002,2.0900400000000015,0,10,181.48999999999998,14,8,0.1007308305279993,6.6480156339462635,10,[C]OC1=[C]C2=C([C]=[C]1)N1[C]([C]2[C][C][N]C(=O)C(=O)/[C]=[C]/C2=[C]C(=[C][C]=C2Br)Br)[C]1O[C]O[C]1S[C]([C][C]1[O])[N]C1=[C][C]=[C]C2=C1[C]N(C2=O)[C]1[C][C]C(=O)[N]C1=O,pocket,2output_112_Fragments_.xyz
883.7961050200001,-0.8985299999999996,0,10,227.80999999999997,17,6,0.05376011708465275,6.5218160117225805,11,[O][C][C@]([C]OC(=O)[C][C]1N=C2C(=C1[C][C][N]C(=O)C(=O)/[C]=[C]/C1=[C]C(=[C][C]=C1Br)Br)[C]=C([C]=[C]2)O[C])(O[C][N]C1=[C][C]=[C]C2=C1[C]N(C2=O)[C]1[C][C]C(=O)[N]C1=O)[O],pocket,2output_113_Fragments_.xyz
865.82460592,0.8802300000000012,0,7,166.57999999999998,14,8,0.1037729546980427,5.824659910192195,11,[C]OC1=[C]C2=C([C][C][N]C(=O)C(=O)/[C]=[C]/C3=[C]C(=[C][C]=C3Br)Br)[C](N=C2[C]=[C]1)[C]1[C][C]1[C][N]C1=[C][C]=C([C]=[C]1)[N]C1=[C][C]=[C]C2=C1[C]N(C2=O)[C]1[C][C]C(=O)[N]C1=O,pocket,2output_114_Fragments_.xyz
867.7834321600001,0.7354500000000004,0,9,181.60999999999999,14,7,0.12927714900825324,7.860995607320649,9,[C]OC1=[C]C2=C([C][C][N]C(=O)C(=O)/[C]=[C]/C3=[C]C(=[C][C]=C3Br)Br)[C](N=C2[C]=[C]1)[C][C]O[C]1[C]S[C]([C]1[O])[N]C1=[C][C]=[C]C2=C1[C]N(C2=O)[C]1[C][C]C(=O)[N]C1=O,pocket,2output_115_Fragments_.xyz
875.8062757800001,0.13103000000000103,0,8,201.51000000000002,19,6,0.0705276575717634,7.919358519399523,11,[C]OC1=[C]C2=C([C][C][N]C(=O)C(=O)/[C]=[C]/C3=[C]C(=[C][C]=C3Br)Br)[C](N=C2[C]=[C]1)[C][C][C]O[C][C][C]([C]([C][N]C1=[C][C]=[C]C2=C1[C]N(C2=O)[C]1[C][C]C(=O)[N]C1=O)[O])[O],pocket,2output_116_Fragments_.xyz
869.81952054,0.0346600000000013,0,8,183.64999999999998,13,7,0.10325065903867318,2.0057712224446194,11,[C]OC1=[C]C2=C([C][C][N]C(=O)C(=O)/[C]=[C]/C3=[C]C(=[C][C]=C3Br)Br)/C(=[C]/C(=O)[N]C3=[C][C]=C([C]=[C]3)[C][N]C3=[C][C]=[C]C4=C3[C]N(C4=O)[C]3[C][C]C(=O)[N]C3=O)/N=C2[C]=[C]1,pocket,2output_117_Fragments_.xyz
889.80934978,0.9498400000000007,0,9,212.77999999999997,17,6,0.0822267495926904,7.916901850358572,12,[C][C][C]([C](O[C][C][C]C(=O)[N]C1=NC2=C([C]1[C][C][N]C(=O)C(=O)/[C]=[C]/C1=[C]C(=[C][C]=C1Br)Br)[C]=C([C]=[C]2)O[C])[O])[N]C1=[C][C]=[C]C2=C1[C]N(C2=O)[C]1[C][C]C(=O)[N]C1=O,pocket,2output_118_Fragments_.xyz
803.82153192,0.2744500000000009,0,7,152.48,15,6,0.09320484350913054,7.800864772758091,6,[C]OC1=[C]C2=C([C][C][N]C(=O)C(=O)/[C]=[C]/C3=[C]C(=[C][C]=C3Br)Br)[C](N=C2[C]=[C]1)[C]/[C]=[C]/[C][C][C][N]C1=[C][C]=[C]C2=C1[C]N(C2=O)[C]1[C][C]C(=O)[N]C1=O,pocket,2output_119_Fragments_.xyz
859.81136116,-0.19873999999999997,0,9,174.24,13,9,0.09843179045301863,8.043886949107485,10,[C]OC1=[C]C2=C([C][C][N]C(=O)C(=O)/[C]=[C]/C3=[C]C(=[C][C]=C3Br)Br)[C](N=C2[C]=[C]1)[C]OC1=[C][C][C@]23[C]([C]1)[C@]2(O3)[N]C1=[C][C]=[C]C2=C1[C]N(C2=O)[C]1[C][C]C(=O)[N]C1=O,pocket,2output_11_Fragments_.xyz
819.81644654,0.2060500000000009,0,8,161.71,16,6,0.08643578664468254,7.833361779106106,7,[C]OC1=[C]C2=C([C][C][N]C(=O)C(=O)/[C]=[C]/C3=[C]C(=[C][C]=C3Br)Br)[C](N=C2[C]=[C]1)/[C]=[C]\[C][C]O[C][C][N]C1=[C][C]=[C]C2=C1[C]N(C2=O)[C]1[C][C]C(=O)[N]C1=O,pocket,2output_120_Fragments_.xyz
861.81443516,-1.0754299999999999,0,9,200.71999999999997,15,6,0.10444946670797065,7.776936405948585,10,[C]OC1=[C]C2=C([C][C][N]C(=O)C(=O)/[C]=[C]/C3=[C]C(=[C][C]=C3Br)Br)/C(=[C]/[C][N]C(=O)[C][C][C]C(=O)[N]C3=[C][C]=[C]C4=C3[C]N(C4=O)[C]3[C][C]C(=O)[N]C3=O)/N=C2[C]=[C]1,pocket,2output_121_Fragments_.xyz
875.8062757800002,0.08063000000000149,0,7,212.17999999999998,18,6,0.09808282872080841,7.895046450890447,11,[O][C][C]([C]([C][C]1N=C2C(=C1[C][C][N]C(=O)C(=O)/[C]=[C]/C1=[C]C(=[C][C]=C1Br)Br)[C]=C([C]=[C]2)O[C])[O])[C][C][C]([C][N]C1=[C][C]=[C]C2=C1[C]N(C2=O)[C]1[C][C]C(=O)[N]C1=O)[O],pocket,2output_122_Fragments_.xyz
803.82153192,0.2744500000000009,0,7,152.48,16,6,0.08784645936324385,7.800864772758091,6,[C]OC1=[C]C2=C([C][C][N]C(=O)C(=O)/[C]=[C]/C3=[C]C(=[C][C]=C3Br)Br)[C](N=C2[C]=[C]1)[C][C][C][C][C][C][N]C1=[C][C]=[C]C2=C1[C]N(C2=O)[C]1[C][C]C(=O)[N]C1=O,pocket,2output_123_Fragments_.xyz
803.82153192,0.2744500000000009,0,7,152.48,16,6,0.08784645936324385,7.800864772758091,6,[C]OC1=[C]C2=C([C][C][N]C(=O)C(=O)/[C]=[C]/C3=[C]C(=[C][C]=C3Br)Br)[C](N=C2[C]=[C]1)[C][C][C][C][C][C][N]C1=[C][C]=[C]C2=C1[C]N(C2=O)[C]1[C][C]C(=O)[N]C1=O,pocket,2output_124_Fragments_.xyz
819.81644654,0.2060500000000009,0,8,161.71,16,6,0.08643578664468254,7.833361779106106,7,[C]OC1=[C]C2=C([C][C][N]C(=O)C(=O)/[C]=[C]/C3=[C]C(=[C][C]=C3Br)Br)[C](N=C2[C]=[C]1)/[C]=[C]\[C][C][C]O[C][N]C1=[C][C]=[C]C2=C1[C]N(C2=O)[C]1[C][C]C(=O)[N]C1=O,pocket,2output_127_Fragments_.xyz
831.81644654,0.23694000000000098,0,7,172.38,17,6,0.08164582773521638,7.841865847691769,8,[C]OC1=[C]C2=C([C][C][N]C(=O)C(=O)/[C]=[C]/C3=[C]C(=[C][C]=C3Br)Br)[C](N=C2[C]=[C]1)[C][C][C][C][C]([C][C][N]C1=[C][C]=[C]C2=C1[C]N(C2=O)[C]1[C][C]C(=O)[N]C1=O)[O],pocket,2output_128_Fragments_.xyz
867.8011904000001,-0.1503499999999991,0,8,221.41000000000003,17,6,0.10136565996366276,7.803634703846339,10,[C]OC1=[C]C2=C([C][C][N]C(=O)C(=O)/[C]=[C]/C3=[C]C(=[C][C]=C3Br)Br)[C](N=C2[C]=[C]1)[C][C]([C]O[C]([C]([C][N]C1=[C][C]=[C]C2=C1[C]N(C2=O)[C]1[C][C]C(=O)[N]C1=O)[O])[O])[O],pocket,2output_129_Fragments_.xyz
871.8113611600002,2.566240000000001,0,9,170.94,15,7,0.07600622087308749,4.871667251693852,11,[C]OC1=[C]C2=C([C]=[C]1)N=C([C]2[C][C][N]C(=O)C(=O)/[C]=[C]/C1=[C]C(=[C][C]=C1Br)Br)O[C][C][C]OC1=[C]C(=[C][C]=[C]1)[N]C1=[C][C]=[C]C2=C1[C]N(C2=O)[C]1[C][C]C(=O)[N]C1=O,pocket,2output_12_Fragments_.xyz
803.82153192,0.2744500000000009,0,7,152.48,16,6,0.08784645936324385,7.800864772758091,6,[C]OC1=[C]C2=C([C][C][N]C(=O)C(=O)/[C]=[C]/C3=[C]C(=[C][C]=C3Br)Br)[C](N=C2[C]=[C]1)[C][C][C][C][C][C][N]C1=[C][C]=[C]C2=C1[C]N(C2=O)[C]1[C][C]C(=O)[N]C1=O,pocket,2output_130_Fragments_.xyz
803.82153192,0.5790600000000008,0,8,150.73999999999998,15,6,0.07217722954041556,7.771129469650602,6,[C]OC1=[C]C2=C([C][C][N]C(=O)C(=O)/[C]=[C]/C3=[C]C(=[C][C]=C3Br)Br)[C](N=C2[C]=[C]1)[C][C][C][C][C]/[C]=N/C1=[C][C]=[C]C2=C1[C]N(C2=O)[C]1[C][C]C(=O)[N]C1=O,pocket,2output_131_Fragments_.xyz
883.81136116,0.04243000000000158,0,8,189.45,19,6,0.07036290880183903,7.933748566934687,12,[C]OC1=[C]C2=C([C][C][N]C(=O)C(=O)/[C]=[C]/C3=[C]C(=[C][C]=C3Br)Br)/C(=[C]/[C][C][C][C]([C][C]C(=O)[O])[C][C][N]C3=[C][C]=[C]C4=C3[C]N(C4=O)[C]3[C][C]C(=O)[N]C3=O)/N=C2[C]=[C]1,pocket,2output_132_Fragments_.xyz
887.8175091600001,-1.5485500000000003,0,9,214.81999999999996,15,7,0.09878996272894965,7.849218212259423,12,[C]OC1=[C]C2=C([C][C][N]C(=O)C(=O)/[C]=[C]/C3=[C]C(=[C][C]=C3Br)Br)[C](N=C2[C]=[C]1)[C][N]C(=O)[C][C]1[C]([C][N]C1=O)[C][N]C1=[C][C]=[C]C2=C1[C]N(C2=O)[C]1[C][C]C(=O)[N]C1=O,pocket,2output_133_Fragments_.xyz
889.80934978,-0.7429600000000001,0,9,212.77999999999997,19,6,0.0645869142640064,7.933709598717276,12,[O][C][C][C]([N]C(=O)[C][C]1N=C2C(=C1[C][C][N]C(=O)C(=O)/[C]=[C]/C1=[C]C(=[C][C]=C1Br)Br)[C]=C([C]=[C]2)O[C])[C][C]O[C][N]C1=[C][C]=[C]C2=C1[C]N(C2=O)[C]1[C][C]C(=O)[N]C1=O,pocket,2output_135_Fragments_.xyz
883.8113611600002,0.8477300000000006,0,8,181.60999999999996,16,7,0.09089493974168426,5.618400859349155,12,[O][C][C](C1=[C][C]=C([C]=[C]1)[N]C1=[C][C]=[C]C2=C1[C]N(C2=O)[C]1[C][C]C(=O)[N]C1=O)O[C][C][C]1N=C2C(=C1[C][C][N]C(=O)C(=O)/[C]=[C]/C1=[C]C(=[C][C]=C1Br)Br)[C]=C([C]=[C]2)O[C],pocket,2output_136_Fragments_.xyz
867.8011904,1.5928499999999997,0,9,210.73999999999995,17,6,0.08400533079235914,7.845904872264877,10,[O][C][C]([C]([C][N]C1=[C][C]=[C]C2=C1[C]N(C2=O)[C]1[C][C]C(=O)[N]C1=O)[O])[C]O[C]OC1=NC2=C([C]1[C][C][N]C(=O)C(=O)/[C]=[C]/C1=[C]C(=[C][C]=C1Br)Br)[C]=C([C]=[C]2)O[C],pocket,2output_137_Fragments_.xyz
891.8011904000001,0.13644000000000095,0,9,210.74,15,7,0.11614358107963788,7.976148474811242,12,[C]OC1=[C]C2=C([C][C][N]C(=O)C(=O)/[C]=[C]/C3=[C]C(=[C][C]=C3Br)Br)[C](N=C2[C]=[C]1)[C]([C]O[C]1O[C][C](C(=[C]1)[C][N]C1=[C][C]=[C]C2=C1[C]N(C2=O)[C]1[C][C]C(=O)[N]C1=O)[O])[O],pocket,2output_138_Fragments_.xyz
803.8215319200001,1.7364500000000005,0,6,154.21999999999997,18,5,0.08268412684322407,7.917496220542095,6,[C]OC1=[C]C(=C([C]=[C]1)[N]C(=[C])[C][C][C][C][C][N]C1=[C][C]=[C]C2=C1[C]N(C2=O)[C]1[C][C]C(=O)[N]C1=O)[C][C][C][N]C(=O)C(=O)/[C]=[C]/C1=[C]C(=[C][C]=C1Br)Br,pocket,2output_139_Fragments_.xyz
845.81952054,0.11135000000000089,0,9,174.07,14,7,0.12588757105723322,7.933885881268399,9,[C]OC1=[C]C2=C([C][C][N]C(=O)C(=O)/[C]=[C]/C3=[C]C(=[C][C]=C3Br)Br)[C](N=C2[C]=[C]1)[C][C]OC1=N[C][C]([C]1)[C][N]C1=[C][C]=[C]C2=C1[C]N(C2=O)[C]1[C][C]C(=O)[N]C1=O,pocket,2output_13_Fragments_.xyz
843.81644654,0.36863000000000107,0,8,161.71,15,7,0.12142945156147124,7.9797573235760915,9,[C]OC1=[C]C2=C([C][C][N]C(=O)C(=O)/[C]=[C]/C3=[C]C(=[C][C]=C3Br)Br)[C](N=C2[C]=[C]1)[C]O[C][C]1[C][C][C]([C]1)[C][N]C1=[C][C]=[C]C2=C1[C]N(C2=O)[C]1[C][C]C(=O)[N]C1=O,pocket,2output_140_Fragments_.xyz
835.81136116,-0.30614000000000013,0,9,178.78,16,6,0.062067398833390644,7.743546616922537,8,[C]OC1=[C]C2=C([C][C][N]C(=O)C(=O)/[C]=[C]/C3=[C]C(=[C][C]=C3Br)Br)[C](N=C2[C]=[C]1)[C][C][C]C(=O)O[C][C][N]C1=[C][C]=[C]C2=C1[C]N(C2=O)[C]1[C][C]C(=O)[N]C1=O,pocket,2output_141_Fragments_.xyz
819.81644654,0.2060500000000009,0,8,161.71,15,6,0.06966497719872675,7.833361779106106,7,[C]OC1=[C]C2=C([C][C][N]C(=O)C(=O)/[C]=[C]/C3=[C]C(=[C][C]=C3Br)Br)[C](N=C2[C]=[C]1)/[C]=[C]\O/[C]=[C]/[C][C][N]C1=[C][C]=[C]C2=C1[C]N(C2=O)[C]1[C][C]C(=O)[N]C1=O,pocket,2output_142_Fragments_.xyz
857.8195205400001,-0.44876000000000016,0,7,186.48,15,7,0.11325602930345352,7.1731589158841045,10,[C]OC1=[C]C2=C([C][C][N]C(=O)C(=O)/[C]=[C]/C3=[C]C(=[C][C]=C3Br)Br)[C](N=C2[C]=[C]1)[C][C][N][C@]1([O])[C][C][C]([C]1)[C][N]C1=[C][C]=[C]C2=C1[C]N(C2=O)[C]1[C][C]C(=O)[N]C1=O,pocket,2output_143_Fragments_.xyz
867.8011904000001,1.5928500000000012,0,9,210.73999999999998,17,6,0.08400533079235914,7.825487385403912,10,[O][C][C](OC1=NC2=C([C]1[C][C][N]C(=O)C(=O)/[C]=[C]/C1=[C]C(=[C][C]=C1Br)Br)[C]=C([C]=[C]2)O[C])[C][C]([C]O[C][N]C1=[C][C]=[C]C2=C1[C]N(C2=O)[C]1[C][C]C(=O)[N]C1=O)[O],pocket,2output_144_Fragments_.xyz
863.8062757800002,1.7425400000000018,0,8,201.51,15,7,0.12582756143686713,7.828494838820061,10,[C]OC1=[C]C2=C([C]=[C]1)N=C([C]2[C][C][N]C(=O)C(=O)/[C]=[C]/C1=[C]C(=[C][C]=C1Br)Br)O[C]1[C][C]1[C][C][C]([C]([N]C1=[C][C]=[C]C2=C1[C]N(C2=O)[C]1[C][C]C(=O)[N]C1=O)[O])[O],pocket,2output_145_Fragments_.xyz
831.81644654,-0.1564499999999998,0,8,169.54999999999998,17,6,0.07887465180952793,7.797235078460999,8,[C]OC1=[C]C2=C([C][C][N]C(=O)C(=O)/[C]=[C]/C3=[C]C(=[C][C]=C3Br)Br)[C](N=C2[C]=[C]1)[C][C][C][C]C(=O)[C][C][N]C1=[C][C]=[C]C2=C1[C]N(C2=O)[C]1[C][C]C(=O)[N]C1=O,pocket,2output_147_Fragments_.xyz
803.82153192,0.2744500000000009,0,7,152.48,16,6,0.08784645936324385,7.800864772758091,6,[C]OC1=[C]C2=C([C][C][N]C(=O)C(=O)/[C]=[C]/C3=[C]C(=[C][C]=C3Br)Br)[C](N=C2[C]=[C]1)[C][C][C][C][C][C][N]C1=[C][C]=[C]C2=C1[C]N(C2=O)[C]1[C][C]C(=O)[N]C1=O,pocket,2output_148_Fragments_.xyz
849.8144351600001,0.9060600000000012,0,9,192.87999999999997,16,6,0.08789126527589161,7.800925941137775,9,[C]OC1=[C]C2=C([C]=[C]1)N=C([C]2[C][C][N]C(=O)C(=O)/[C]=[C]/C1=[C]C(=[C][C]=C1Br)Br)O[C][C][C][C][N]C(=O)[C][N]C1=[C][C]=[C]C2=C1[C]N(C2=O)[C]1[C][C]C(=O)[N]C1=O,pocket,2output_149_Fragments_.xyz
835.8113611600002,1.6799500000000016,0,8,177.48,15,7,0.0757438509025807,7.885408451242064,8,[C]OC1=[C]C2=C([C]=[C]1)N([C]=C2[C][C][N]C(=O)C(=O)/[C]=[C]/C1=[C]C(=[C][C]=C1Br)Br)[C][C][C][C]([C]1O[C]1[N]C1=[C][C]=[C]C2=C1[C]N(C2=O)[C]1[C][C]C(=O)[N]C1=O)[O],pocket,2output_14_Fragments_.xyz
819.81644654,0.2060500000000009,0,8,161.71,17,6,0.08145502288846507,7.833361779106106,7,[C]OC1=[C]C2=C([C][C][N]C(=O)C(=O)/[C]=[C]/C3=[C]C(=[C][C]=C3Br)Br)[C](N=C2[C]=[C]1)[C][C][C][C]O[C][C][N]C1=[C][C]=[C]C2=C1[C]N(C2=O)[C]1[C][C]C(=O)[N]C1=O,pocket,2output_150_Fragments_.xyz
833.81952054,-0.6445299999999998,0,8,183.64999999999998,15,6,0.08443763796202662,7.782537741182892,8,[C]OC1=[C]C2=C([C][C][N]C(=O)C(=O)/[C]=[C]/C3=[C]C(=[C][C]=C3Br)Br)/C(=[C]/[C]C(=O)[N][C][C][C][N]C3=[C][C]=[C]C4=C3[C]N(C4=O)[C]3[C][C]C(=O)[N]C3=O)/N=C2[C]=[C]1,pocket,2output_152_Fragments_.xyz
885.8144351600001,0.4120700000000005,0,8,203.54999999999995,14,7,0.09911567341528423,3.471054398930976,12,O=[C][C](C1=[C][C]=C([C]=C1[O])[N]C1=[C][C]=[C]C2=C1[C]N(C2=O)[C]1[C][C]C(=O)[N]C1=O)[N]/[C]=C/1\N=C2C(=C1[C][C][N]C(=O)C(=O)/[C]=[C]/C1=[C]C(=[C][C]=C1Br)Br)[C]=C([C]=[C]2)O[C],pocket,2output_156_Fragments_.xyz
863.8062757800001,0.15054000000000095,0,10,180.17000000000002,15,7,0.11688109695773104,7.97741534919792,10,[C]OC1=[C]C2=C([C][C][N]C(=O)C(=O)/[C]=[C]/C3=[C]C(=[C][C]=C3Br)Br)[C](N=C2[C]=[C]1)[C]O[C]1[C]O[C][C]([C]1)O[C][N]C1=[C][C]=[C]C2=C1[C]N(C2=O)[C]1[C][C]C(=O)[N]C1=O,pocket,2output_158_Fragments_.xyz
837.8144351600001,0.8247700000000011,0,9,192.87999999999997,15,6,0.09300108442779342,7.750608155384077,8,[C]OC1=[C]C2=C([C]=[C]1)N=C([C]2[C][C][N]C(=O)C(=O)/[C]=[C]/C1=[C]C(=[C][C]=C1Br)Br)O[C][C][C][N]C(=O)[C][N]C1=[C][C]=[C]C2=C1[C]N(C2=O)[C]1[C][C]C(=O)[N]C1=O,pocket,2output_15_Fragments_.xyz
873.81443516,-0.5503499999999997,0,9,192.88,12,7,0.1315364162195588,7.928858331782263,11,[C]OC1=[C]C2=C([C][C][N]C(=O)C(=O)/[C]=[C]/C3=[C]C(=[C][C]=C3Br)Br)/C(=[C]/[N]C(=O)[C]3O[C][C]([C]([C]3)[C])[N]C3=[C][C]=[C]C4=C3[C]N(C4=O)[C]3[C][C]C(=O)[N]C3=O)/N=C2[C]=[C]1,pocket,2output_160_Fragments_.xyz
865.8093497800002,-1.2251200000000004,0,10,209.95,14,6,0.10788538827450135,7.7629469153848,10,[C]O[C](C(=O)[N]/[C]=C/1\N=C2C(=C1[C][C][N]C(=O)C(=O)/[C]=[C]/C1=[C]C(=[C][C]=C1Br)Br)[C]=C([C]=[C]2)O[C])[C]C(=O)[N]C1=[C][C]=[C]C2=C1[C]N(C2=O)[C]1[C][C]C(=O)[N]C1=O,pocket,2output_161_Fragments_.xyz
819.8164465400001,1.7987500000000016,0,8,154.27999999999997,17,6,0.06818106202562318,7.946053287597614,7,[C]OC1=[C]C2=C([C]=[C]1)N([C]=C2[C][C][N]C(=O)C(=O)/[C]=[C]/C1=[C]C(=[C][C]=C1Br)Br)[C][C]O[C][C][C][C][N]C1=[C][C]=[C]C2=C1[C]N(C2=O)[C]1[C][C]C(=O)[N]C1=O,pocket,2output_162_Fragments_.xyz
851.8062757800001,1.6115499999999998,0,9,183.40999999999997,18,6,0.06263696444303031,7.97123537510004,9,[O][C][C](O[C][N]C1=[C][C]=[C]C2=C1[C]N(C2=O)[C]1[C][C]C(=O)[N]C1=O)[C]O[C][C]N1[C]=C(C2=C1[C]=[C]C(=[C]2)O[C])[C][C][N]C(=O)C(=O)/[C]=[C]/C1=[C]C(=[C][C]=C1Br)Br,pocket,2output_163_Fragments_.xyz
865.79159154,0.6782600000000005,0,10,174.07,14,7,0.12932590768468633,7.9029483812683985,9,[C]OC1=[C]C2=C([C][C][N]C(=O)C(=O)/[C]=[C]/C3=[C]C(=[C][C]=C3Br)Br)[C](N=C2[C]=[C]1)[C]O[C][C]1[C]N=[C][C](S1)[N]C1=[C][C]=[C]C2=C1[C]N(C2=O)[C]1[C][C]C(=O)[N]C1=O,pocket,2output_164_Fragments_.xyz
873.81443516,-0.38844999999999863,0,9,182.01999999999998,13,7,0.12656724809600067,7.918447784280984,11,[C]OC1=[C]C2=C([C][C][N]C(=O)C(=O)/[C]=[C]/C3=[C]C(=[C][C]=C3Br)Br)/C(=[C]/[C]=[C]/N3[C][C]O[C](C3=O)[C][N]C3=[C][C]=[C]C4=C3[C]N(C4=O)[C]3[C][C]C(=O)[N]C3=O)/N=C2[C]=[C]1,pocket,2output_166_Fragments_.xyz
891.8011904000001,-0.33075999999999905,0,10,207.91,16,7,0.1047181478526693,7.90797565122764,12,[C]OC1=[C]C2=C([C][C][N]C(=O)C(=O)/[C]=[C]/C3=[C]C(=[C][C]=C3Br)Br)[C](N=C2[C]=[C]1)[C]O[C]1[C][C]([C]([C]1)O[C][N]C1=[C][C]=[C]C2=C1[C]N(C2=O)[C]1[C][C]C(=O)[N]C1=O)C(=O)[O],pocket,2output_167_Fragments_.xyz
819.81644654,0.06687000000000082,0,9,167.80999999999997,14,6,0.09605569514483683,7.7180192040341185,7,[C]OC1=[C]C2=C([C][C][N]C(=O)C(=O)/[C]=[C]/C3=[C]C(=[C][C]=C3Br)Br)[C](N=C2[C]=[C]1)[C]/[C]=[C]/[C]C(=O)/[C]=N/C1=[C][C]=[C]C2=C1[C]N(C2=O)[C]1[C][C]C(=O)[N]C1=O,pocket,2output_168_Fragments_.xyz
901.7915915400001,2.759670000000002,0,9,177.30999999999997,10,8,0.10177005133356967,5.288313281014873,12,[C]OC1=[C]C2=C([C]=[C]1)N([C]=C2[C][C][N]C(=O)C(=O)/[C]=[C]/C1=[C]C(=[C][C]=C1Br)Br)[C]1[C]=C=C([O])[C]2C(=C=[C]1)N=C(S2)[N]C1=[C][C]=[C]C2=C1[C]N(C2=O)[C]1[C][C]C(=O)[N]C1=O,pocket,2output_16_Fragments_.xyz
873.8144351600001,0.23836000000000146,0,9,193.28999999999996,15,6,0.09214360394964541,7.966650472703672,11,[C]OC1=[C]C2=C([C]=[C]1)N([C]=C2[C][C][N]C(=O)C(=O)/[C]=[C]/C1=[C]C(=[C][C]=C1Br)Br)[C][C]C(=O)[N]C([C]C(=O)[N]C1=[C][C]=[C]C2=C1[C]N(C2=O)[C]1[C][C]C(=O)[N]C1=O)([C])[C],pocket,2output_170_Fragments_.xyz
819.81644654,1.8534600000000014,0,8,162.24,16,6,0.07166992656840551,7.8813593815037075,7,[C]OC1=[C]C2=C([C][C][N]C(=O)C(=O)/[C]=[C]/C3=[C]C(=[C][C]=C3Br)Br)[C]=C(N=C2[C]=[C]1)[C][C][C]O[C][C][N]C1=[C][C]=[C]C2=C1[C]N(C2=O)[C]1[C][C]C(=O)[N]C1=O,pocket,2output_171_Fragments_.xyz
823.81136116,-0.3874300000000002,0,9,178.78,15,6,0.06544573697586045,7.692624633898372,7,[C]OC1=[C]C2=C([C][C][N]C(=O)C(=O)/[C]=[C]/C3=[C]C(=[C][C]=C3Br)Br)[C](N=C2[C]=[C]1)[C][C][C]OC(=O)[C][N]C1=[C][C]=[C]C2=C1[C]N(C2=O)[C]1[C][C]C(=O)[N]C1=O,pocket,2output_172_Fragments_.xyz
837.8144351600002,0.8247700000000011,0,9,192.88,15,6,0.07064715926973332,7.748588037040881,8,[C]OC1=[C]C2=C([C]=[C]1)N=C([C]2[C][C][N]C(=O)C(=O)/[C]=[C]/C1=[C]C(=[C][C]=C1Br)Br)[N][C][C][C]OC(=O)[C][N]C1=[C][C]=[C]C2=C1[C]N(C2=O)[C]1[C][C]C(=O)[N]C1=O,pocket,2output_173_Fragments_.xyz
867.8164465400001,2.1154400000000018,0,8,162.11999999999998,15,7,0.0885252765301829,5.892714422605989,11,[C]OC1=[C]C2=C([C]=[C]1)N([C]=C2[C][C][N]C(=O)C(=O)/[C]=[C]/C1=[C]C(=[C][C]=C1Br)Br)[C][C]C(=O)[C]C1=[C]C(=[C][C]=[C]1)[N]C1=[C][C]=[C]C2=C1[C]N(C2=O)[C]1[C][C]C(=O)[N]C1=O,pocket,2output_175_Fragments_.xyz
839.8062757800002,1.8728700000000011,0,10,188.01,14,6,0.10111746077793062,7.699094250058633,8,[C]OC1=[C]C2=C([C]=[C]1)N=C([C]2[C][C][N]C(=O)C(=O)/[C]=[C]/C1=[C]C(=[C][C]=C1Br)Br)O[C][C][C][C]OC(=O)[N]C1=[C][C]=[C]C2=C1[C]N(C2=O)[C]1[C][C]C(=O)[N]C1=O,pocket,2output_176_Fragments_.xyz
875.8175091600001,0.6608600000000018,0,9,208.47999999999996,15,7,0.09464121152340921,7.888248575684702,11,[C]OC1=[C]C2=C([C]=[C]1)N([C]=C2[C][C][N]C(=O)C(=O)/[C]=[C]/C1=[C]C(=[C][C]=C1Br)Br)[C][C]([C][C]1N=C([N]C1=O)[C][N]C1=[C][C]=[C]C2=C1[C]N(C2=O)[C]1[C][C]C(=O)[N]C1=O)[O],pocket,2output_179_Fragments_.xyz
833.8195205400001,-0.7183400000000004,0,8,183.64999999999998,16,6,0.07900730990935842,7.7902906997627746,8,[C]OC1=[C]C2=C([C][C][N]C(=O)C(=O)/[C]=[C]/C3=[C]C(=[C][C]=C3Br)Br)[C](N=C2[C]=[C]1)[C][C][N]C(=O)[C][C][C][N]C1=[C][C]=[C]C2=C1[C]N(C2=O)[C]1[C][C]C(=O)[N]C1=O,pocket,2output_180_Fragments_.xyz
835.81136116,1.6799500000000014,0,8,174.18,17,6,0.06736810301727605,7.939703125798277,8,[O][C][C]([C][C]N1[C]=C(C2=C1[C]=[C]C(=[C]2)O[C])[C][C][N]C(=O)C(=O)/[C]=[C]/C1=[C]C(=[C][C]=C1Br)Br)O[C][C][N]C1=[C][C]=[C]C2=C1[C]N(C2=O)[C]1[C][C]C(=O)[N]C1=O,pocket,2output_181_Fragments_.xyz
817.8246059200002,1.4866500000000016,0,7,166.57999999999998,16,6,0.09198271866302957,7.854180460424787,7,[C]OC1=[C]C2=C([C]=[C]1)N=C([C]2[C][C][N]C(=O)C(=O)/[C]=[C]/C1=[C]C(=[C][C]=C1Br)Br)[N][C][C][C][C][C][C][N]C1=[C][C]=[C]C2=C1[C]N(C2=O)[C]1[C][C]C(=O)[N]C1=O,pocket,2output_182_Fragments_.xyz
819.8164465400001,1.8988500000000017,0,8,161.70999999999998,16,6,0.0923604983934627,7.8088756652199915,7,[C]OC1=[C]C2=C([C]=[C]1)N=C([C]2[C][C][N]C(=O)C(=O)/[C]=[C]/C1=[C]C(=[C][C]=C1Br)Br)O[C][C][C][C][C][C][N]C1=[C][C]=[C]C2=C1[C]N(C2=O)[C]1[C][C]C(=O)[N]C1=O,pocket,2output_184_Fragments_.xyz
863.7885175400002,2.5282400000000016,0,9,154.27999999999997,13,7,0.11301612416725837,5.643847941924046,9,[C]OC1=[C]C2=C([C]=[C]1)N([C]=C2[C][C][N]C(=O)C(=O)/[C]=[C]/C1=[C]C(=[C][C]=C1Br)Br)[C][C]1[C]S[C][C]([C]O1)[C][N]C1=[C][C]=[C]C2=C1[C]N(C2=O)[C]1[C][C]C(=O)[N]C1=O,pocket,2output_185_Fragments_.xyz
819.81644654,0.2060500000000009,0,8,161.71,17,6,0.08145502288846507,7.833361779106106,7,[C]OC1=[C]C2=C([C][C][N]C(=O)C(=O)/[C]=[C]/C3=[C]C(=[C][C]=C3Br)Br)[C](N=C2[C]=[C]1)[C][C][C][C][C]O[C][N]C1=[C][C]=[C]C2=C1[C]N(C2=O)[C]1[C][C]C(=O)[N]C1=O,pocket,2output_186_Fragments_.xyz
803.82153192,0.2744500000000009,0,7,152.48,16,6,0.08784645936324385,7.800864772758091,6,[C]OC1=[C]C2=C([C][C][N]C(=O)C(=O)/[C]=[C]/C3=[C]C(=[C][C]=C3Br)Br)[C](N=C2[C]=[C]1)[C][C][C][C][C][C][N]C1=[C][C]=[C]C2=C1[C]N(C2=O)[C]1[C][C]C(=O)[N]C1=O,pocket,2output_187_Fragments_.xyz
853.8246059200001,2.0088400000000024,0,8,157.40999999999997,11,8,0.12775668595779432,5.708797378772506,10,[C]OC1=[C]C2=C([C]=[C]1)N([C]=C2[C][C][N]C(=O)C(=O)/[C]=[C]/C1=[C]C(=[C][C]=C1Br)Br)[C]1[C][C]1/[C]=C/1\[C][C][C]C(=N1)[N]C1=[C][C]=[C]C2=C1[C]N(C2=O)[C]1[C][C]C(=O)[N]C1=O,pocket,2output_188_Fragments_.xyz
843.81644654,0.8039500000000006,0,8,161.71,14,7,0.1031691721639159,2.3543639257286593,9,[C]OC1=[C]C2=C([C][C][N]C(=O)C(=O)/[C]=[C]/C3=[C]C(=[C][C]=C3Br)Br)[C](N=C2[C]=[C]1)[C]O[C]C1=[C][C]=C([C]=[C]1)[N]C1=[C][C]=[C]C2=C1[C]N(C2=O)[C]1[C][C]C(=O)[N]C1=O,pocket,2output_189_Fragments_.xyz
835.8113611599999,0.16106000000000092,0,8,181.61,15,6,0.0905276344317872,7.8186025340823,8,[C]OC1=[C]C2=C([C][C][N]C(=O)C(=O)/[C]=[C]/C3=[C]C(=[C][C]=C3Br)Br)/C(=[C]/O[C][C]([C]/[C]=[C]\[N]C3=[C][C]=[C]C4=C3[C]N(C4=O)[C]3[C][C]C(=O)[N]C3=O)[O])/N=C2[C]=[C]1,pocket,2output_18_Fragments_.xyz
857.8195205400001,1.3490400000000022,0,7,179.04999999999998,13,8,0.11134239629155096,7.892225761168039,10,[C]OC1=[C]C2=C([C]=[C]1)N([C]=C2[C][C][N]C(=O)C(=O)/[C]=[C]/C1=[C]C(=[C][C]=C1Br)Br)[C][C]1[C]([C@@]21[C][N][C]([C]2)[C][N]C1=[C][C]=[C]C2=C1[C]N(C2=O)[C]1[C][C]C(=O)[N]C1=O)[O],pocket,2output_190_Fragments_.xyz
901.79159154,0.4783400000000008,0,10,181.91,18,6,0.0765362191467659,7.950086199362141,12,[C][C]S[C]([C][N]C(=O)[C][C]1N=C2C(=C1[C][C][N]C(=O)C(=O)/[C]=[C]/C1=[C]C(=[C][C]=C1Br)Br)[C]=C([C]=[C]2)O[C])[C][C]/[C]=N/C1=[C][C]=[C]C2=C1[C]N(C2=O)[C]1[C][C]C(=O)[N]C1=O,pocket,2output_191_Fragments_.xyz
823.81136116,0.0563600000000008,0,9,170.94,17,6,0.07966830125944722,7.817649990894317,7,[C]OC1=[C]C2=C([C][C][N]C(=O)C(=O)/[C]=[C]/C3=[C]C(=[C][C]=C3Br)Br)[C](N=C2[C]=[C]1)[C]O[C][C]O[C][C][N]C1=[C][C]=[C]C2=C1[C]N(C2=O)[C]1[C][C]C(=O)[N]C1=O,pocket,2output_193_Fragments_.xyz
843.82767992,1.1491400000000025,0,8,162.39,12,8,0.11749158916015091,5.445097707810917,9,[C]OC1=[C]C2=C([C]=[C]1)N([C]=C2[C][C][N]C(=O)C(=O)/[C]=[C]/C1=[C]C(=[C][C]=C1Br)Br)[C]1[C][N@@]2[C]([C]1)[N][C]([C]2)[C][N]C1=[C][C]=[C]C2=C1[C]N(C2=O)[C]1[C][C]C(=O)[N]C1=O,pocket,2output_194_Fragments_.xyz
869.8195205400001,-0.4744699999999994,0,8,183.64999999999998,18,6,0.09406457265308907,7.942896980937985,11,[C][C][C]([N]C1=[C][C]=[C]C2=C1[C]N(C2=O)[C]1[C][C]C(=O)[N]C1=O)[C][C][C]C(=O)[N][C][C][C]1N=C2C(=C1[C][C][N]C(=O)C(=O)/[C]=[C]/C1=[C]C(=[C][C]=C1Br)Br)[C]=C([C]=[C]2)O[C],pocket,2output_195_Fragments_.xyz
835.81136116,-0.30614000000000013,0,9,178.78,17,6,0.07699829975591566,7.781724723431413,8,[C]OC1=[C]C2=C([C][C][N]C(=O)C(=O)/[C]=[C]/C3=[C]C(=[C][C]=C3Br)Br)[C](N=C2[C]=[C]1)[C][C][C]O[C]C(=O)[C][N]C1=[C][C]=[C]C2=C1[C]N(C2=O)[C]1[C][C]C(=O)[N]C1=O,pocket,2output_196_Fragments_.xyz
875.8062757800002,1.4304400000000017,0,9,198.67999999999998,18,6,0.07915940199644977,7.853911802701588,11,[C]OC1=[C]C2=C([C]=[C]1)N=C([C]2[C][C][N]C(=O)C(=O)/[C]=[C]/C1=[C]C(=[C][C]=C1Br)Br)O[C][C][C][C]C(=O)[C][C][C]([N]C1=[C][C]=[C]C2=C1[C]N(C2=O)[C]1[C][C]C(=O)[N]C1=O)[O],pocket,2output_197_Fragments_.xyz
879.8011904000001,-0.4624499999999997,0,9,218.57999999999996,17,6,0.07462049411255899,7.800949518375111,11,[O][C][C]([C]([C][C]OC(=O)[C][C]1N=C2C(=C1[C][C][N]C(=O)C(=O)/[C]=[C]/C1=[C]C(=[C][C]=C1Br)Br)[C]=C([C]=[C]2)O[C])[O])[N]C1=[C][C]=[C]C2=C1[C]N(C2=O)[C]1[C][C]C(=O)[N]C1=O,pocket,2output_198_Fragments_.xyz
877.8093497800002,-0.7504399999999993,0,9,212.77999999999997,17,6,0.05523295271409273,7.88904078784184,11,[O]O[C][C](C(=[C])[N]C1=[C][C]=[C]C2=C1[C]N(C2=O)[C]1[C][C]C(=O)[N]C1=O)[C]C(=O)[N][C][C]1N=C2C(=C1[C][C][N]C(=O)C(=O)/[C]=[C]/C1=[C]C(=[C][C]=C1Br)Br)[C]=C([C]=[C]2)O[C],pocket,2output_199_Fragments_.xyz
851.8062757800001,-0.37454000000000015,0,10,188.01,17,6,0.057420382312316436,7.778779932429503,9,[C]OC1=[C]C2=C([C][C][N]C(=O)C(=O)/[C]=[C]/C3=[C]C(=[C][C]=C3Br)Br)[C](N=C2[C]=[C]1)[C]O[C][C]OC(=O)[C][C][N]C1=[C][C]=[C]C2=C1[C]N(C2=O)[C]1[C][C]C(=O)[N]C1=O,pocket,2output_19_Fragments_.xyz
873.8144351600001,-0.19263999999999998,0,9,192.88,14,7,0.07205374304593343,7.953126105959306,11,[C]OC1=[C]C2=C([C][C][N]C(=O)C(=O)/[C]=[C]/C3=[C]C(=[C][C]=C3Br)Br)[C](N=C2[C]=[C]1)[C][N]C(=O)C1=[C][C]=[C]C(=[C]1)O[N]C1=[C][C]=[C]C2=C1[C]N(C2=O)[C]1[C][C]C(=O)[N]C1=O,pocket,2output_1_Fragments_.xyz
815.82153192,0.355740000000001,0,7,152.48,15,7,0.09356624795357882,7.8521323085766355,7,[C]OC1=[C]C2=C([C][C][N]C(=O)C(=O)/[C]=[C]/C3=[C]C(=[C][C]=C3Br)Br)[C](N=C2[C]=[C]1)[C][C][C][C][C]1[C][C]1[N]C1=[C][C]=[C]C2=C1[C]N(C2=O)[C]1[C][C]C(=O)[N]C1=O,pocket,2output_200_Fragments_.xyz
853.8093497800002,-0.9868300000000003,0,9,212.78,16,6,0.07541549555459508,7.758619283167134,9,[C]OC1=[C]C2=C([C][C][N]C(=O)C(=O)/[C]=[C]/C3=[C]C(=[C][C]=C3Br)Br)[C](N=C2[C]=[C]1)[C][N]C(=O)[C]([C]O[C][N]C1=[C][C]=[C]C2=C1[C]N(C2=O)[C]1[C][C]C(=O)[N]C1=O)[O],pocket,2output_201_Fragments_.xyz
895.7783467800001,0.4853600000000006,0,9,201.51,15,7,0.0689779306346184,7.921200733283201,11,[C]OC1=[C]C2=C([C][C][N]C(=O)C(=O)/[C]=[C]/C3=[C]C(=[C][C]=C3Br)Br)[C](N=C2[C]=[C]1)[C][C]O[C][C]1SC(=[C]C1([O])[O])[N]C1=[C][C]=[C]C2=C1[C]N(C2=O)[C]1[C][C]C(=O)[N]C1=O,pocket,2output_203_Fragments_.xyz
875.8062757800001,0.1814300000000008,0,9,190.84,15,7,0.11743809728578944,7.9799523996656,11,[C]OC1=[C]C2=C([C][C][N]C(=O)C(=O)/[C]=[C]/C3=[C]C(=[C][C]=C3Br)Br)[C](N=C2[C]=[C]1)[C][C]O[C]1[C][C](O[C][C]1[O])[C][N]C1=[C][C]=[C]C2=C1[C]N(C2=O)[C]1[C][C]C(=O)[N]C1=O,pocket,2output_204_Fragments_.xyz
803.82153192,0.2744500000000009,0,7,152.48,15,6,0.09320484350913054,7.800864772758091,6,[C]OC1=[C]C2=C([C][C][N]C(=O)C(=O)/[C]=[C]/C3=[C]C(=[C][C]=C3Br)Br)[C](N=C2[C]=[C]1)[C][C]/[C]=[C]/[C][C][N]C1=[C][C]=[C]C2=C1[C]N(C2=O)[C]1[C][C]C(=O)[N]C1=O,pocket,2output_205_Fragments_.xyz
835.81136116,0.13765000000000088,0,9,174.24,15,7,0.06837934788071807,7.814220332672735,8,[C]OC1=[C]C2=C([C][C][N]C(=O)C(=O)/[C]=[C]/C3=[C]C(=[C][C]=C3Br)Br)[C](N=C2[C]=[C]1)/[C]=[C]\[C]1O[C]1[C]O[C][N]C1=[C][C]=[C]C2=C1[C]N(C2=O)[C]1[C][C]C(=O)[N]C1=O,pocket,2output_208_Fragments_.xyz
883.81136116,0.7573500000000009,0,9,170.94,15,7,0.07297465358599114,5.780813282251721,12,[C]OC1=[C]C(=[C][C]=C1[C]O/[C]=C/1\N=C2C(=C1[C][C][N]C(=O)C(=O)/[C]=[C]/C1=[C]C(=[C][C]=C1Br)Br)[C]=C([C]=[C]2)O[C])[C][N]C1=[C][C]=[C]C2=C1[C]N(C2=O)[C]1[C][C]C(=O)[N]C1=O,pocket,2output_209_Fragments_.xyz
847.81136116,-0.22485000000000005,0,9,178.78,17,6,0.05885299161909318,7.793997639250983,9,[C]OC1=[C]C2=C([C][C][N]C(=O)C(=O)/[C]=[C]/C3=[C]C(=[C][C]=C3Br)Br)[C](N=C2[C]=[C]1)[C][C]OC(=O)[C][C][C][C][N]C1=[C][C]=[C]C2=C1[C]N(C2=O)[C]1[C][C]C(=O)[N]C1=O,pocket,2output_20_Fragments_.xyz
859.8113611599999,0.3740400000000015,0,9,170.94,14,7,0.09699467203013255,3.730800507447012,10,[C]OC1=[C]C2=C([C][C][N]C(=O)C(=O)/[C]=[C]/C3=[C]C(=[C][C]=C3Br)Br)/C(=[C]/[C]O[C][C]3[C][C]O[C]([C]3)[N]C3=[C][C]=[C]C4=C3[C]N(C4=O)[C]3[C][C]C(=O)[N]C3=O)/N=C2[C]=[C]1,pocket,2output_210_Fragments_.xyz
887.8062757800001,-0.13066999999999968,0,10,188.01,17,7,0.0770624351572328,7.964299397690757,12,[C]OC1=[C]C2=C([C][C][N]C(=O)C(=O)/[C]=[C]/C3=[C]C(=[C][C]=C3Br)Br)[C](N=C2[C]=[C]1)C(=O)[C][C]1O[C][C][C]1O[C][C][C][N]C1=[C][C]=[C]C2=C1[C]N(C2=O)[C]1[C][C]C(=O)[N]C1=O,pocket,2output_211_Fragments_.xyz
887.8062757800002,0.21231999999999987,0,8,201.50999999999993,20,6,0.06682653212837199,7.981887581213821,12,[O][C][C]([C]([C][C][C][N]C1=[C][C]=[C]C2=C1[C]N(C2=O)[C]1[C][C]C(=O)[N]C1=O)[O])[C]O[C][C][C]1N=C2C(=C1[C][C][N]C(=O)C(=O)/[C]=[C]/C1=[C]C(=[C][C]=C1Br)Br)[C]=C([C]=[C]2)O[C],pocket,2output_212_Fragments_.xyz
847.8113611600002,-0.275249999999999,0,8,189.44999999999993,13,6,0.12855785110725265,7.822209159685842,9,[O][C]C(=O)[N]C1=[C][C]=[C]C2=C1[C]N(C2=O)[C]1[C][C]C(=O)[N]C1=O.[C][C]/[C]=[C]\[C][C]1N=C2C(=C1[C][C][N]C(=O)C(=O)/[C]=[C]/C1=[C]C(=[C][C]=C1Br)Br)[C]=C([C]=[C]2)O[C],pocket,2output_213_Fragments_.xyz
867.8011904000001,-0.09994999999999912,0,9,214.04000000000002,16,7,0.08189063319422371,7.792379597539603,10,[C]OC1=[C]C2=C([C][C][N]C(=O)C(=O)/[C]=[C]/C3=[C]C(=[C][C]=C3Br)Br)[C](N=C2[C]=[C]1)[C]O[C]([C][C]([C]1O[C]1[N]C1=[C][C]=[C]C2=C1[C]N(C2=O)[C]1[C][C]C(=O)[N]C1=O)[O])[O],pocket,2output_218_Fragments_.xyz
823.81136116,0.0563600000000008,0,9,170.94,17,6,0.07966830125944722,7.817649990894317,7,[C]OC1=[C]C2=C([C][C][N]C(=O)C(=O)/[C]=[C]/C3=[C]C(=[C][C]=C3Br)Br)[C](N=C2[C]=[C]1)[C]O[C][C]O[C][C][N]C1=[C][C]=[C]C2=C1[C]N(C2=O)[C]1[C][C]C(=O)[N]C1=O,pocket,2output_219_Fragments_.xyz
803.82153192,0.2744500000000009,0,7,152.48,16,6,0.08784645936324385,7.800864772758091,6,[C]OC1=[C]C2=C([C][C][N]C(=O)C(=O)/[C]=[C]/C3=[C]C(=[C][C]=C3Br)Br)[C](N=C2[C]=[C]1)[C][C][C][C][C][C][N]C1=[C][C]=[C]C2=C1[C]N(C2=O)[C]1[C][C]C(=O)[N]C1=O,pocket,2output_221_Fragments_.xyz
819.8164465400001,2.1033600000000017,0,9,152.53999999999996,16,6,0.041958174660074274,7.9168972436415705,7,[C]OC1=[C]C2=C([C]=[C]1)N([C]=C2[C][C][N]C(=O)C(=O)/[C]=[C]/C1=[C]C(=[C][C]=C1Br)Br)[C][C][C][C][C]O/[C]=N\C1=[C][C]=[C]C2=C1[C]N(C2=O)[C]1[C][C]C(=O)[N]C1=O,pocket,2output_222_Fragments_.xyz
877.80934978,-0.5079300000000001,0,10,209.95,13,7,0.12292609334577222,7.849600920900461,11,[C]OC1=[C]C2=C([C][C][N]C(=O)C(=O)/[C]=[C]/C3=[C]C(=[C][C]=C3Br)Br)[C](N=C2[C]=[C]1)[C]OC1=[C][C]([C]C1=O)[N]C(=O)[N]C1=[C][C]=[C]C2=C1[C]N(C2=O)[C]1[C][C]C(=O)[N]C1=O,pocket,2output_223_Fragments_.xyz
827.7885175400002,2.329490000000002,0,9,159.96999999999997,13,6,0.06389916856510448,7.728696968377041,6,[C]OC1=[C]C2=C([C]=[C]1)N=C([C]2[C][C][N]C(=O)C(=O)/[C]=[C]/C1=[C]C(=[C][C]=C1Br)Br)O/[C]=[S]/[C][C]/[C]=N/C1=[C][C]=[C]C2=C1[C]N(C2=O)[C]1[C][C]C(=O)[N]C1=O,pocket,2output_224_Fragments_.xyz
807.8164465400001,1.7174600000000015,0,8,154.27999999999997,16,6,0.07234190109381218,7.899771242447342,6,[C]OC1=[C]C2=C([C]=[C]1)N([C]=C2[C][C][N]C(=O)C(=O)/[C]=[C]/C1=[C]C(=[C][C]=C1Br)Br)[C]O[C][C][C][C][N]C1=[C][C]=[C]C2=C1[C]N(C2=O)[C]1[C][C]C(=O)[N]C1=O,pocket,2output_227_Fragments_.xyz
855.8164465400001,1.9737500000000021,0,8,162.11999999999998,14,7,0.07145883363934938,5.096827094380515,10,[C]OC1=[C]C2=C([C]=[C]1)N([C]=C2[C][C][N]C(=O)C(=O)/[C]=[C]/C1=[C]C(=[C][C]=C1Br)Br)[C]C(=O)C1=[C][C]=[C]C(=[C]1)[C][N]C1=[C][C]=[C]C2=C1[C]N(C2=O)[C]1[C][C]C(=O)[N]C1=O,pocket,2output_228_Fragments_.xyz
837.81443516,-0.8680300000000003,0,9,192.88,16,6,0.07697220649461353,7.774780344733189,8,[C]OC1=[C]C2=C([C][C][N]C(=O)C(=O)/[C]=[C]/C3=[C]C(=[C][C]=C3Br)Br)[C](N=C2[C]=[C]1)[C]O[C]C(=O)[N][C][C][N]C1=[C][C]=[C]C2=C1[C]N(C2=O)[C]1[C][C]C(=O)[N]C1=O,pocket,2output_229_Fragments_.xyz
803.82153192,0.2744500000000009,0,7,152.48,16,6,0.08784645936324385,7.800864772758091,6,[C]OC1=[C]C2=C([C][C][N]C(=O)C(=O)/[C]=[C]/C3=[C]C(=[C][C]=C3Br)Br)[C](N=C2[C]=[C]1)[C][C][C][C][C][C][N]C1=[C][C]=[C]C2=C1[C]N(C2=O)[C]1[C][C]C(=O)[N]C1=O,pocket,2output_22_Fragments_.xyz
889.8093497800002,0.9612400000000016,0,8,205.15999999999997,13,7,0.10798100391865376,7.9959425361787755,12,[C]OC1=[C]C2=C([C]=[C]1)N([C]=C2[C][C][N]C(=O)C(=O)/[C]=[C]/C1=[C]C(=[C][C]=C1Br)Br)[C][C]1[C]([O])[C]N([C][C]1[O])C(=O)[C][N]C1=[C][C]=[C]C2=C1[C]N(C2=O)[C]1[C][C]C(=O)[N]C1=O,pocket,2output_230_Fragments_.xyz
803.82153192,0.5790600000000008,0,8,150.73999999999998,14,6,0.07655990674632537,7.771129469650602,6,[C]OC1=[C]C2=C([C][C][N]C(=O)C(=O)/[C]=[C]/C3=[C]C(=[C][C]=C3Br)Br)[C](N=C2[C]=[C]1)[C]/[C]=[C]/[C][C]/[C]=N/C1=[C][C]=[C]C2=C1[C]N(C2=O)[C]1[C][C]C(=O)[N]C1=O,pocket,2output_232_Fragments_.xyz
819.81644654,0.2060500000000009,0,8,161.71,16,6,0.08643578664468254,7.833361779106106,7,[C]OC1=[C]C2=C([C][C][N]C(=O)C(=O)/[C]=[C]/C3=[C]C(=[C][C]=C3Br)Br)[C](N=C2[C]=[C]1)[C][C]/[C]=[C]\[C]O[C][N]C1=[C][C]=[C]C2=C1[C]N(C2=O)[C]1[C][C]C(=O)[N]C1=O,pocket,2output_233_Fragments_.xyz
823.79360292,1.1459700000000017,0,9,150.73999999999998,15,6,0.07341171865954954,7.743000687174799,6,[C]OC1=[C]C2=C([C][C][N]C(=O)C(=O)/[C]=[C]/C3=[C]C(=[C][C]=C3Br)Br)[C](N=C2[C]=[C]1)S[C][C][C][C]/[C]=N/C1=[C][C]=[C]C2=C1[C]N(C2=O)[C]1[C][C]C(=O)[N]C1=O,pocket,2output_234_Fragments_.xyz
867.8011904000001,-0.9371300000000005,0,10,215.75,15,6,0.07969303690530713,7.67320393461557,10,[C]OC1=[C]C2=C([C][C][N]C(=O)C(=O)/[C]=[C]/C3=[C]C(=[C][C]=C3Br)Br)[C](N=C2[C]=[C]1)[C][C]C(=O)O[C][C](C(=O)[N]C1=[C][C]=[C]C2=C1[C]N(C2=O)[C]1[C][C]C(=O)[N]C1=O)[O],pocket,2output_235_Fragments_.xyz
835.8113611600002,0.8427700000000009,0,9,179.18999999999997,16,6,0.09058005698276132,7.808243761415762,8,[C]OC1=[C]C2=C([C]=[C]1)N([C]=C2[C][C][N]C(=O)C(=O)/[C]=[C]/C1=[C]C(=[C][C]=C1Br)Br)[C][C]C(=O)[C]C(=O)[C][N]C1=[C][C]=[C]C2=C1[C]N(C2=O)[C]1[C][C]C(=O)[N]C1=O,pocket,2output_236_Fragments_.xyz
869.81952054,-0.4006600000000003,0,8,183.64999999999998,14,7,0.12002404602914715,3.3769884895328426,11,[C]OC1=[C]C2=C([C][C][N]C(=O)C(=O)/[C]=[C]/C3=[C]C(=[C][C]=C3Br)Br)[C](N=C2[C]=[C]1)[C]C(=O)[N]C1=[C][C][C][C]([C]1)[C][N]C1=[C][C]=[C]C2=C1[C]N(C2=O)[C]1[C][C]C(=O)[N]C1=O,pocket,2output_237_Fragments_.xyz
819.81644654,0.2060500000000009,0,8,161.71,17,6,0.08145502288846507,7.833361779106106,7,[C]OC1=[C]C2=C([C][C][N]C(=O)C(=O)/[C]=[C]/C3=[C]C(=[C][C]=C3Br)Br)[C](N=C2[C]=[C]1)[C][C][C][C]O[C][C][N]C1=[C][C]=[C]C2=C1[C]N(C2=O)[C]1[C][C]C(=O)[N]C1=O,pocket,2output_238_Fragments_.xyz
839.8062757800001,-0.4558300000000003,0,10,188.01000000000002,16,6,0.06053054022368574,7.728036261892953,8,[C]OC1=[C]C2=C([C][C][N]C(=O)C(=O)/[C]=[C]/C3=[C]C(=[C][C]=C3Br)Br)[C](N=C2[C]=[C]1)[C][C]O[C]C(=O)O[C][N]C1=[C][C]=[C]C2=C1[C]N(C2=O)[C]1[C][C]C(=O)[N]C1=O,pocket,2output_239_Fragments_.xyz
851.8062757800002,1.2243600000000021,0,7,204.75,16,6,0.0701455547119934,7.93596457369858,9,[C]OC1=[C]C2=C([C]=[C]1)N([C]=C2[C][C][N]C(=O)C(=O)/[C]=[C]/C1=[C]C(=[C][C]=C1Br)Br)[C][C][C]([C]C([C][N]C1=[C][C]=[C]C2=C1[C]N(C2=O)[C]1[C][C]C(=O)[N]C1=O)([O])[O])[O],pocket,2output_23_Fragments_.xyz
877.7915915400001,2.1976700000000027,0,9,177.30999999999997,12,8,0.11908407681413456,7.2307446234066575,10,[C]OC1=[C]C2=C([C]=[C]1)N([C]=C2[C][C][N]C(=O)C(=O)/[C]=[C]/C1=[C]C(=[C][C]=C1Br)Br)[C@@]1([O])[C][C]1[C]1N=[C][C]=C(S1)[N]C1=[C][C]=[C]C2=C1[C]N(C2=O)[C]1[C][C]C(=O)[N]C1=O,pocket,2output_240_Fragments_.xyz
859.8225945400001,-0.31985000000000025,0,9,186.89,12,7,0.13477466484641681,7.972242930342065,10,[C]OC1=[C]C2=C([C][C][N]C(=O)C(=O)/[C]=[C]/C3=[C]C(=[C][C]=C3Br)Br)[C](N=C2[C]=[C]1)[C]N1[C][C][C]([C][C]1)[N]C(=O)[N]C1=[C][C]=[C]C2=C1[C]N(C2=O)[C]1[C][C]C(=O)[N]C1=O,pocket,2output_241_Fragments_.xyz
843.81644654,0.5346500000000012,0,8,161.71,14,7,0.10175413825298354,7.988682900499169,9,[C]OC1=[C]C2=C([C][C][N]C(=O)C(=O)/[C]=[C]/C3=[C]C(=[C][C]=C3Br)Br)[C](N=C2[C]=[C]1)[C]C1=[C][C]=C([C]=[C]1)O[C][N]C1=[C][C]=[C]C2=C1[C]N(C2=O)[C]1[C][C]C(=O)[N]C1=O,pocket,2output_242_Fragments_.xyz
855.81644654,0.44992000000000115,0,8,161.71,15,7,0.09289968600906089,4.648176781708456,10,[C]OC1=[C]C2=C([C][C][N]C(=O)C(=O)/[C]=[C]/C3=[C]C(=[C][C]=C3Br)Br)[C](N=C2[C]=[C]1)[C][C][C]O[C]1[C][C][C]([C][C]1)[N]C1=[C][C]=[C]C2=C1[C]N(C2=O)[C]1[C][C]C(=O)[N]C1=O,pocket,2output_244_Fragments_.xyz
847.8113611600002,2.1343600000000014,0,9,170.94,13,7,0.11200284543881246,7.928700496653015,9,[C]OC1=[C]C2=C([C]=[C]1)N=C([C]2[C][C][N]C(=O)C(=O)/[C]=[C]/C1=[C]C(=[C][C]=C1Br)Br)OC1=[C][C]=C([C]=[C]1)O[C][N]C1=[C][C]=[C]C2=C1[C]N(C2=O)[C]1[C][C]C(=O)[N]C1=O,pocket,2output_245_Fragments_.xyz
825.7966769200002,1.9722700000000013,0,8,166.57999999999998,15,6,0.07432254052745928,7.788617803832976,6,[C]OC1=[C]C2=C([C]=[C]1)N=C([C]2[C][C][N]C(=O)C(=O)/[C]=[C]/C1=[C]C(=[C][C]=C1Br)Br)[N][C][C][C][C]S[N]C1=[C][C]=[C]C2=C1[C]N(C2=O)[C]1[C][C]C(=O)[N]C1=O,pocket,2output_246_Fragments_.xyz
867.8164465400001,2.224010000000002,0,8,161.70999999999998,12,8,0.1533535989947055,4.791655082396657,11,[C]OC1=[C]C2=C([C]=[C]1)N=C([C]2[C][C][N]C(=O)C(=O)/[C]=[C]/C1=[C]C(=[C][C]=C1Br)Br)O[C]1[C]=[C][C]2[C]([C]1)[C][C]([C]2)[C][N]C1=[C][C]=[C]C2=C1[C]N(C2=O)[C]1[C][C]C(=O)[N]C1=O,pocket,2output_247_Fragments_.xyz
867.79466554,0.55939,0,10,198.16,13,7,0.08041000377634742,7.6144913983221,9,[C]OC1=[C]C2=C([C][C][N]C(=O)C(=O)/[C]=[C]/C3=[C]C(=[C][C]=C3Br)Br)[C](N=C2[C]=[C]1)/[C]=C(\[C]c1nnc(s1)[N]C1=[C][C]=[C]C2=C1[C]N(C2=O)[C]1[C][C]C(=O)[N]C1=O)/[O],pocket,2output_248_Fragments_.xyz
863.8175091600001,-1.7111300000000005,0,9,214.81999999999996,16,6,0.09165367432508259,7.785232058122498,10,[C]OC1=[C]C2=C([C][C][N]C(=O)C(=O)/[C]=[C]/C3=[C]C(=[C][C]=C3Br)Br)[C](N=C2[C]=[C]1)[C][N]C(=O)[C][C][N]C(=O)[C][N]C1=[C][C]=[C]C2=C1[C]N(C2=O)[C]1[C][C]C(=O)[N]C1=O,pocket,2output_249_Fragments_.xyz
839.78851754,0.329170000000001,0,9,169.54999999999998,14,6,0.12719479450743362,7.711699747020544,7,[C]OC1=[C]C2=C([C][C][N]C(=O)C(=O)/[C]=[C]/C3=[C]C(=[C][C]=C3Br)Br)[C](N=C2[C]=[C]1)S/[C]=[C]/[C][C]C(=O)[N]C1=[C][C]=[C]C2=C1[C]N(C2=O)[C]1[C][C]C(=O)[N]C1=O,pocket,2output_24_Fragments_.xyz
859.81136116,-0.58735,0,9,186.61999999999998,16,7,0.10399165911573512,7.7720549917106485,10,[C]OC1=[C]C2=C([C][C][N]C(=O)C(=O)/[C]=[C]/C3=[C]C(=[C][C]=C3Br)Br)[C](N=C2[C]=[C]1)[C][C]1[C][C]1[C]C(=O)C(=O)[C][N]C1=[C][C]=[C]C2=C1[C]N(C2=O)[C]1[C][C]C(=O)[N]C1=O,pocket,2output_250_Fragments_.xyz
859.81136116,0.24983000000000083,0,8,181.60999999999999,15,7,0.11936757232319818,7.951494212393348,10,[C]OC1=[C]C2=C([C][C][N]C(=O)C(=O)/[C]=[C]/C3=[C]C(=[C][C]=C3Br)Br)[C](N=C2[C]=[C]1)[C]O[C][C]1[C][C][C]([C]1[O])[C][N]C1=[C][C]=[C]C2=C1[C]N(C2=O)[C]1[C][C]C(=O)[N]C1=O,pocket,2output_251_Fragments_.xyz
837.81443516,-0.25881000000000004,0,10,189.39999999999998,14,6,0.06982946628821177,7.724766439407745,8,[C]OC1=[C]C2=C([C][C][N]C(=O)C(=O)/[C]=[C]/C3=[C]C(=[C][C]=C3Br)Br)[C](N=C2[C]=[C]1)[C]O[C]/[C]=N\C(=O)/[C]=N/C1=[C][C]=[C]C2=C1[C]N(C2=O)[C]1[C][C]C(=O)[N]C1=O,pocket,2output_252_Fragments_.xyz
887.8062757800002,1.4116300000000022,0,9,191.25,20,6,0.05509943510372639,4.02019757722743,12,[C]OC1=[C]C2=C([C]=[C]1)N([C]=C2[C][C][N]C(=O)C(=O)/[C]=[C]/C1=[C]C(=[C][C]=C1Br)Br)[C][C][C][C]([C][C]C(=O)[O])O[C][C][N]C1=[C][C]=[C]C2=C1[C]N(C2=O)[C]1[C][C]C(=O)[N]C1=O,pocket,2output_253_Fragments_.xyz
847.81136116,1.866350000000002,0,9,171.47,14,7,0.10445562828823624,7.9421494389607075,9,[C]OC1=[C]C2=C([C][C][N]C(=O)C(=O)/[C]=[C]/C3=[C]C(=[C][C]=C3Br)Br)[C]=C(N=C2[C]=[C]1)[C][C]1[C][C][C](O1)O[C][N]C1=[C][C]=[C]C2=C1[C]N(C2=O)[C]1[C][C]C(=O)[N]C1=O,pocket,2output_255_Fragments_.xyz
803.82153192,0.2744500000000009,0,7,152.48,16,6,0.08784645936324385,7.800864772758091,6,[C]OC1=[C]C2=C([C][C][N]C(=O)C(=O)/[C]=[C]/C3=[C]C(=[C][C]=C3Br)Br)[C](N=C2[C]=[C]1)[C][C][C][C][C][C][N]C1=[C][C]=[C]C2=C1[C]N(C2=O)[C]1[C][C]C(=O)[N]C1=O,pocket,2output_256_Fragments_.xyz
911.7555031600001,0.9155700000000009,0,9,192.28,13,8,0.10466384706630616,7.7276220199495524,11,[C]OC1=[C]C2=C([C][C][N]C(=O)C(=O)/[C]=[C]/C3=[C]C(=[C][C]=C3Br)Br)[C](N=C2[C]=[C]1)S[C]1[C@@]2(C1([O])[O])[C][C]=C(S2)[C][N]C1=[C][C]=[C]C2=C1[C]N(C2=O)[C]1[C][C]C(=O)[N]C1=O,pocket,2output_257_Fragments_.xyz
839.8062757800002,1.6807600000000018,0,10,183.47,15,7,0.07230188467950875,7.774790543353775,8,[C]OC1=[C]C2=C([C]=[C]1)N=C([C]2[C][C][N]C(=O)C(=O)/[C]=[C]/C1=[C]C(=[C][C]=C1Br)Br)O[C][C]O[C][C]1O[C]1[N]C1=[C][C]=[C]C2=C1[C]N(C2=O)[C]1[C][C]C(=O)[N]C1=O,pocket,2output_258_Fragments_.xyz
851.8062757800001,-0.42494000000000015,0,9,198.68,16,6,0.0801097591114513,7.768821620070736,9,[C]OC1=[C]C2=C([C][C][N]C(=O)C(=O)/[C]=[C]/C3=[C]C(=[C][C]=C3Br)Br)[C](N=C2[C]=[C]1)[C][C]O[C][C]([C]C(=O)[N]C1=[C][C]=[C]C2=C1[C]N(C2=O)[C]1[C][C]C(=O)[N]C1=O)[O],pocket,2output_25_Fragments_.xyz
835.8113611599999,0.16106000000000092,0,8,181.61,16,6,0.06481471911817022,7.818602534082301,8,[C]OC1=[C]C2=C([C][C][N]C(=O)C(=O)/[C]=[C]/C3=[C]C(=[C][C]=C3Br)Br)/C(=[C]/O[C][C][C]([C][C][N]C3=[C][C]=[C]C4=C3[C]N(C4=O)[C]3[C][C]C(=O)[N]C3=O)[O])/N=C2[C]=[C]1,pocket,2output_260_Fragments_.xyz
859.8225945400001,-0.8130400000000004,0,9,196.01,13,7,0.12176481447230084,7.8812138705130055,10,[C]OC1=[C]C2=C([C][C][N]C(=O)C(=O)/[C]=[C]/C3=[C]C(=[C][C]=C3Br)Br)[C](N=C2[C]=[C]1)[C][C][N]C(=O)[C]1[C]N=C([C]1)[N]C1=[C][C]=[C]C2=C1[C]N(C2=O)[C]1[C][C]C(=O)[N]C1=O,pocket,2output_262_Fragments_.xyz
819.8164465400001,1.7987500000000016,0,8,154.27999999999997,17,6,0.06818106202562318,7.946053287597614,7,[C]OC1=[C]C2=C([C]=[C]1)N([C]=C2[C][C][N]C(=O)C(=O)/[C]=[C]/C1=[C]C(=[C][C]=C1Br)Br)[C]O[C][C][C][C][C][N]C1=[C][C]=[C]C2=C1[C]N(C2=O)[C]1[C][C]C(=O)[N]C1=O,pocket,2output_263_Fragments_.xyz
819.8164465400001,1.8988500000000017,0,8,161.70999999999998,16,6,0.0923604983934627,7.8088756652199915,7,[C]OC1=[C]C2=C([C]=[C]1)N=C([C]2[C][C][N]C(=O)C(=O)/[C]=[C]/C1=[C]C(=[C][C]=C1Br)Br)O[C][C][C][C][C][C][N]C1=[C][C]=[C]C2=C1[C]N(C2=O)[C]1[C][C]C(=O)[N]C1=O,pocket,2output_264_Fragments_.xyz
839.8062757800002,1.236970000000002,0,10,188.01,15,6,0.07136203332863962,7.70386407254384,8,[C]OC1=[C]C2=C([C]=[C]1)N=C([C]2[C][C][N]C(=O)C(=O)/[C]=[C]/C1=[C]C(=[C][C]=C1Br)Br)O[C][C]C(=O)O[C][C][N]C1=[C][C]=[C]C2=C1[C]N(C2=O)[C]1[C][C]C(=O)[N]C1=O,pocket,2output_265_Fragments_.xyz
815.82153192,0.355740000000001,0,7,152.48,15,7,0.12281599336787898,7.8521323085766355,7,[C]OC1=[C]C2=C([C][C][N]C(=O)C(=O)/[C]=[C]/C3=[C]C(=[C][C]=C3Br)Br)[C](N=C2[C]=[C]1)[C][C][C][C]1[C][C]1[C][N]C1=[C][C]=[C]C2=C1[C]N(C2=O)[C]1[C][C]C(=O)[N]C1=O,pocket,2output_266_Fragments_.xyz
835.8113611600002,1.2865600000000013,0,9,171.34999999999997,17,6,0.06632724425032893,7.892971468993544,8,[C]OC1=[C]C2=C([C]=[C]1)N([C]=C2[C][C][N]C(=O)C(=O)/[C]=[C]/C1=[C]C(=[C][C]=C1Br)Br)[C][C][C]O[C]C(=O)[C][N]C1=[C][C]=[C]C2=C1[C]N(C2=O)[C]1[C][C]C(=O)[N]C1=O,pocket,2output_268_Fragments_.xyz
819.81644654,0.2060500000000009,0,8,161.71,16,6,0.08643578664468254,7.833361779106106,7,[C]OC1=[C]C2=C([C][C][N]C(=O)C(=O)/[C]=[C]/C3=[C]C(=[C][C]=C3Br)Br)[C](N=C2[C]=[C]1)/[C]=[C]\[C]O[C][C][C][N]C1=[C][C]=[C]C2=C1[C]N(C2=O)[C]1[C][C]C(=O)[N]C1=O,pocket,2output_269_Fragments_.xyz
867.79466554,0.5925800000000006,0,11,187.49,15,7,0.07139009297944204,7.622354342806861,9,[C]OC1=[C]C2=C([C][C][N]C(=O)C(=O)/[C]=[C]/C3=[C]C(=[C][C]=C3Br)Br)[C](N=C2[C]=[C]1)[C][C][C]Oc1nnc(s1)[N]C1=[C][C]=[C]C2=C1[C]N(C2=O)[C]1[C][C]C(=O)[N]C1=O,pocket,2output_26_Fragments_.xyz
819.81644654,0.2060500000000009,0,8,161.71,17,6,0.08145502288846507,7.833361779106106,7,[C]OC1=[C]C2=C([C][C][N]C(=O)C(=O)/[C]=[C]/C3=[C]C(=[C][C]=C3Br)Br)[C](N=C2[C]=[C]1)[C][C][C][C]O[C][C][N]C1=[C][C]=[C]C2=C1[C]N(C2=O)[C]1[C][C]C(=O)[N]C1=O,pocket,2output_270_Fragments_.xyz
873.81443516,-0.43205000000000027,0,9,200.71999999999997,16,6,0.10487861745804683,7.8545604669357525,11,[C]OC1=[C]C2=C([C][C][N]C(=O)C(=O)/[C]=[C]/C3=[C]C(=[C][C]=C3Br)Br)[C](N=C2[C]=[C]1)[C][C]C(=O)[C][C][C]([N]C(=O)[N]C1=[C][C]=[C]C2=C1[C]N(C2=O)[C]1[C][C]C(=O)[N]C1=O)[C],pocket,2output_271_Fragments_.xyz
867.81644654,1.0565500000000012,0,9,159.97,12,8,0.0891744017989679,4.052249719376053,11,[C]OC1=[C]C2=C([C][C][N]C(=O)C(=O)/[C]=[C]/C3=[C]C(=[C][C]=C3Br)Br)[C](N=C2[C]=[C]1)[C][C]1[C]C2=C(O1)[C]=C([C]=[C]2)/[C]=N/C1=[C][C]=[C]C2=C1[C]N(C2=O)[C]1[C][C]C(=O)[N]C1=O,pocket,2output_272_Fragments_.xyz
883.8225945400001,-0.021359999999999282,0,9,187.98,11,8,0.147094526390297,5.495731758874537,12,[C]OC1=[C]C2=C([C][C][N]C(=O)C(=O)/[C]=[C]/C3=[C]C(=[C][C]=C3Br)Br)[C](N=C2[C]=[C]1)[C]N1[C][C][C]2C(=[C]C(=N[C]2)[N]C2=[C][C]=[C]C3=C2[C]N(C3=O)[C]2[C][C]C(=O)[N]C2=O)[C]1[O],pocket,2output_273_Fragments_.xyz
891.8011904000002,1.3620400000000015,0,10,207.91,19,6,0.07361997344242972,7.889433412627916,12,[C]OC1=[C]C2=C([C]=[C]1)N=C([C]2[C][C][N]C(=O)C(=O)/[C]=[C]/C1=[C]C(=[C][C]=C1Br)Br)O[C][C]O[C][C]([C][N]C1=[C][C]=[C]C2=C1[C]N(C2=O)[C]1[C][C]C(=O)[N]C1=O)[C][C]C(=O)[O],pocket,2output_274_Fragments_.xyz
821.8195205400002,1.336960000000002,0,8,175.81,16,6,0.09069729638855217,7.838468672212999,7,[C]OC1=[C]C2=C([C]=[C]1)N=C([C]2[C][C][N]C(=O)C(=O)/[C]=[C]/C1=[C]C(=[C][C]=C1Br)Br)[N][C][C][C]O[C][C][N]C1=[C][C]=[C]C2=C1[C]N(C2=O)[C]1[C][C]C(=O)[N]C1=O,pocket,2output_276_Fragments_.xyz
871.81136116,-0.062269999999999215,0,9,178.78,14,8,0.12292405567458435,7.947393798266998,11,[C]OC1=[C]C2=C([C][C][N]C(=O)C(=O)/[C]=[C]/C3=[C]C(=[C][C]=C3Br)Br)[C](N=C2[C]=[C]1)[C]1[C][C]1[C]1[C]O[C]([C]1)C(=O)[C][N]C1=[C][C]=[C]C2=C1[C]N(C2=O)[C]1[C][C]C(=O)[N]C1=O,pocket,2output_277_Fragments_.xyz
831.8164465400001,1.829640000000002,0,7,164.95,15,7,0.10083671346124602,7.956132119881117,8,[C]OC1=[C]C2=C([C]=[C]1)N([C]=C2[C][C][N]C(=O)C(=O)/[C]=[C]/C1=[C]C(=[C][C]=C1Br)Br)[C][C]1[C][C]1[C][C]([C][N]C1=[C][C]=[C]C2=C1[C]N(C2=O)[C]1[C][C]C(=O)[N]C1=O)[O],pocket,2output_278_Fragments_.xyz
819.81644654,0.2060500000000009,0,8,161.71,17,6,0.08145502288846507,7.833361779106106,7,[C]OC1=[C]C2=C([C][C][N]C(=O)C(=O)/[C]=[C]/C3=[C]C(=[C][C]=C3Br)Br)[C](N=C2[C]=[C]1)[C][C][C][C]O[C][C][N]C1=[C][C]=[C]C2=C1[C]N(C2=O)[C]1[C][C]C(=O)[N]C1=O,pocket,2output_279_Fragments_.xyz
885.81443516,-0.9866600000000001,0,9,200.71999999999997,13,7,0.1184277122001822,7.930496793558362,12,[C]OC1=[C]C2=C([C][C][N]C(=O)C(=O)/[C]=[C]/C3=[C]C(=[C][C]=C3Br)Br)[C](N=C2[C]=[C]1)[C]C(=O)[N]C(=O)[C]1[C][C][C]([C][C]1)[N]C1=[C][C]=[C]C2=C1[C]N(C2=O)[C]1[C][C]C(=O)[N]C1=O,pocket,2output_27_Fragments_.xyz
870.8199351400001,2.640640000000002,0,7,145.04999999999998,13,8,0.10119897508703703,5.80643569728378,11,[C]OC1=[C]C2=C([C]=[C]1)N([C]=C2[C][C][N]C(=O)C(=O)/[C]=[C]/C1=[C]C(=[C][C]=C1Br)Br)[C]1[C][C]1C1=[C]C(=[C]C(=[C]1)[C][N]C1=[C][C]=[C]C2=C1[C]N(C2=O)[C]1[C][C]C(=O)[N]C1=O)F,pocket,2output_280_Fragments_.xyz
843.8164465400001,2.1089500000000014,0,8,154.27999999999997,14,7,0.10712516235356585,5.681371674030252,9,[C]OC1=[C]C2=C([C]=[C]1)N([C]=C2[C][C][N]C(=O)C(=O)/[C]=[C]/C1=[C]C(=[C][C]=C1Br)Br)[C][C][C]C1=[C]C(=[C][C]O1)[N]C1=[C][C]=[C]C2=C1[C]N(C2=O)[C]1[C][C]C(=O)[N]C1=O,pocket,2output_281_Fragments_.xyz
803.82153192,0.5790600000000008,0,8,150.73999999999998,13,6,0.08117529033259216,7.771129469650602,6,[C]OC1=[C]C2=C([C][C][N]C(=O)C(=O)/[C]=[C]/C3=[C]C(=[C][C]=C3Br)Br)[C](N=C2[C]=[C]1)[C]/[C]=[C]/[C]=[C]/[C]=N/C1=[C][C]=[C]C2=C1[C]N(C2=O)[C]1[C][C]C(=O)[N]C1=O,pocket,2output_283_Fragments_.xyz
819.81644654,0.2060500000000009,0,8,161.71,17,6,0.08145502288846507,7.833361779106106,7,[C]OC1=[C]C2=C([C][C][N]C(=O)C(=O)/[C]=[C]/C3=[C]C(=[C][C]=C3Br)Br)[C](N=C2[C]=[C]1)[C][C]O[C][C][C][C][N]C1=[C][C]=[C]C2=C1[C]N(C2=O)[C]1[C][C]C(=O)[N]C1=O,pocket,2output_284_Fragments_.xyz
879.7834321600002,2.692370000000001,0,10,171.34999999999997,14,7,0.07098703622540842,7.950482246581382,10,[C]OC1=[C]C2=C([C]=[C]1)N([C]=C2[C][C][N]C(=O)C(=O)/[C]=[C]/C1=[C]C(=[C][C]=C1Br)Br)[C][C]OC(=O)C1=[C]SC(=[C]1)[N]C1=[C][C]=[C]C2=C1[C]N(C2=O)[C]1[C][C]C(=O)[N]C1=O,pocket,2output_285_Fragments_.xyz
843.8164465400001,1.910930000000002,0,7,164.95,18,6,0.0643194281132006,7.999609540557223,9,[C]OC1=[C]C2=C([C]=[C]1)N([C]=C2[C][C][N]C(=O)C(=O)/[C]=[C]/C1=[C]C(=[C][C]=C1Br)Br)[C][C][C]([C][C][C][C][C][N]C1=[C][C]=[C]C2=C1[C]N(C2=O)[C]1[C][C]C(=O)[N]C1=O)[O],pocket,2output_286_Fragments_.xyz
861.81443516,-1.1154400000000002,0,9,200.71999999999997,17,6,0.053465119816118525,7.808752459460291,10,[C]OC1=[C]C2=C([C][C][N]C(=O)C(=O)/[C]=[C]/C3=[C]C(=[C][C]=C3Br)Br)[C](N=C2[C]=[C]1)[C][C][C][C][N][C](C(=O)[N]C1=[C][C]=[C]C2=C1[C]N(C2=O)[C]1[C][C]C(=O)[N]C1=O)[C]=O,pocket,2output_287_Fragments_.xyz
843.81644654,0.36863000000000107,0,8,161.71,15,7,0.12142945156147124,7.949789054345322,9,[C]OC1=[C]C2=C([C][C][N]C(=O)C(=O)/[C]=[C]/C3=[C]C(=[C][C]=C3Br)Br)[C](N=C2[C]=[C]1)[C][C]O[C]1[C]=[C][C]([C]1)[C][N]C1=[C][C]=[C]C2=C1[C]N(C2=O)[C]1[C][C]C(=O)[N]C1=O,pocket,2output_288_Fragments_.xyz
831.81644654,0.287340000000001,0,8,161.71,15,7,0.12090684035570905,7.869359774123005,8,[C]OC1=[C]C2=C([C][C][N]C(=O)C(=O)/[C]=[C]/C3=[C]C(=[C][C]=C3Br)Br)[C](N=C2[C]=[C]1)[C][C]O[C]1[C][C]1/[C]=[C]/[N]C1=[C][C]=[C]C2=C1[C]N(C2=O)[C]1[C][C]C(=O)[N]C1=O,pocket,2output_289_Fragments_.xyz
823.81136116,0.0563600000000008,0,9,170.94,17,6,0.07966830125944722,7.817649990894317,7,[C]OC1=[C]C2=C([C][C][N]C(=O)C(=O)/[C]=[C]/C3=[C]C(=[C][C]=C3Br)Br)[C](N=C2[C]=[C]1)[C]O[C][C][C]O[C][N]C1=[C][C]=[C]C2=C1[C]N(C2=O)[C]1[C][C]C(=O)[N]C1=O,pocket,2output_28_Fragments_.xyz
819.8164465400001,1.8988500000000017,0,8,161.70999999999998,16,6,0.0923604983934627,7.8088756652199915,7,[C]OC1=[C]C2=C([C]=[C]1)N=C([C]2[C][C][N]C(=O)C(=O)/[C]=[C]/C1=[C]C(=[C][C]=C1Br)Br)O[C][C][C][C][C][C][N]C1=[C][C]=[C]C2=C1[C]N(C2=O)[C]1[C][C]C(=O)[N]C1=O,pocket,2output_290_Fragments_.xyz
803.82153192,0.5790600000000008,0,8,150.73999999999998,13,6,0.08117529033259216,7.771129469650602,6,[C]OC1=[C]C2=C([C][C][N]C(=O)C(=O)/[C]=[C]/C3=[C]C(=[C][C]=C3Br)Br)[C](N=C2[C]=[C]1)[C]/[C]=[C]/[C]=[C]/[C]=N/C1=[C][C]=[C]C2=C1[C]N(C2=O)[C]1[C][C]C(=O)[N]C1=O,pocket,2output_291_Fragments_.xyz
875.8062757800002,1.5958400000000024,0,9,191.24999999999997,14,7,0.1037002628362309,7.989138913395771,11,[C]OC1=[C]C2=C([C]=[C]1)N([C]=C2[C][C][N]C(=O)C(=O)/[C]=[C]/C1=[C]C(=[C][C]=C1Br)Br)C(=O)[C]O[C][C]1[C][C][C]([C]1[O])[N]C1=[C][C]=[C]C2=C1[C]N(C2=O)[C]1[C][C]C(=O)[N]C1=O,pocket,2output_292_Fragments_.xyz
855.8011904000001,-0.9680200000000001,0,11,205.08,14,6,0.08403170630097602,7.598293090372586,9,[C]OC1=[C]C2=C([C][C][N]C(=O)C(=O)/[C]=[C]/C3=[C]C(=[C][C]=C3Br)Br)[C](N=C2[C]=[C]1)[C][C]OC(=O)C(=O)O[C][N]C1=[C][C]=[C]C2=C1[C]N(C2=O)[C]1[C][C]C(=O)[N]C1=O,pocket,2output_293_Fragments_.xyz
849.8144351600001,-1.2305300000000001,0,9,200.71999999999997,15,6,0.10283850518471366,7.733213343537144,9,[C]OC1=[C]C2=C([C][C][N]C(=O)C(=O)/[C]=[C]/C3=[C]C(=[C][C]=C3Br)Br)[C](N=C2[C]=[C]1)[C][C][N]C(=O)[C][C]C(=O)[N]C1=[C][C]=[C]C2=C1[C]N(C2=O)[C]1[C][C]C(=O)[N]C1=O,pocket,2output_294_Fragments_.xyz
883.8113611600002,1.7118200000000001,0,9,178.77999999999997,19,6,0.07563847312831369,7.96072701004846,12,[C][C]C(=O)[C][C]([C][N]C1=[C][C]=[C]C2=C1[C]N(C2=O)[C]1[C][C]C(=O)[N]C1=O)[C][C][C][C]OC1=NC2=C([C]1[C][C][N]C(=O)C(=O)/[C]=[C]/C1=[C]C(=[C][C]=C1Br)Br)[C]=C([C]=[C]2)O[C],pocket,2output_296_Fragments_.xyz
847.8113611600002,1.8116400000000021,0,9,163.51,15,7,0.07576896446755854,5.178394200849444,9,[C]OC1=[C]C2=C([C]=[C]1)N([C]=C2[C][C][N]C(=O)C(=O)/[C]=[C]/C1=[C]C(=[C][C]=C1Br)Br)[C]1[C]O[C]([C]1)[C][C]O[C][N]C1=[C][C]=[C]C2=C1[C]N(C2=O)[C]1[C][C]C(=O)[N]C1=O,pocket,2output_297_Fragments_.xyz
839.82153192,0.6277400000000013,0,7,152.48,14,7,0.1032968477718128,4.0183855503874994,9,[C]OC1=[C]C2=C([C][C][N]C(=O)C(=O)/[C]=[C]/C3=[C]C(=[C][C]=C3Br)Br)[C](N=C2[C]=[C]1)[C]C1=[C][C]=[C]C(=[C]1)[C][C][N]C1=[C][C]=[C]C2=C1[C]N(C2=O)[C]1[C][C]C(=O)[N]C1=O,pocket,2output_29_Fragments_.xyz
863.8062757800002,0.9557600000000013,0,10,195.84999999999997,16,6,0.08724728369448523,7.7527271369567075,10,[C]OC1=[C]C2=C([C]=[C]1)N=C([C]2[C][C][N]C(=O)C(=O)/[C]=[C]/C1=[C]C(=[C][C]=C1Br)Br)O[C][C][C][C]C(=O)[C]C(=O)[N]C1=[C][C]=[C]C2=C1[C]N(C2=O)[C]1[C][C]C(=O)[N]C1=O,pocket,2output_2_Fragments_.xyz
877.8093497800002,0.8685500000000017,0,9,212.77999999999997,17,6,0.08198348060854196,7.847306174183764,11,[C]OC1=[C]C2=C([C]=[C]1)N=C([C]2[C][C][N]C(=O)C(=O)/[C]=[C]/C1=[C]C(=[C][C]=C1Br)Br)O[C][C][N]C(=O)[C][C][C]([C][N]C1=[C][C]=[C]C2=C1[C]N(C2=O)[C]1[C][C]C(=O)[N]C1=O)[O],pocket,2output_300_Fragments_.xyz
839.8062757800001,-0.4558300000000003,0,10,188.01000000000002,16,6,0.06053054022368574,7.728036261892953,8,[C]OC1=[C]C2=C([C][C][N]C(=O)C(=O)/[C]=[C]/C3=[C]C(=[C][C]=C3Br)Br)[C](N=C2[C]=[C]1)[C][C]O[C]C(=O)O[C][N]C1=[C][C]=[C]C2=C1[C]N(C2=O)[C]1[C][C]C(=O)[N]C1=O,pocket,2output_302_Fragments_.xyz
851.8062757800002,1.8540600000000018,0,10,180.57999999999998,16,6,0.0704101138520652,7.883247856957804,9,[C]OC1=[C]C2=C([C]=[C]1)N([C]=C2[C][C][N]C(=O)C(=O)/[C]=[C]/C1=[C]C(=[C][C]=C1Br)Br)[C][C]O[C][C][C]OC(=O)[N]C1=[C][C]=[C]C2=C1[C]N(C2=O)[C]1[C][C]C(=O)[N]C1=O,pocket,2output_304_Fragments_.xyz
869.8195205400001,0.4612400000000007,0,8,175.81,16,7,0.06807786984694437,5.4970431799581645,11,[C]OC1=[C]C2=C([C][C][N]C(=O)C(=O)/[C]=[C]/C3=[C]C(=[C][C]=C3Br)Br)[C](N=C2[C]=[C]1)[C][N][C][C]OC1=[C][C]=[C]C(=[C]1)[N]C1=[C][C]=[C]C2=C1[C]N(C2=O)[C]1[C][C]C(=O)[N]C1=O,pocket,2output_305_Fragments_.xyz
807.8164465400001,2.122170000000002,0,9,159.96999999999997,13,6,0.0639121807967903,7.7301329337361855,6,[C]OC1=[C]C2=C([C]=[C]1)N=C([C]2[C][C][N]C(=O)C(=O)/[C]=[C]/C1=[C]C(=[C][C]=C1Br)Br)O/[C]=[C]/[C][C]/[C]=N/C1=[C][C]=[C]C2=C1[C]N(C2=O)[C]1[C][C]C(=O)[N]C1=O,pocket,2output_306_Fragments_.xyz
867.81644654,0.5312100000000013,0,8,161.71,19,7,0.07357481085670711,4.374935297385838,11,[C]OC1=[C]C2=C([C][C][N]C(=O)C(=O)/[C]=[C]/C3=[C]C(=[C][C]=C3Br)Br)[C](N=C2[C]=[C]1)[C]1[C][C]1[C]O[C][C][C][C][C][C][N]C1=[C][C]=[C]C2=C1[C]N(C2=O)[C]1[C][C]C(=O)[N]C1=O,pocket,2output_308_Fragments_.xyz
849.81443516,0.7555600000000002,0,8,196.11999999999998,16,6,0.0901490597800972,7.909247033897415,9,[O][C][C]([N]C(=O)[C][C]N1[C]=C(C2=C1[C]=[C]C(=[C]2)O[C])[C][C][N]C(=O)C(=O)/[C]=[C]/C1=[C]C(=[C][C]=C1Br)Br)[C][N]C1=[C][C]=[C]C2=C1[C]N(C2=O)[C]1[C][C]C(=O)[N]C1=O,pocket,2output_309_Fragments_.xyz
805.8246059200002,1.4053600000000015,0,7,166.57999999999998,14,6,0.1034487070167974,7.806073127317439,6,[C]OC1=[C]C2=C([C]=[C]1)N=C([C]2[C][C][N]C(=O)C(=O)/[C]=[C]/C1=[C]C(=[C][C]=C1Br)Br)[N][C]/[C]=[C]/[C][C][N]C1=[C][C]=[C]C2=C1[C]N(C2=O)[C]1[C][C]C(=O)[N]C1=O,pocket,2output_310_Fragments_.xyz
843.8164465400001,1.984740000000002,0,7,164.95,13,7,0.08651779332102105,5.012678510245161,9,[C]OC1=[C]C2=C([C]=[C]1)N([C]=C2[C][C][N]C(=O)C(=O)/[C]=[C]/C1=[C]C(=[C][C]=C1Br)Br)/[C]=C(/[C]1[C][C][C]([C]1)[C][N]C1=[C][C]=[C]C2=C1[C]N(C2=O)[C]1[C][C]C(=O)[N]C1=O)\[O],pocket,2output_311_Fragments_.xyz
863.8062757800002,1.249050000000002,0,9,191.24999999999997,13,7,0.10901864914543477,7.940343381581647,10,[C]OC1=[C]C2=C([C]=[C]1)N([C]=C2[C][C][N]C(=O)C(=O)/[C]=[C]/C1=[C]C(=[C][C]=C1Br)Br)[C]1[C][C]([C]([C]1)[O])O[C]C(=O)[N]C1=[C][C]=[C]C2=C1[C]N(C2=O)[C]1[C][C]C(=O)[N]C1=O,pocket,2output_312_Fragments_.xyz
823.8113611600002,1.7491600000000014,0,9,170.94,16,6,0.09109299839274526,7.793163877008204,7,[C]OC1=[C]C2=C([C]=[C]1)N=C([C]2[C][C][N]C(=O)C(=O)/[C]=[C]/C1=[C]C(=[C][C]=C1Br)Br)O[C][C][C][C]O[C][N]C1=[C][C]=[C]C2=C1[C]N(C2=O)[C]1[C][C]C(=O)[N]C1=O,pocket,2output_313_Fragments_.xyz
885.81443516,-0.5932700000000003,0,8,203.54999999999998,13,7,0.09442355522442591,3.034551545408277,12,[C]OC1=[C]C2=C([C][C][N]C(=O)C(=O)/[C]=[C]/C3=[C]C(=[C][C]=C3Br)Br)[C](N=C2[C]=[C]1)[C]C(=O)[N][C]1[C][C][C]([C][C][C]1[O])[N]C1=[C][C]=[C]C2=C1[C]N(C2=O)[C]1[C][C]C(=O)[N]C1=O,pocket,2output_314_Fragments_.xyz
837.8144351600002,1.460670000000002,0,9,192.88,14,6,0.10085019202930522,7.743818214555674,8,[C]OC1=[C]C2=C([C]=[C]1)N=C([C]2[C][C][N]C(=O)C(=O)/[C]=[C]/C1=[C]C(=[C][C]=C1Br)Br)[N][C][C][C][C]OC(=O)[N]C1=[C][C]=[C]C2=C1[C]N(C2=O)[C]1[C][C]C(=O)[N]C1=O,pocket,2output_315_Fragments_.xyz
833.8195205400001,-0.7183400000000004,0,8,183.64999999999998,16,6,0.07900730990935842,7.7902906997627746,8,[C]OC1=[C]C2=C([C][C][N]C(=O)C(=O)/[C]=[C]/C3=[C]C(=[C][C]=C3Br)Br)[C](N=C2[C]=[C]1)[C][C][N]C(=O)[C][C][C][N]C1=[C][C]=[C]C2=C1[C]N(C2=O)[C]1[C][C]C(=O)[N]C1=O,pocket,2output_316_Fragments_.xyz
887.80627578,0.3869300000000011,0,10,180.17000000000002,16,7,0.06470255986884019,4.784414503646936,12,[C]OC1=[C]C2=C([C][C][N]C(=O)C(=O)/[C]=[C]/C3=[C]C(=[C][C]=C3Br)Br)/C(=[C]/O[C][C]3[C][C][C][C](O3)O[C][C][N]C3=[C][C]=[C]C4=C3[C]N(C4=O)[C]3[C][C]C(=O)[N]C3=O)/N=C2[C]=[C]1,pocket,2output_317_Fragments_.xyz
803.82153192,0.34826000000000085,0,7,152.48,13,6,0.10533179590551589,7.781571853756562,6,[C]OC1=[C]C2=C([C][C][N]C(=O)C(=O)/[C]=[C]/C3=[C]C(=[C][C]=C3Br)Br)[C](N=C2[C]=[C]1)[C]=C=[C][C]/[C]=[C]/[N]C1=[C][C]=[C]C2=C1[C]N(C2=O)[C]1[C][C]C(=O)[N]C1=O,pocket,2output_318_Fragments_.xyz
823.81136116,0.0563600000000008,0,9,170.94,16,6,0.0642196547758047,7.817649990894317,7,[C]OC1=[C]C2=C([C][C][N]C(=O)C(=O)/[C]=[C]/C3=[C]C(=[C][C]=C3Br)Br)[C](N=C2[C]=[C]1)[C]O/[C]=[C]\O[C][C][N]C1=[C][C]=[C]C2=C1[C]N(C2=O)[C]1[C][C]C(=O)[N]C1=O,pocket,2output_31_Fragments_.xyz
863.80627578,0.224350000000001,0,10,180.17000000000002,13,7,0.1006670526419896,7.9945701391932005,10,[C]OC1=[C]C2=C([C][C][N]C(=O)C(=O)/[C]=[C]/C3=[C]C(=[C][C]=C3Br)Br)/C(=[C]/O[C]3O[C]O[C]([C][C]3)[C][N]C3=[C][C]=[C]C4=C3[C]N(C4=O)[C]3[C][C]C(=O)[N]C3=O)/N=C2[C]=[C]1,pocket,2output_320_Fragments_.xyz
819.8164465400001,1.3549600000000017,0,8,162.11999999999998,16,6,0.07140215805233005,7.8607938646676025,7,[C]OC1=[C]C2=C([C]=[C]1)N([C]=C2[C][C][N]C(=O)C(=O)/[C]=[C]/C1=[C]C(=[C][C]=C1Br)Br)[C]C(=O)[C][C][C][C][N]C1=[C][C]=[C]C2=C1[C]N(C2=O)[C]1[C][C]C(=O)[N]C1=O,pocket,2output_322_Fragments_.xyz
853.80934978,-1.3236200000000002,0,8,223.45,15,6,0.07753878773818994,7.774179762331603,9,[C]OC1=[C]C2=C([C][C][N]C(=O)C(=O)/[C]=[C]/C3=[C]C(=[C][C]=C3Br)Br)[C](N=C2[C]=[C]1)[C][C]C(=O)[N]C([C][N]C1=[C][C]=[C]C2=C1[C]N(C2=O)[C]1[C][C]C(=O)[N]C1=O)([O])[O],pocket,2output_323_Fragments_.xyz
831.81644654,0.28734000000000093,0,8,161.71,17,6,0.08181354718451371,7.874606676094135,8,[C]OC1=[C]C2=C([C][C][N]C(=O)C(=O)/[C]=[C]/C3=[C]C(=[C][C]=C3Br)Br)[C](N=C2[C]=[C]1)[C][C][C][C][C](O[C][N]C1=[C][C]=[C]C2=C1[C]N(C2=O)[C]1[C][C]C(=O)[N]C1=O)[C],pocket,2output_324_Fragments_.xyz
839.8062757800001,0.18007000000000078,0,10,188.01,15,6,0.08908716314825595,7.723266439407745,8,[C]OC1=[C]C2=C([C][C][N]C(=O)C(=O)/[C]=[C]/C3=[C]C(=[C][C]=C3Br)Br)[C](N=C2[C]=[C]1)[C][C]O[C][C]OC(=O)[N]C1=[C][C]=[C]C2=C1[C]N(C2=O)[C]1[C][C]C(=O)[N]C1=O,pocket,2output_325_Fragments_.xyz
855.81644654,0.8852400000000007,0,8,165.01,13,8,0.08345765356077495,7.9996447970506805,10,[C]OC1=[C]C2=C([C][C][N]C(=O)C(=O)/[C]=[C]/C3=[C]C(=[C][C]=C3Br)Br)[C](N=C2[C]=[C]1)[C][C]1O[C]1C1=[C][C]=[C]C(=[C]1)[N]C1=[C][C]=[C]C2=C1[C]N(C2=O)[C]1[C][C]C(=O)[N]C1=O,pocket,2output_326_Fragments_.xyz
823.81136116,0.0563600000000008,0,9,170.94,17,6,0.07966830125944722,7.817649990894317,7,[C]OC1=[C]C2=C([C][C][N]C(=O)C(=O)/[C]=[C]/C3=[C]C(=[C][C]=C3Br)Br)[C](N=C2[C]=[C]1)[C]O[C][C]O[C][C][N]C1=[C][C]=[C]C2=C1[C]N(C2=O)[C]1[C][C]C(=O)[N]C1=O,pocket,2output_327_Fragments_.xyz
871.81136116,0.3730500000000007,0,9,178.78,14,7,0.07556870341637774,7.965628763301964,11,[C]OC1=[C]C2=C([C][C][N]C(=O)C(=O)/[C]=[C]/C3=[C]C(=[C][C]=C3Br)Br)[C](N=C2[C]=[C]1)[C]OC(=O)[C]C1=[C][C]=C([C]=[C]1)[N]C1=[C][C]=[C]C2=C1[C]N(C2=O)[C]1[C][C]C(=O)[N]C1=O,pocket,2output_328_Fragments_.xyz
803.82153192,0.2744500000000009,0,7,152.48,16,6,0.08784645936324385,7.800864772758091,6,[C]OC1=[C]C2=C([C][C][N]C(=O)C(=O)/[C]=[C]/C3=[C]C(=[C][C]=C3Br)Br)[C](N=C2[C]=[C]1)[C][C][C][C][C][C][N]C1=[C][C]=[C]C2=C1[C]N(C2=O)[C]1[C][C]C(=O)[N]C1=O,pocket,2output_329_Fragments_.xyz
863.8062757800001,0.10014000000000117,0,9,190.84,15,7,0.0889982409529693,7.907366007265143,10,[C]OC1=[C]C2=C([C][C][N]C(=O)C(=O)/[C]=[C]/C3=[C]C(=[C][C]=C3Br)Br)[C](N=C2[C]=[C]1)[C][C][C][C]1O[C][C]([C]1[O])O[N]C1=[C][C]=[C]C2=C1[C]N(C2=O)[C]1[C][C]C(=O)[N]C1=O,pocket,2output_32_Fragments_.xyz
833.8195205400001,0.8743600000000014,0,8,176.21999999999997,16,6,0.06968948773887634,7.901537445324904,8,[C]OC1=[C]C2=C([C]=[C]1)N([C]=C2[C][C][N]C(=O)C(=O)/[C]=[C]/C1=[C]C(=[C][C]=C1Br)Br)[C][C][C][C][N]C(=O)[C][N]C1=[C][C]=[C]C2=C1[C]N(C2=O)[C]1[C][C]C(=O)[N]C1=O,pocket,2output_330_Fragments_.xyz
851.8062757800002,1.5611500000000016,0,8,194.07999999999998,17,6,0.06658305637611758,7.930380821628672,9,[C]OC1=[C]C2=C([C]=[C]1)N([C]=C2[C][C][N]C(=O)C(=O)/[C]=[C]/C1=[C]C(=[C][C]=C1Br)Br)[C][C]O[C][C]([C]([C][N]C1=[C][C]=[C]C2=C1[C]N(C2=O)[C]1[C][C]C(=O)[N]C1=O)[O])[O],pocket,2output_333_Fragments_.xyz
843.81644654,0.36863000000000107,0,8,161.71,15,7,0.0925099236842489,7.964907323576091,9,[C]OC1=[C]C2=C([C][C][N]C(=O)C(=O)/[C]=[C]/C3=[C]C(=[C][C]=C3Br)Br)[C](N=C2[C]=[C]1)[C][C][C]O[C]1[C][C][C]([C]1)[N]C1=[C][C]=[C]C2=C1[C]N(C2=O)[C]1[C][C]C(=O)[N]C1=O,pocket,2output_334_Fragments_.xyz
803.8215319200001,2.171760000000002,0,8,143.30999999999997,15,6,0.059322956534419664,7.886059882284325,6,[C]OC1=[C]C2=C([C]=[C]1)N([C]=C2[C][C][N]C(=O)C(=O)/[C]=[C]/C1=[C]C(=[C][C]=C1Br)Br)[C][C][C][C][C]/[C]=N/C1=[C][C]=[C]C2=C1[C]N(C2=O)[C]1[C][C]C(=O)[N]C1=O,pocket,2output_335_Fragments_.xyz
865.80934978,-0.5505300000000003,0,11,200.37,14,7,0.08831536942079578,7.7722736995728345,10,[C]OC1=[C]C2=C([C][C][N]C(=O)C(=O)/[C]=[C]/C3=[C]C(=[C][C]=C3Br)Br)[C](N=C2[C]=[C]1)[C]C(=O)O[C]1[C]N=C(O1)[C][N]C1=[C][C]=[C]C2=C1[C]N(C2=O)[C]1[C][C]C(=O)[N]C1=O,pocket,2output_336_Fragments_.xyz
823.8113611600002,1.7491600000000014,0,9,170.94,16,6,0.09109299839274526,7.793163877008204,7,[C]OC1=[C]C2=C([C]=[C]1)N=C([C]2[C][C][N]C(=O)C(=O)/[C]=[C]/C1=[C]C(=[C][C]=C1Br)Br)O[C][C][C][C]O[C][N]C1=[C][C]=[C]C2=C1[C]N(C2=O)[C]1[C][C]C(=O)[N]C1=O,pocket,2output_338_Fragments_.xyz
865.80934978,-1.7427200000000005,0,10,217.78999999999996,16,6,0.09058773867613729,7.667951050000186,10,[C]OC1=[C]C2=C([C][C][N]C(=O)C(=O)/[C]=[C]/C3=[C]C(=[C][C]=C3Br)Br)[C](N=C2[C]=[C]1)[C]C(=O)[C][N]C(=O)C(=O)[C][N]C1=[C][C]=[C]C2=C1[C]N(C2=O)[C]1[C][C]C(=O)[N]C1=O,pocket,2output_339_Fragments_.xyz
869.8042644000001,-1.4486200000000002,0,11,219.17999999999998,16,6,0.04074848298741174,7.7358288091975105,10,[C]OC1=[C]C2=C([C][C][N]C(=O)C(=O)/[C]=[C]/C3=[C]C(=[C][C]=C3Br)Br)[C](N=C2[C]=[C]1)[C]OO[C]C(=O)[N]C(=O)[C][N]C1=[C][C]=[C]C2=C1[C]N(C2=O)[C]1[C][C]C(=O)[N]C1=O,pocket,2output_33_Fragments_.xyz
819.8164465400001,1.7987500000000016,0,8,154.27999999999997,17,6,0.06818106202562318,7.946053287597614,7,[C]OC1=[C]C2=C([C]=[C]1)N([C]=C2[C][C][N]C(=O)C(=O)/[C]=[C]/C1=[C]C(=[C][C]=C1Br)Br)[C][C][C][C]O[C][C][N]C1=[C][C]=[C]C2=C1[C]N(C2=O)[C]1[C][C]C(=O)[N]C1=O,pocket,2output_340_Fragments_.xyz
819.81644654,0.2060500000000009,0,8,161.71,17,6,0.08145502288846507,7.833361779106106,7,[C]OC1=[C]C2=C([C][C][N]C(=O)C(=O)/[C]=[C]/C3=[C]C(=[C][C]=C3Br)Br)[C](N=C2[C]=[C]1)[C]O[C][C][C][C][C][N]C1=[C][C]=[C]C2=C1[C]N(C2=O)[C]1[C][C]C(=O)[N]C1=O,pocket,2output_342_Fragments_.xyz
863.8062757800001,-0.39404999999999984,0,8,209.35,17,6,0.0996288130257156,7.787487492307878,10,[C]OC1=[C]C2=C([C][C][N]C(=O)C(=O)/[C]=[C]/C3=[C]C(=[C][C]=C3Br)Br)[C](N=C2[C]=[C]1)[C]C(=O)[C][C][C]([C][C]([N]C1=[C][C]=[C]C2=C1[C]N(C2=O)[C]1[C][C]C(=O)[N]C1=O)[O])[O],pocket,2output_343_Fragments_.xyz
887.8175091600001,2.0964700000000014,0,9,206.98,12,7,0.11672980816780103,4.858323374089361,12,[C]OC1=[C]C2=C([C]=[C]1)N=C([C]2[C][C][N]C(=O)C(=O)/[C]=[C]/C1=[C]C(=[C][C]=C1Br)Br)[N]C(=O)[N]C1=C(O[C])[C]=[C]C(=[C]1)[N]C1=[C][C]=[C]C2=C1[C]N(C2=O)[C]1[C][C]C(=O)[N]C1=O,pocket,2output_345_Fragments_.xyz
875.8062757800001,-0.0815499999999994,0,8,201.51,15,7,0.08797073223645892,7.974579344915472,11,[C]OC1=[C]C2=C([C][C][N]C(=O)C(=O)/[C]=[C]/C3=[C]C(=[C][C]=C3Br)Br)[C](N=C2[C]=[C]1)[C][C]OC1=[C][C]([C]C1([O])[O])[C][N]C1=[C][C]=[C]C2=C1[C]N(C2=O)[C]1[C][C]C(=O)[N]C1=O,pocket,2output_347_Fragments_.xyz
887.8062757800002,1.2179300000000024,0,9,183.40999999999997,13,8,0.10913489669229834,7.493174143841929,12,[C]OC1=[C]C2=C([C]=[C]1)N([C]=C2[C][C][N]C(=O)C(=O)/[C]=[C]/C1=[C]C(=[C][C]=C1Br)Br)O[C]1[C]O[C]2[C]([C]1)[C][C][C@@]2([O])[C][N]C1=[C][C]=[C]C2=C1[C]N(C2=O)[C]1[C][C]C(=O)[N]C1=O,pocket,2output_348_Fragments_.xyz
879.8011904000001,-0.41204999999999903,0,10,207.9099999999999,18,6,0.07036071988129959,7.856774748292582,11,[O][C][C]([C][C]C(=O)[N]C1=[C][C]=[C]C2=C1[C]N(C2=O)[C]1[C][C]C(=O)[N]C1=O)O[C]O[C][C]1N=C2C(=C1[C][C][N]C(=O)C(=O)/[C]=[C]/C1=[C]C(=[C][C]=C1Br)Br)[C]=C([C]=[C]2)O[C],pocket,2output_349_Fragments_.xyz
881.78650616,-0.13853999999999972,0,10,192.88,14,7,0.1205195963564652,7.8418309645301,10,[C]OC1=[C]C2=C([C][C][N]C(=O)C(=O)/[C]=[C]/C3=[C]C(=[C][C]=C3Br)Br)[C](N=C2[C]=[C]1)[C]C(=O)[N][C]1[C]O[C](S1)[C][N]C1=[C][C]=[C]C2=C1[C]N(C2=O)[C]1[C][C]C(=O)[N]C1=O,pocket,2output_34_Fragments_.xyz
835.81136116,-0.30614000000000013,0,9,178.78,17,6,0.07699829975591566,7.781724723431413,8,[C]OC1=[C]C2=C([C][C][N]C(=O)C(=O)/[C]=[C]/C3=[C]C(=[C][C]=C3Br)Br)[C](N=C2[C]=[C]1)[C][C]O[C]C(=O)[C][C][N]C1=[C][C]=[C]C2=C1[C]N(C2=O)[C]1[C][C]C(=O)[N]C1=O,pocket,2output_351_Fragments_.xyz
823.79360292,0.6821800000000009,0,8,152.48,12,6,0.11285276058150905,7.7120678293041935,6,[C]OC1=[C]C2=C([C][C][N]C(=O)C(=O)/[C]=[C]/C3=[C]C(=[C][C]=C3Br)Br)[C](N=C2[C]=[C]1)S/[C]=[C]/C#C[C][N]C1=[C][C]=[C]C2=C1[C]N(C2=O)[C]1[C][C]C(=O)[N]C1=O,pocket,2output_352_Fragments_.xyz
831.81644654,-0.1564499999999998,0,8,169.54999999999998,17,6,0.07887465180952793,7.797235078460999,8,[C]OC1=[C]C2=C([C][C][N]C(=O)C(=O)/[C]=[C]/C3=[C]C(=[C][C]=C3Br)Br)[C](N=C2[C]=[C]1)[C][C][C][C]C(=O)[C][C][N]C1=[C][C]=[C]C2=C1[C]N(C2=O)[C]1[C][C]C(=O)[N]C1=O,pocket,2output_353_Fragments_.xyz
803.8215319200001,1.7364500000000005,0,6,154.21999999999997,18,5,0.08268412684322407,7.917496220542095,6,[C]OC1=[C]C(=C([C]=[C]1)[N]C(=[C])[C][C][C][C][C][N]C1=[C][C]=[C]C2=C1[C]N(C2=O)[C]1[C][C]C(=O)[N]C1=O)[C][C][C][N]C(=O)C(=O)/[C]=[C]/C1=[C]C(=[C][C]=C1Br)Br,pocket,2output_354_Fragments_.xyz
877.79159154,0.25277000000000055,0,10,182.44,14,7,0.09824037218673967,7.807198485897621,10,[C]OC1=[C]C2=C([C][C][N]C(=O)C(=O)/[C]=[C]/C3=[C]C(=[C][C]=C3Br)Br)[C](N=C2[C]=[C]1)[C][C]C1=[C]C(=NS1)[C]C(=O)[N]C1=[C][C]=[C]C2=C1[C]N(C2=O)[C]1[C][C]C(=O)[N]C1=O,pocket,2output_356_Fragments_.xyz
871.81136116,0.8211500000000005,0,8,181.60999999999999,15,7,0.09637433623310845,4.604669254008827,11,[O][C]C1=[C]C(=[C]C(=[C]1)[C]O[C][C]1N=C2C(=C1[C][C][N]C(=O)C(=O)/[C]=[C]/C1=[C]C(=[C][C]=C1Br)Br)[C]=C([C]=[C]2)O[C])[N]C1=[C][C]=[C]C2=C1[C]N(C2=O)[C]1[C][C]C(=O)[N]C1=O,pocket,2output_358_Fragments_.xyz
849.8144351600001,-0.7867400000000002,0,9,192.88,15,7,0.10798892640283086,7.812661209642855,9,[C]OC1=[C]C2=C([C][C][N]C(=O)C(=O)/[C]=[C]/C3=[C]C(=[C][C]=C3Br)Br)[C](N=C2[C]=[C]1)[C][N]C(=O)[C]O[C]1[C][C]1[N]C1=[C][C]=[C]C2=C1[C]N(C2=O)[C]1[C][C]C(=O)[N]C1=O,pocket,2output_359_Fragments_.xyz
887.8062757800001,0.2627200000000011,0,9,190.84,19,7,0.07093184854277804,1.0,12,[C]OC1=[C]C2=C([C][C][N]C(=O)C(=O)/[C]=[C]/C3=[C]C(=[C][C]=C3Br)Br)[C](N=C2[C]=[C]1)[C][C]O[C][C]([C]1[C][C]1)[C](O[C][N]C1=[C][C]=[C]C2=C1[C]N(C2=O)[C]1[C][C]C(=O)[N]C1=O)[O],pocket,2output_35_Fragments_.xyz
865.80934978,-0.9055400000000002,0,9,212.78,17,6,0.07161815385101669,7.790696558839173,10,[C]OC1=[C]C2=C([C][C][N]C(=O)C(=O)/[C]=[C]/C3=[C]C(=[C][C]=C3Br)Br)[C](N=C2[C]=[C]1)[C]OC(=O)[C][C][N][C]([C][N]C1=[C][C]=[C]C2=C1[C]N(C2=O)[C]1[C][C]C(=O)[N]C1=O)[O],pocket,2output_360_Fragments_.xyz
837.8144351600002,1.218160000000002,0,8,195.71,16,6,0.0895246342351222,7.8313969127805265,8,[C]OC1=[C]C2=C([C]=[C]1)N=C([C]2[C][C][N]C(=O)C(=O)/[C]=[C]/C1=[C]C(=[C][C]=C1Br)Br)[N][C][C]([C][C]O[C][N]C1=[C][C]=[C]C2=C1[C]N(C2=O)[C]1[C][C]C(=O)[N]C1=O)[O],pocket,2output_361_Fragments_.xyz
879.8011904000002,1.1806500000000018,0,10,200.48,18,6,0.046304650359657445,7.918117431219411,11,[C]OC1=[C]C2=C([C]=[C]1)N([C]=C2[C][C][N]C(=O)C(=O)/[C]=[C]/C1=[C]C(=[C][C]=C1Br)Br)[C][C][C]OC(=O)[C]([C]O[C][N]C1=[C][C]=[C]C2=C1[C]N(C2=O)[C]1[C][C]C(=O)[N]C1=O)[O],pocket,2output_362_Fragments_.xyz
821.8195205400001,1.097680000000002,0,9,174.47999999999996,14,6,0.06021862499438525,7.824366715346335,7,[C]OC1=[C]C2=C([C]=[C]1)N([C]=C2[C][C][N]C(=O)C(=O)/[C]=[C]/C1=[C]C(=[C][C]=C1Br)Br)[C]C(=O)[N][C][C]/[C]=N/C1=[C][C]=[C]C2=C1[C]N(C2=O)[C]1[C][C]C(=O)[N]C1=O,pocket,2output_363_Fragments_.xyz
819.8164465400001,1.3549600000000017,0,8,162.11999999999998,15,6,0.07575748659332057,7.852888887292037,7,[C]OC1=[C]C2=C([C]=[C]1)N([C]=C2[C][C][N]C(=O)C(=O)/[C]=[C]/C1=[C]C(=[C][C]=C1Br)Br)[C][C][C][C][C]C(=O)[N]C1=[C][C]=[C]C2=C1[C]N(C2=O)[C]1[C][C]C(=O)[N]C1=O,pocket,2output_364_Fragments_.xyz
821.8195205400002,1.336960000000002,0,8,175.81,16,6,0.09069729638855217,7.838468672212999,7,[C]OC1=[C]C2=C([C]=[C]1)N=C([C]2[C][C][N]C(=O)C(=O)/[C]=[C]/C1=[C]C(=[C][C]=C1Br)Br)[N][C][C][C]O[C][C][N]C1=[C][C]=[C]C2=C1[C]N(C2=O)[C]1[C][C]C(=O)[N]C1=O,pocket,2output_365_Fragments_.xyz
839.8062757800002,1.236970000000001,0,10,188.01,15,6,0.07136203332863959,7.70386407254384,8,[C]OC1=[C]C2=C([C]=[C]1)N=C([C]2[C][C][N]C(=O)C(=O)/[C]=[C]/C1=[C]C(=[C][C]=C1Br)Br)O[C][C][C]OC(=O)[C][N]C1=[C][C]=[C]C2=C1[C]N(C2=O)[C]1[C][C]C(=O)[N]C1=O,pocket,2output_366_Fragments_.xyz
863.82153192,0.8285200000000013,0,7,152.48,14,7,0.1331602405513306,5.981753227616922,11,[C]OC1=[C]C2=C([C][C][N]C(=O)C(=O)/[C]=[C]/C3=[C]C(=[C][C]=C3Br)Br)[C](N=C2[C]=[C]1)[C]/[C]=[C]/C1=[C][C]=[C][C]=C([C]1)[C][N]C1=[C][C]=[C]C2=C1[C]N(C2=O)[C]1[C][C]C(=O)[N]C1=O,pocket,2output_369_Fragments_.xyz
823.8113611600002,1.7491600000000014,0,9,170.94,16,6,0.09109299839274526,7.793163877008204,7,[C]OC1=[C]C2=C([C]=[C]1)N=C([C]2[C][C][N]C(=O)C(=O)/[C]=[C]/C1=[C]C(=[C][C]=C1Br)Br)O[C][C][C]O[C][C][N]C1=[C][C]=[C]C2=C1[C]N(C2=O)[C]1[C][C]C(=O)[N]C1=O,pocket,2output_370_Fragments_.xyz
807.8164465400001,1.8175600000000018,0,8,161.70999999999998,13,6,0.08372496204190226,7.7598682368436736,6,[C]OC1=[C]C2=C([C]=[C]1)N=C([C]2[C][C][N]C(=O)C(=O)/[C]=[C]/C1=[C]C(=[C][C]=C1Br)Br)O/[C]=[C]/[C]=[C]/[C][N]C1=[C][C]=[C]C2=C1[C]N(C2=O)[C]1[C][C]C(=O)[N]C1=O,pocket,2output_372_Fragments_.xyz
863.8062757800001,0.34265000000000095,0,10,188.01,17,6,0.07987510857787197,7.8244796824788185,10,[C]OC1=[C]C2=C([C][C][N]C(=O)C(=O)/[C]=[C]/C3=[C]C(=[C][C]=C3Br)Br)[C](N=C2[C]=[C]1)[C][C][C]O[C][C][C]OC(=O)[N]C1=[C][C]=[C]C2=C1[C]N(C2=O)[C]1[C][C]C(=O)[N]C1=O,pocket,2output_373_Fragments_.xyz
887.8175091600002,-0.40675999999999946,0,9,208.06999999999994,18,6,0.05423453133352805,7.998832122899681,12,[C][C][N]/C(=N\[C][C]([C][N]C1=[C][C]=[C]C2=C1[C]N(C2=O)[C]1[C][C]C(=O)[N]C1=O)[O])/[C]O[C][C]1N=C2C(=C1[C][C][N]C(=O)C(=O)/[C]=[C]/C1=[C]C(=[C][C]=C1Br)Br)[C]=C([C]=[C]2)O[C],pocket,2output_374_Fragments_.xyz
803.82153192,0.2744500000000009,0,7,152.48,15,6,0.09320484350913054,7.800864772758091,6,[C]OC1=[C]C2=C([C][C][N]C(=O)C(=O)/[C]=[C]/C3=[C]C(=[C][C]=C3Br)Br)[C](N=C2[C]=[C]1)[C][C][C][C]/[C]=[C]/[N]C1=[C][C]=[C]C2=C1[C]N(C2=O)[C]1[C][C]C(=O)[N]C1=O,pocket,2output_375_Fragments_.xyz
869.8195205400001,-0.6870500000000004,0,8,183.64999999999998,13,7,0.12384174449951199,7.13822244936633,11,[C]OC1=[C]C2=C([C][C][N]C(=O)C(=O)/[C]=[C]/C3=[C]C(=[C][C]=C3Br)Br)[C](N=C2[C]=[C]1)[C][N]C(=O)C1=[C][C][C][C@]([C]1)([C])[N]C1=[C][C]=[C]C2=C1[C]N(C2=O)[C]1[C][C]C(=O)[N]C1=O,pocket,2output_378_Fragments_.xyz
859.8113611600002,1.4491400000000014,0,9,171.34999999999997,13,7,0.08422612985455041,1.1177529277213472,10,[C]OC1=[C]C2=C([C]=[C]1)N([C]=C2[C][C][N]C(=O)C(=O)/[C]=[C]/C1=[C]C(=[C][C]=C1Br)Br)[C]OC(=O)[C]1[C][C][C]([C][C]1)[N]C1=[C][C]=[C]C2=C1[C]N(C2=O)[C]1[C][C]C(=O)[N]C1=O,pocket,2output_379_Fragments_.xyz
889.80934978,-1.1867499999999995,0,9,220.61999999999995,18,6,0.065317683115073,7.839655325798795,12,[O][C]C(=O)[C]([N]C(=O)[C][C]1N=C2C(=C1[C][C][N]C(=O)C(=O)/[C]=[C]/C1=[C]C(=[C][C]=C1Br)Br)[C]=C([C]=[C]2)O[C])[C][C][C][N]C1=[C][C]=[C]C2=C1[C]N(C2=O)[C]1[C][C]C(=O)[N]C1=O,pocket,2output_37_Fragments_.xyz
849.8144351600001,-0.7867400000000004,0,9,192.88,18,6,0.06885890068102965,7.832248727785091,9,[C]OC1=[C]C2=C([C][C][N]C(=O)C(=O)/[C]=[C]/C3=[C]C(=[C][C]=C3Br)Br)[C](N=C2[C]=[C]1)[C][N][C]C(=O)[C][C]O[C][N]C1=[C][C]=[C]C2=C1[C]N(C2=O)[C]1[C][C]C(=O)[N]C1=O,pocket,2output_381_Fragments_.xyz
851.8062757800001,-0.2675400000000004,0,9,194.14,15,7,0.04982533043979658,6.6415330648016475,9,[C]OC1=[C]C2=C([C][C][N]C(=O)C(=O)/[C]=[C]/C3=[C]C(=[C][C]=C3Br)Br)[C](N=C2[C]=[C]1)[C][C]O/[C]=[C]\[C@@]1([O])O[C]1[N]C1=[C][C]=[C]C2=C1[C]N(C2=O)[C]1[C][C]C(=O)[N]C1=O,pocket,2output_382_Fragments_.xyz
839.7885175400002,2.389070000000002,0,8,164.95,14,6,0.06189379554444553,7.870031873717377,7,[C]OC1=[C]C2=C([C]=[C]1)N([C]=C2[C][C][N]C(=O)C(=O)/[C]=[C]/C1=[C]C(=[C][C]=C1Br)Br)[C]=C=[C][C]([C]S[N]C1=[C][C]=[C]C2=C1[C]N(C2=O)[C]1[C][C]C(=O)[N]C1=O)[O],pocket,2output_383_Fragments_.xyz
803.82153192,0.2744500000000009,0,7,152.48,16,6,0.08784645936324385,7.800864772758091,6,[C]OC1=[C]C2=C([C][C][N]C(=O)C(=O)/[C]=[C]/C3=[C]C(=[C][C]=C3Br)Br)[C](N=C2[C]=[C]1)[C][C][C][C][C][C][N]C1=[C][C]=[C]C2=C1[C]N(C2=O)[C]1[C][C]C(=O)[N]C1=O,pocket,2output_384_Fragments_.xyz
807.81644654,0.12476000000000081,0,8,161.71,16,6,0.0860533823445378,7.784840829813618,6,[C]OC1=[C]C2=C([C][C][N]C(=O)C(=O)/[C]=[C]/C3=[C]C(=[C][C]=C3Br)Br)[C](N=C2[C]=[C]1)[C][C][C][C]O[C][N]C1=[C][C]=[C]C2=C1[C]N(C2=O)[C]1[C][C]C(=O)[N]C1=O,pocket,2output_385_Fragments_.xyz
849.8144351600001,1.6544600000000016,0,10,191.5,15,6,0.05508450584965267,7.820853952748806,9,[C]OC1=[C]C2=C([C]=[C]1)N=C([C]2[C][C][N]C(=O)C(=O)/[C]=[C]/C1=[C]C(=[C][C]=C1Br)Br)O[C][C]/[C]=[C]/[C](O/[C]=N\C1=[C][C]=[C]C2=C1[C]N(C2=O)[C]1[C][C]C(=O)[N]C1=O)[N],pocket,2output_386_Fragments_.xyz
819.8164465400001,1.8988500000000017,0,8,161.70999999999998,14,7,0.10394453843893357,7.811934406478732,7,[C]OC1=[C]C2=C([C]=[C]1)N=C([C]2[C][C][N]C(=O)C(=O)/[C]=[C]/C1=[C]C(=[C][C]=C1Br)Br)O[C][C][C][C]1[C][C]1[N]C1=[C][C]=[C]C2=C1[C]N(C2=O)[C]1[C][C]C(=O)[N]C1=O,pocket,2output_387_Fragments_.xyz
805.8246059200002,1.4053600000000015,0,7,166.57999999999998,14,6,0.1034487070167974,7.806073127317439,6,[C]OC1=[C]C2=C([C]=[C]1)N=C([C]2[C][C][N]C(=O)C(=O)/[C]=[C]/C1=[C]C(=[C][C]=C1Br)Br)[N][C][C]/[C]=[C]/[C][N]C1=[C][C]=[C]C2=C1[C]N(C2=O)[C]1[C][C]C(=O)[N]C1=O,pocket,2output_388_Fragments_.xyz
853.8093497800003,0.7059700000000011,0,9,212.78,15,6,0.09171897959550797,7.762798543147659,9,[C]OC1=[C]C2=C([C]=[C]1)N=C([C]2[C][C][N]C(=O)C(=O)/[C]=[C]/C1=[C]C(=[C][C]=C1Br)Br)[N][C][C]O[C][C](C(=O)[N]C1=[C][C]=[C]C2=C1[C]N(C2=O)[C]1[C][C]C(=O)[N]C1=O)[O],pocket,2output_389_Fragments_.xyz
851.8062757800001,-0.37454000000000015,0,10,188.01000000000002,17,6,0.057420382312316436,7.778779932429503,9,[C]OC1=[C]C2=C([C][C][N]C(=O)C(=O)/[C]=[C]/C3=[C]C(=[C][C]=C3Br)Br)[C](N=C2[C]=[C]1)[C][C]O[C]C(=O)O[C][C][N]C1=[C][C]=[C]C2=C1[C]N(C2=O)[C]1[C][C]C(=O)[N]C1=O,pocket,2output_38_Fragments_.xyz
877.8093497800002,-0.7738500000000004,0,10,202.10999999999999,15,7,0.1067946098416951,7.864288343721544,11,[C]OC1=[C]C2=C([C][C][N]C(=O)C(=O)/[C]=[C]/C3=[C]C(=[C][C]=C3Br)Br)[C](N=C2[C]=[C]1)[C][N]C(=O)[C]1[C][C][C](O1)O[C][N]C1=[C][C]=[C]C2=C1[C]N(C2=O)[C]1[C][C]C(=O)[N]C1=O,pocket,2output_391_Fragments_.xyz
837.81443516,-0.7942199999999997,0,9,192.88,15,6,0.06250310968214778,7.767027386153307,8,[C]OC1=[C]C2=C([C][C][N]C(=O)C(=O)/[C]=[C]/C3=[C]C(=[C][C]=C3Br)Br)/C(=[C]/O[C][C][N]C(=O)[C][N]C3=[C][C]=[C]C4=C3[C]N(C4=O)[C]3[C][C]C(=O)[N]C3=O)/N=C2[C]=[C]1,pocket,2output_395_Fragments_.xyz
869.7865061600002,-0.21983000000000003,0,10,192.88,13,7,0.12698333446891005,7.764227537654467,9,[C]OC1=[C]C2=C([C][C][N]C(=O)C(=O)/[C]=[C]/C3=[C]C(=[C][C]=C3Br)Br)[C](N=C2[C]=[C]1)[C][N]C(=O)[C]1[C]O[C](S1)[N]C1=[C][C]=[C]C2=C1[C]N(C2=O)[C]1[C][C]C(=O)[N]C1=O,pocket,2output_396_Fragments_.xyz
863.80627578,-0.5562299999999989,0,9,198.68,13,8,0.07167680152864556,6.151840407506512,10,[C]OC1=[C]C2=C([C][C][N]C(=O)C(=O)/[C]=[C]/C3=[C]C(=[C][C]=C3Br)Br)/C(=[C]/OC(=O)[C][C]3[C]4[C@]3([C]4[N]C3=[C][C]=[C]C4=C3[C]N(C4=O)[C]3[C][C]C(=O)[N]C3=O)[O])/N=C2[C]=[C]1,pocket,2output_397_Fragments_.xyz
819.8164465400001,1.7987500000000016,0,8,154.27999999999997,17,6,0.06818106202562318,7.946053287597614,7,[C]OC1=[C]C2=C([C]=[C]1)N([C]=C2[C][C][N]C(=O)C(=O)/[C]=[C]/C1=[C]C(=[C][C]=C1Br)Br)[C]O[C][C][C][C][C][N]C1=[C][C]=[C]C2=C1[C]N(C2=O)[C]1[C][C]C(=O)[N]C1=O,pocket,2output_398_Fragments_.xyz
887.80627578,1.855420000000001,0,9,183.40999999999997,21,6,0.05259860781323951,5.797863728466078,12,[O][C][C]O[C][C](O[C][C][C]N1[C]=C(C2=C1[C]=[C]C(=[C]2)O[C])[C][C][N]C(=O)C(=O)/[C]=[C]/C1=[C]C(=[C][C]=C1Br)Br)[C][C][N]C1=[C][C]=[C]C2=C1[C]N(C2=O)[C]1[C][C]C(=O)[N]C1=O,pocket,2output_3_Fragments_.xyz
819.8164465400001,2.1033600000000017,0,9,152.53999999999996,16,6,0.05523790340365279,7.9168972436415705,7,[C]OC1=[C]C2=C([C]=[C]1)N([C]=C2[C][C][N]C(=O)C(=O)/[C]=[C]/C1=[C]C(=[C][C]=C1Br)Br)[C]O[C][C][C][C]/[C]=N/C1=[C][C]=[C]C2=C1[C]N(C2=O)[C]1[C][C]C(=O)[N]C1=O,pocket,2output_400_Fragments_.xyz
871.8113611600002,2.5096400000000014,0,9,170.94,15,7,0.07598734872062066,5.154479222986506,11,[C]OC1=[C]C2=C([C]=[C]1)N=C([C]2[C][C][N]C(=O)C(=O)/[C]=[C]/C1=[C]C(=[C][C]=C1Br)Br)O[C][C]O[C]C1=[C][C]=C([C]=[C]1)[N]C1=[C][C]=[C]C2=C1[C]N(C2=O)[C]1[C][C]C(=O)[N]C1=O,pocket,2output_401_Fragments_.xyz
871.8113611600002,1.7959300000000018,0,9,171.35,14,7,0.10497425501308402,5.36388591611685,11,[C]OC1=[C]C2=C([C]=[C]1)N([C]=C2[C][C][N]C(=O)C(=O)/[C]=[C]/C1=[C]C(=[C][C]=C1Br)Br)C(=O)[C][C]O[C]1[C][C][C]([C][C]1)[N]C1=[C][C]=[C]C2=C1[C]N(C2=O)[C]1[C][C]C(=O)[N]C1=O,pocket,2output_403_Fragments_.xyz
803.8215319200001,1.8671500000000019,0,7,145.04999999999998,16,6,0.07326432432954814,7.915795185391814,6,[C]OC1=[C]C2=C([C]=[C]1)N([C]=C2[C][C][N]C(=O)C(=O)/[C]=[C]/C1=[C]C(=[C][C]=C1Br)Br)[C][C][C][C][C][C][N]C1=[C][C]=[C]C2=C1[C]N(C2=O)[C]1[C][C]C(=O)[N]C1=O,pocket,2output_405_Fragments_.xyz
807.81644654,0.12476000000000081,0,8,161.71,16,6,0.0860533823445378,7.784840829813618,6,[C]OC1=[C]C2=C([C][C][N]C(=O)C(=O)/[C]=[C]/C3=[C]C(=[C][C]=C3Br)Br)[C](N=C2[C]=[C]1)[C]O[C][C][C][C][N]C1=[C][C]=[C]C2=C1[C]N(C2=O)[C]1[C][C]C(=O)[N]C1=O,pocket,2output_406_Fragments_.xyz
883.8113611600002,1.561320000000002,0,8,182.01999999999998,14,7,0.10470443447378248,5.739834175470023,12,[C]OC1=[C]C2=C([C]=[C]1)N([C]=C2[C][C][N]C(=O)C(=O)/[C]=[C]/C1=[C]C(=[C][C]=C1Br)Br)[C][C][C]([C]1[C][C]([C]=[C]C(=O)[C]1)[N]C1=[C][C]=[C]C2=C1[C]N(C2=O)[C]1[C][C]C(=O)[N]C1=O)[O],pocket,2output_407_Fragments_.xyz
863.8062757800001,-0.6632299999999998,0,10,195.85,14,6,0.08751464092827875,7.725404800000185,10,[C][C][C](OC(=O)/[C]=C/1\N=C2C(=C1[C][C][N]C(=O)C(=O)/[C]=[C]/C1=[C]C(=[C][C]=C1Br)Br)[C]=C([C]=[C]2)O[C])[C]C(=O)[N]C1=[C][C]=[C]C2=C1[C]N(C2=O)[C]1[C][C]C(=O)[N]C1=O,pocket,2output_409_Fragments_.xyz
859.81136116,0.5228500000000011,0,9,170.94,15,7,0.0947262447006899,2.8149207185511465,10,[C]OC1=[C]C2=C([C][C][N]C(=O)C(=O)/[C]=[C]/C3=[C]C(=[C][C]=C3Br)Br)[C](N=C2[C]=[C]1)[C]OC1=[C][C]=C([C]=[C]1)O[C][N]C1=[C][C]=[C]C2=C1[C]N(C2=O)[C]1[C][C]C(=O)[N]C1=O,pocket,2output_40_Fragments_.xyz
823.81136116,0.07977000000000074,0,8,181.61,15,6,0.06843478164537899,7.777057213083893,7,[C]OC1=[C]C2=C([C][C][N]C(=O)C(=O)/[C]=[C]/C3=[C]C(=[C][C]=C3Br)Br)[C](N=C2[C]=[C]1)[C]/C(=[C]/O[C][C][N]C1=[C][C]=[C]C2=C1[C]N(C2=O)[C]1[C][C]C(=O)[N]C1=O)/[O],pocket,2output_410_Fragments_.xyz
833.8195205400001,-0.7183400000000002,0,8,183.64999999999998,16,6,0.07900730990935842,7.7902906997627746,8,[C]OC1=[C]C2=C([C][C][N]C(=O)C(=O)/[C]=[C]/C3=[C]C(=[C][C]=C3Br)Br)[C](N=C2[C]=[C]1)[C][N]C(=O)[C][C][C][C][N]C1=[C][C]=[C]C2=C1[C]N(C2=O)[C]1[C][C]C(=O)[N]C1=O,pocket,2output_411_Fragments_.xyz
847.81136116,0.21894000000000097,0,9,170.94,14,7,0.12611369497006883,7.9599703043453225,9,[C]OC1=[C]C2=C([C][C][N]C(=O)C(=O)/[C]=[C]/C3=[C]C(=[C][C]=C3Br)Br)[C](N=C2[C]=[C]1)[C]O[C]1[C][C][C](O[C]1)[C][N]C1=[C][C]=[C]C2=C1[C]N(C2=O)[C]1[C][C]C(=O)[N]C1=O,pocket,2output_412_Fragments_.xyz
803.82153192,0.2744500000000009,0,7,152.48,16,6,0.08784645936324385,7.800864772758091,6,[C]OC1=[C]C2=C([C][C][N]C(=O)C(=O)/[C]=[C]/C3=[C]C(=[C][C]=C3Br)Br)[C](N=C2[C]=[C]1)[C][C][C][C][C][C][N]C1=[C][C]=[C]C2=C1[C]N(C2=O)[C]1[C][C]C(=O)[N]C1=O,pocket,2output_413_Fragments_.xyz
831.8164465400001,1.8800399999999993,0,8,154.28,17,6,0.06819432009553285,2.911222364379297,8,[C]O[C]([C][N]C1=[C][C]=[C]C2=C1[C]N(C2=O)[C]1[C][C]C(=O)[N]C1=O)[C][C][C][C]N1[C]=C(C2=C1[C]=[C]C(=[C]2)O[C])[C][C][N]C(=O)C(=O)/[C]=[C]/C1=[C]C(=[C][C]=C1Br)Br,pocket,2output_415_Fragments_.xyz
867.8164465400001,2.3453400000000015,0,8,154.27999999999997,12,8,0.09176048962811166,6.405544358400955,11,[C]OC1=[C]C2=C([C]=[C]1)N([C]=C2[C][C][N]C(=O)C(=O)/[C]=[C]/C1=[C]C(=[C][C]=C1Br)Br)[C]1[C]C2=C([C]1)[C]C(=[C][C]=[C]2)O[N]C1=[C][C]=[C]C2=C1[C]N(C2=O)[C]1[C][C]C(=O)[N]C1=O,pocket,2output_416_Fragments_.xyz
823.8113611600002,1.205270000000002,0,9,171.35,15,6,0.07456662666331049,7.806052688197014,7,[C]OC1=[C]C2=C([C]=[C]1)N([C]=C2[C][C][N]C(=O)C(=O)/[C]=[C]/C1=[C]C(=[C][C]=C1Br)Br)[C][C][C]C(=O)O[C][N]C1=[C][C]=[C]C2=C1[C]N(C2=O)[C]1[C][C]C(=O)[N]C1=O,pocket,2output_417_Fragments_.xyz
819.8164465400001,1.8988500000000017,0,8,161.70999999999998,16,6,0.0923604983934627,7.8088756652199915,7,[C]OC1=[C]C2=C([C]=[C]1)N=C([C]2[C][C][N]C(=O)C(=O)/[C]=[C]/C1=[C]C(=[C][C]=C1Br)Br)O[C][C][C][C][C][C][N]C1=[C][C]=[C]C2=C1[C]N(C2=O)[C]1[C][C]C(=O)[N]C1=O,pocket,2output_418_Fragments_.xyz
857.81952054,-0.17733999999999944,0,8,181.91,14,7,0.09337404756946216,7.815768571367707,10,[C]OC1=[C]C2=C([C][C][N]C(=O)C(=O)/[C]=[C]/C3=[C]C(=[C][C]=C3Br)Br)[C](N=C2[C]=[C]1)[C][C][C][C]C1=[C]C(=NC1=O)[N]C1=[C][C]=[C]C2=C1[C]N(C2=O)[C]1[C][C]C(=O)[N]C1=O,pocket,2output_420_Fragments_.xyz
887.8175091600001,0.5880400000000019,0,9,206.97999999999996,15,7,0.09118108533231423,7.941852144943505,12,[C]OC1=[C]C2=C([C]=[C]1)N=C([C]2[C][C][N]C(=O)C(=O)/[C]=[C]/C1=[C]C(=[C][C]=C1Br)Br)O[C][C]1[C][N][C]([C]1)C(=O)[N][C][C][N]C1=[C][C]=[C]C2=C1[C]N(C2=O)[C]1[C][C]C(=O)[N]C1=O,pocket,2output_421_Fragments_.xyz
819.8164465400001,1.7987500000000016,0,8,154.27999999999997,17,6,0.06818106202562318,7.946053287597614,7,[C]OC1=[C]C2=C([C]=[C]1)N([C]=C2[C][C][N]C(=O)C(=O)/[C]=[C]/C1=[C]C(=[C][C]=C1Br)Br)[C][C][C][C]O[C][C][N]C1=[C][C]=[C]C2=C1[C]N(C2=O)[C]1[C][C]C(=O)[N]C1=O,pocket,2output_423_Fragments_.xyz
857.8195205400001,-0.4819500000000002,0,8,183.64999999999998,13,7,0.12638926242613235,7.935334383333519,10,[C]OC1=[C]C2=C([C][C][N]C(=O)C(=O)/[C]=[C]/C3=[C]C(=[C][C]=C3Br)Br)[C](N=C2[C]=[C]1)[C][N]C(=O)[C]1[C][C]C(=[C][C]1)[N]C1=[C][C]=[C]C2=C1[C]N(C2=O)[C]1[C][C]C(=O)[N]C1=O,pocket,2output_424_Fragments_.xyz
835.81136116,0.13765000000000088,0,9,170.94,18,6,0.07544580309969627,7.8660816751519125,8,[C]OC1=[C]C2=C([C][C][N]C(=O)C(=O)/[C]=[C]/C3=[C]C(=[C][C]=C3Br)Br)[C](N=C2[C]=[C]1)[C]O[C][C]O[C][C][C][N]C1=[C][C]=[C]C2=C1[C]N(C2=O)[C]1[C][C]C(=O)[N]C1=O,pocket,2output_425_Fragments_.xyz
803.82153192,0.2744500000000009,0,7,152.48,15,6,0.09320484350913054,7.800864772758091,6,[C]OC1=[C]C2=C([C][C][N]C(=O)C(=O)/[C]=[C]/C3=[C]C(=[C][C]=C3Br)Br)[C](N=C2[C]=[C]1)[C]/[C]=[C]/[C][C][C][N]C1=[C][C]=[C]C2=C1[C]N(C2=O)[C]1[C][C]C(=O)[N]C1=O,pocket,2output_426_Fragments_.xyz
867.8011904000002,1.1994600000000017,0,10,207.91,17,6,0.08257886516649116,7.7687740552558,10,[C]OC1=[C]C2=C([C]=[C]1)N=C([C]2[C][C][N]C(=O)C(=O)/[C]=[C]/C1=[C]C(=[C][C]=C1Br)Br)O[C][C][C]O[C](C(=O)[O])[C][N]C1=[C][C]=[C]C2=C1[C]N(C2=O)[C]1[C][C]C(=O)[N]C1=O,pocket,2output_427_Fragments_.xyz
875.8175091600001,1.5948800000000023,0,10,205.23999999999998,13,7,0.13983650138765463,7.877844987078187,11,[C]OC1=[C]C2=C([C]=[C]1)N=C([C]2[C][C][N]C(=O)C(=O)/[C]=[C]/C1=[C]C(=[C][C]=C1Br)Br)OC(=O)[N][C]C1=C([C]N=[C]1)[C][N]C1=[C][C]=[C]C2=C1[C]N(C2=O)[C]1[C][C]C(=O)[N]C1=O,pocket,2output_428_Fragments_.xyz
803.8215319200001,1.8671500000000019,0,7,145.04999999999998,16,6,0.07326432432954814,7.915795185391814,6,[C]OC1=[C]C2=C([C]=[C]1)N([C]=C2[C][C][N]C(=O)C(=O)/[C]=[C]/C1=[C]C(=[C][C]=C1Br)Br)[C][C][C][C][C][C][N]C1=[C][C]=[C]C2=C1[C]N(C2=O)[C]1[C][C]C(=O)[N]C1=O,pocket,2output_42_Fragments_.xyz
879.8164465400001,2.2286100000000024,0,7,164.95,16,7,0.09524240682277861,6.430527197607496,12,[C]OC1=[C]C2=C([C]=[C]1)N([C]=C2[C][C][N]C(=O)C(=O)/[C]=[C]/C1=[C]C(=[C][C]=C1Br)Br)[C][C]([C][C]C1=[C][C]=[C][C][C]1[C][N]C1=[C][C]=[C]C2=C1[C]N(C2=O)[C]1[C][C]C(=O)[N]C1=O)[O],pocket,2output_430_Fragments_.xyz
839.8062757800001,-0.4558300000000003,0,10,188.01000000000002,16,6,0.06053054022368574,7.728036261892953,8,[C]OC1=[C]C2=C([C][C][N]C(=O)C(=O)/[C]=[C]/C3=[C]C(=[C][C]=C3Br)Br)[C](N=C2[C]=[C]1)[C]O[C][C]C(=O)O[C][N]C1=[C][C]=[C]C2=C1[C]N(C2=O)[C]1[C][C]C(=O)[N]C1=O,pocket,2output_431_Fragments_.xyz
859.81136116,0.4662500000000011,0,9,170.94,15,7,0.07192935408522355,4.409922412353017,10,[C]OC1=[C]C2=C([C][C][N]C(=O)C(=O)/[C]=[C]/C3=[C]C(=[C][C]=C3Br)Br)[C](N=C2[C]=[C]1)[C]OC1=[C][C]=[C]C(=[C]1)[C]O[N]C1=[C][C]=[C]C2=C1[C]N(C2=O)[C]1[C][C]C(=O)[N]C1=O,pocket,2output_433_Fragments_.xyz
853.8093497800002,0.2690800000000013,0,8,216.01999999999998,15,6,0.07035633209001793,7.884717929896523,9,[C]OC1=[C]C2=C([C]=[C]1)N([C]=C2[C][C][N]C(=O)C(=O)/[C]=[C]/C1=[C]C(=[C][C]=C1Br)Br)[C]C(=O)[N][C]C([C][N]C1=[C][C]=[C]C2=C1[C]N(C2=O)[C]1[C][C]C(=O)[N]C1=O)([O])[O],pocket,2output_434_Fragments_.xyz
851.8062757800001,-0.8183300000000002,0,10,195.85,16,6,0.07662358837026424,7.694715777811729,9,[C]OC1=[C]C2=C([C][C][N]C(=O)C(=O)/[C]=[C]/C3=[C]C(=[C][C]=C3Br)Br)[C](N=C2[C]=[C]1)[C][C]C(=O)[C]C(=O)O[C][N]C1=[C][C]=[C]C2=C1[C]N(C2=O)[C]1[C][C]C(=O)[N]C1=O,pocket,2output_435_Fragments_.xyz
819.81644654,0.1556500000000009,0,7,172.38,16,6,0.08624459621833,7.792871692721902,7,[C]OC1=[C]C2=C([C][C][N]C(=O)C(=O)/[C]=[C]/C3=[C]C(=[C][C]=C3Br)Br)[C](N=C2[C]=[C]1)[C][C]([C][C][C][C][N]C1=[C][C]=[C]C2=C1[C]N(C2=O)[C]1[C][C]C(=O)[N]C1=O)[O],pocket,2output_436_Fragments_.xyz
839.8062757800002,1.6303600000000014,0,9,190.84,15,6,0.07255321123615877,7.786672948283485,8,[C]OC1=[C]C2=C([C]=[C]1)N=C([C]2[C][C][N]C(=O)C(=O)/[C]=[C]/C1=[C]C(=[C][C]=C1Br)Br)O/[C]=[C]/[C]([C]O[C][N]C1=[C][C]=[C]C2=C1[C]N(C2=O)[C]1[C][C]C(=O)[N]C1=O)[O],pocket,2output_437_Fragments_.xyz
807.81644654,0.12476000000000081,0,8,161.71,16,6,0.0860533823445378,7.784840829813618,6,[C]OC1=[C]C2=C([C][C][N]C(=O)C(=O)/[C]=[C]/C3=[C]C(=[C][C]=C3Br)Br)[C](N=C2[C]=[C]1)[C][C][C][C]O[C][N]C1=[C][C]=[C]C2=C1[C]N(C2=O)[C]1[C][C]C(=O)[N]C1=O,pocket,2output_438_Fragments_.xyz
859.81136116,-0.03655999999999954,0,8,181.61,14,8,0.12397901681986721,7.052522466455116,10,[C]OC1=[C]C2=C([C][C][N]C(=O)C(=O)/[C]=[C]/C3=[C]C(=[C][C]=C3Br)Br)[C](N=C2[C]=[C]1)[C][C@@]1([O])[C][C]1[C][C]1[C]O[C]1[N]C1=[C][C]=[C]C2=C1[C]N(C2=O)[C]1[C][C]C(=O)[N]C1=O,pocket,2output_439_Fragments_.xyz
803.8215319200001,2.171760000000002,0,8,143.30999999999997,15,6,0.059322956534419664,7.886059882284325,6,[C]OC1=[C]C2=C([C]=[C]1)N([C]=C2[C][C][N]C(=O)C(=O)/[C]=[C]/C1=[C]C(=[C][C]=C1Br)Br)[C][C][C][C][C]/[C]=N/C1=[C][C]=[C]C2=C1[C]N(C2=O)[C]1[C][C]C(=O)[N]C1=O,pocket,2output_43_Fragments_.xyz
879.8011904000001,0.03173999999999991,0,10,200.06999999999994,20,6,0.06505894724482711,7.944558273791474,11,[O][C]O[C]([C][C]O[C][N]C1=[C][C]=[C]C2=C1[C]N(C2=O)[C]1[C][C]C(=O)[N]C1=O)[C]O[C][C]1N=C2C(=C1[C][C][N]C(=O)C(=O)/[C]=[C]/C1=[C]C(=[C][C]=C1Br)Br)[C]=C([C]=[C]2)O[C],pocket,2output_440_Fragments_.xyz
883.81136116,0.04243000000000102,0,8,189.45,15,7,0.1170935002361476,7.99068279079466,12,[C]OC1=[C]C2=C([C][C][N]C(=O)C(=O)/[C]=[C]/C3=[C]C(=[C][C]=C3Br)Br)[C](N=C2[C]=[C]1)[C]C(=O)[C]C1=[C][C]([C][C][C]1[O])[C][N]C1=[C][C]=[C]C2=C1[C]N(C2=O)[C]1[C][C]C(=O)[N]C1=O,pocket,2output_441_Fragments_.xyz
819.81644654,0.2060500000000009,0,8,161.71,17,6,0.08145502288846507,7.833361779106106,7,[C]OC1=[C]C2=C([C][C][N]C(=O)C(=O)/[C]=[C]/C3=[C]C(=[C][C]=C3Br)Br)[C](N=C2[C]=[C]1)[C]O[C][C][C][C][C][N]C1=[C][C]=[C]C2=C1[C]N(C2=O)[C]1[C][C]C(=O)[N]C1=O,pocket,2output_442_Fragments_.xyz
855.8164465400001,2.0426200000000017,0,8,154.27999999999997,14,7,0.10695558691405231,6.20462112865134,10,[C]OC1=[C]C2=C([C]=[C]1)N([C]=C2[C][C][N]C(=O)C(=O)/[C]=[C]/C1=[C]C(=[C][C]=C1Br)Br)[C][C][C]1O[C][C][C][C]([C]1)[C][N]C1=[C][C]=[C]C2=C1[C]N(C2=O)[C]1[C][C]C(=O)[N]C1=O,pocket,2output_443_Fragments_.xyz
805.8246059200002,1.4053600000000015,0,7,166.57999999999998,14,6,0.1034487070167974,7.806073127317438,6,[C]OC1=[C]C2=C([C]=[C]1)N=C([C]2[C][C][N]C(=O)C(=O)/[C]=[C]/C1=[C]C(=[C][C]=C1Br)Br)[N]/[C]=[C]/[C][C][C][N]C1=[C][C]=[C]C2=C1[C]N(C2=O)[C]1[C][C]C(=O)[N]C1=O,pocket,2output_446_Fragments_.xyz
891.7834321600001,0.5046400000000009,0,10,178.78,15,7,0.06916571471058783,7.892967504560704,11,[C]OC1=[C]C2=C([C][C][N]C(=O)C(=O)/[C]=[C]/C3=[C]C(=[C][C]=C3Br)Br)[C](N=C2[C]=[C]1)[C][C][C]OC(=O)[C]1S[C][C]([C]1)[N]C1=[C][C]=[C]C2=C1[C]N(C2=O)[C]1[C][C]C(=O)[N]C1=O,pocket,2output_447_Fragments_.xyz
877.8093497800002,-1.183839999999999,0,10,213.24999999999997,16,7,0.05562731298269826,7.794682346791644,11,O=[C][C](C(=O)[N][C][C]1N=C2C(=C1[C][C][N]C(=O)C(=O)/[C]=[C]/C1=[C]C(=[C][C]=C1Br)Br)[C]=C([C]=[C]2)O[C])[C][C]1O[C]1[N]C1=[C][C]=[C]C2=C1[C]N(C2=O)[C]1[C][C]C(=O)[N]C1=O,pocket,2output_448_Fragments_.xyz
887.81750916,-0.6382500000000003,0,11,194.38,12,8,0.12930879382617455,7.964121375712736,12,[C]OC1=[C]C2=C([C][C][N]C(=O)C(=O)/[C]=[C]/C3=[C]C(=[C][C]=C3Br)Br)[C](N=C2[C]=[C]1)[C]1[C]ON([C]1)[C][C]1[C]N=C(C1=O)[N]C1=[C][C]=[C]C2=C1[C]N(C2=O)[C]1[C][C]C(=O)[N]C1=O,pocket,2output_44_Fragments_.xyz
865.80934978,-1.2755200000000004,0,9,220.61999999999998,15,6,0.1015892574279851,7.719477780769417,10,[C]OC1=[C]C2=C([C][C][N]C(=O)C(=O)/[C]=[C]/C3=[C]C(=[C][C]=C3Br)Br)[C](N=C2[C]=[C]1)[C]/C(=[C]/[N]C(=O)[C][N]C1=[C][C]=[C]C2=C1[C]N(C2=O)[C]1[C][C]C(=O)[N]C1=O)/C(=O)[O],pocket,2output_450_Fragments_.xyz
879.8011904000001,-0.4120500000000001,0,10,207.91000000000003,18,6,0.05344867766188907,7.8122973561725075,11,[C]OC1=[C]C2=C([C][C][N]C(=O)C(=O)/[C]=[C]/C3=[C]C(=[C][C]=C3Br)Br)[C](N=C2[C]=[C]1)[C][C][C]OC(=O)[C]([C]O[C][N]C1=[C][C]=[C]C2=C1[C]N(C2=O)[C]1[C][C]C(=O)[N]C1=O)[O],pocket,2output_451_Fragments_.xyz
887.8062757800002,-0.13066999999999954,0,10,188.00999999999996,19,6,0.051985959614590155,7.923197300237312,12,[C][C]C(=O)O[C]([C][N]C1=[C][C]=[C]C2=C1[C]N(C2=O)[C]1[C][C]C(=O)[N]C1=O)[C][C]O[C][C][C]1N=C2C(=C1[C][C][N]C(=O)C(=O)/[C]=[C]/C1=[C]C(=[C][C]=C1Br)Br)[C]=C([C]=[C]2)O[C],pocket,2output_453_Fragments_.xyz
855.8011904000001,-0.9680200000000001,0,11,205.08,15,6,0.07922130540799593,7.641706917052236,9,[C]OC1=[C]C2=C([C][C][N]C(=O)C(=O)/[C]=[C]/C3=[C]C(=[C][C]=C3Br)Br)[C](N=C2[C]=[C]1)[C]OC(=O)[C]C(=O)O[C][N]C1=[C][C]=[C]C2=C1[C]N(C2=O)[C]1[C][C]C(=O)[N]C1=O,pocket,2output_454_Fragments_.xyz
831.8164465400001,1.9801400000000018,0,8,161.70999999999998,15,7,0.09799750678916135,7.860475305725161,8,[C]OC1=[C]C2=C([C]=[C]1)N=C([C]2[C][C][N]C(=O)C(=O)/[C]=[C]/C1=[C]C(=[C][C]=C1Br)Br)O[C][C][C][C][C]1[C][C]1[N]C1=[C][C]=[C]C2=C1[C]N(C2=O)[C]1[C][C]C(=O)[N]C1=O,pocket,2output_455_Fragments_.xyz
803.8215319200001,1.8671500000000019,0,7,145.04999999999998,16,6,0.07326432432954814,7.915795185391814,6,[C]OC1=[C]C2=C([C]=[C]1)N([C]=C2[C][C][N]C(=O)C(=O)/[C]=[C]/C1=[C]C(=[C][C]=C1Br)Br)[C][C][C][C][C][C][N]C1=[C][C]=[C]C2=C1[C]N(C2=O)[C]1[C][C]C(=O)[N]C1=O,pocket,2output_456_Fragments_.xyz
823.79360292,0.841360000000001,0,8,152.48,16,6,0.08993299757376286,7.772735990282288,6,[C]OC1=[C]C2=C([C][C][N]C(=O)C(=O)/[C]=[C]/C3=[C]C(=[C][C]=C3Br)Br)[C](N=C2[C]=[C]1)S[C][C][C][C][C][N]C1=[C][C]=[C]C2=C1[C]N(C2=O)[C]1[C][C]C(=O)[N]C1=O,pocket,2output_457_Fragments_.xyz
847.81136116,0.16854000000000097,0,8,181.61,16,7,0.11195527201079206,7.878206637799604,9,[C]OC1=[C]C2=C([C][C][N]C(=O)C(=O)/[C]=[C]/C3=[C]C(=[C][C]=C3Br)Br)[C](N=C2[C]=[C]1)[C]1[C][C]1[C]O[C][C]([C][N]C1=[C][C]=[C]C2=C1[C]N(C2=O)[C]1[C][C]C(=O)[N]C1=O)[O],pocket,2output_458_Fragments_.xyz
863.7885175400002,2.628340000000002,0,9,161.70999999999998,14,7,0.10353544253028396,7.88662636203763,9,[C]OC1=[C]C2=C([C]=[C]1)N=C([C]2[C][C][N]C(=O)C(=O)/[C]=[C]/C1=[C]C(=[C][C]=C1Br)Br)O[C][C][C][C]1[C][C][C](S1)[N]C1=[C][C]=[C]C2=C1[C]N(C2=O)[C]1[C][C]C(=O)[N]C1=O,pocket,2output_459_Fragments_.xyz
859.81136116,0.5228500000000007,0,9,170.94,15,7,0.07216632831220651,2.596953762467308,10,[C]OC1=[C]C2=C([C][C][N]C(=O)C(=O)/[C]=[C]/C3=[C]C(=[C][C]=C3Br)Br)[C](N=C2[C]=[C]1)[C][C]OC1=[C][C]=C([C]=[C]1)O[N]C1=[C][C]=[C]C2=C1[C]N(C2=O)[C]1[C][C]C(=O)[N]C1=O,pocket,2output_45_Fragments_.xyz
849.81443516,-0.07702999999999854,0,9,192.88,13,7,0.12960563968535038,7.785467015158094,9,[C]OC1=[C]C2=C([C][C][N]C(=O)C(=O)/[C]=[C]/C3=[C]C(=[C][C]=C3Br)Br)/C(=[C]/[C]3[C][C]3[N]C(=O)O[C][N]C3=[C][C]=[C]C4=C3[C]N(C4=O)[C]3[C][C]C(=O)[N]C3=O)/N=C2[C]=[C]1,pocket,2output_460_Fragments_.xyz
855.8164465399999,0.5237300000000016,0,8,161.70999999999998,14,7,0.09896647047076018,4.640628996720123,10,[C]OC1=[C]C2=C([C][C][N]C(=O)C(=O)/[C]=[C]/C3=[C]C(=[C][C]=C3Br)Br)/C(=[C]/O[C][C]3[C][C]=[C][C]([C]3)[C][N]C3=[C][C]=[C]C4=C3[C]N(C4=O)[C]3[C][C]C(=O)[N]C3=O)/N=C2[C]=[C]1,pocket,2output_461_Fragments_.xyz
871.81136116,0.40685000000000054,0,9,182.07999999999998,12,8,0.08496599174374815,4.802236085469294,11,[C]OC1=[C]C2=C([C][C][N]C(=O)C(=O)/[C]=[C]/C3=[C]C(=[C][C]=C3Br)Br)[C](N=C2[C]=[C]1)[C]1[C]O1.O=[C]C1=[C][C]=[C]C(=[C]1)[N]C1=[C][C]=[C]C2=C1[C]N(C2=O)[C]1[C][C]C(=O)[N]C1=O,pocket,2output_462_Fragments_.xyz
849.81443516,-1.2305300000000003,0,9,200.71999999999997,16,6,0.09692627793319246,7.740868163400824,9,[C]OC1=[C]C2=C([C][C][N]C(=O)C(=O)/[C]=[C]/C3=[C]C(=[C][C]=C3Br)Br)[C](N=C2[C]=[C]1)[C][C]C(=O)[N][C]C(=O)[C][N]C1=[C][C]=[C]C2=C1[C]N(C2=O)[C]1[C][C]C(=O)[N]C1=O,pocket,2output_463_Fragments_.xyz
819.81644654,0.5106600000000008,0,9,159.97,16,6,0.0669920864262,7.804205735150061,7,[C]OC1=[C]C2=C([C][C][N]C(=O)C(=O)/[C]=[C]/C3=[C]C(=[C][C]=C3Br)Br)[C](N=C2[C]=[C]1)[C][C][C][C]O[C]/[C]=N/C1=[C][C]=[C]C2=C1[C]N(C2=O)[C]1[C][C]C(=O)[N]C1=O,pocket,2output_464_Fragments_.xyz
803.8215319200001,1.8671500000000019,0,7,145.04999999999998,16,6,0.07326432432954814,7.915795185391814,6,[C]OC1=[C]C2=C([C]=[C]1)N([C]=C2[C][C][N]C(=O)C(=O)/[C]=[C]/C1=[C]C(=[C][C]=C1Br)Br)[C][C][C][C][C][C][N]C1=[C][C]=[C]C2=C1[C]N(C2=O)[C]1[C][C]C(=O)[N]C1=O,pocket,2output_465_Fragments_.xyz
863.8062757800001,-0.2932499999999999,0,10,191.30999999999997,15,7,0.08555080184106946,7.882549126923262,10,O=C1[C][C][C](C(=O)[N]1)N1[C]C2=C(C1=O)[C]=[C][C]=C2[N][C]1[C]O1.[C]OC1=[C]C2=C([C][C][N]C(=O)C(=O)/[C]=[C]/C3=[C]C(=[C][C]=C3Br)Br)[C](N=C2[C]=[C]1)[C]O[C]C(=O)[C][C],pocket,2output_466_Fragments_.xyz
849.81443516,-0.8371400000000002,0,8,203.54999999999998,16,6,0.10157541250683629,7.784933986185633,9,[C]OC1=[C]C2=C([C][C][N]C(=O)C(=O)/[C]=[C]/C3=[C]C(=[C][C]=C3Br)Br)[C](N=C2[C]=[C]1)[C]C(=O)[N][C][C][C]([C][N]C1=[C][C]=[C]C2=C1[C]N(C2=O)[C]1[C][C]C(=O)[N]C1=O)[O],pocket,2output_467_Fragments_.xyz
823.8113611600002,1.6099800000000017,0,10,177.03999999999996,14,6,0.07746435765433861,7.677558570549956,7,[C]OC1=[C]C2=C([C]=[C]1)N=C([C]2[C][C][N]C(=O)C(=O)/[C]=[C]/C1=[C]C(=[C][C]=C1Br)Br)O[C][C][C]C(=O)/[C]=N/C1=[C][C]=[C]C2=C1[C]N(C2=O)[C]1[C][C]C(=O)[N]C1=O,pocket,2output_469_Fragments_.xyz
891.8011904000001,-0.2569499999999999,0,10,207.90999999999997,18,6,0.05416778108018435,7.867010934507235,12,[O][C]O[C]/C(=[C]/[C][C][N]C1=[C][C]=[C]C2=C1[C]N(C2=O)[C]1[C][C]C(=O)[N]C1=O)/C(=O)O[C][C]1N=C2C(=C1[C][C][N]C(=O)C(=O)/[C]=[C]/C1=[C]C(=[C][C]=C1Br)Br)[C]=C([C]=[C]2)O[C],pocket,2output_46_Fragments_.xyz
803.82153192,0.2744500000000009,0,7,152.48,16,6,0.08784645936324385,7.800864772758091,6,[C]OC1=[C]C2=C([C][C][N]C(=O)C(=O)/[C]=[C]/C3=[C]C(=[C][C]=C3Br)Br)[C](N=C2[C]=[C]1)[C][C][C][C][C][C][N]C1=[C][C]=[C]C2=C1[C]N(C2=O)[C]1[C][C]C(=O)[N]C1=O,pocket,2output_470_Fragments_.xyz
889.80934978,1.0264599999999997,0,10,200.77999999999997,15,6,0.05499187998947271,7.922649672416032,12,[C][C]/C(=N/C(=O)[C][N]C1=[C][C]=[C]C2=C1[C]N(C2=O)[C]1[C][C]C(=O)[N]C1=O)/O[C][C]C(=O)N1[C]=C(C2=C1[C]=[C]C(=[C]2)O[C])[C][C][N]C(=O)C(=O)/[C]=[C]/C1=[C]C(=[C][C]=C1Br)Br,pocket,2output_471_Fragments_.xyz
835.8113611599999,0.2852700000000013,0,9,170.94,16,6,0.04952672748981849,7.85909632106455,8,[C]OC1=[C]C2=C([C][C][N]C(=O)C(=O)/[C]=[C]/C3=[C]C(=[C][C]=C3Br)Br)/C(=[C]/[C]OC(=[C])[C][C]O[N]C3=[C][C]=[C]C4=C3[C]N(C4=O)[C]3[C][C]C(=O)[N]C3=O)/N=C2[C]=[C]1,pocket,2output_472_Fragments_.xyz
803.82153192,0.2744500000000009,0,7,152.48,15,6,0.09320484350913054,7.800864772758091,6,[C]OC1=[C]C2=C([C][C][N]C(=O)C(=O)/[C]=[C]/C3=[C]C(=[C][C]=C3Br)Br)[C](N=C2[C]=[C]1)[C]/[C]=[C]/[C][C][C][N]C1=[C][C]=[C]C2=C1[C]N(C2=O)[C]1[C][C]C(=O)[N]C1=O,pocket,2output_473_Fragments_.xyz
893.8042644000001,1.0543600000000017,0,10,230.93999999999994,15,6,0.07024115045003076,7.821121498180629,12,[O][C][C](C(=O)[N]/[C]=[C]\OC1=NC2=C([C]1[C][C][N]C(=O)C(=O)/[C]=[C]/C1=[C]C(=[C][C]=C1Br)Br)[C]=C([C]=[C]2)O[C])[C](/[C]=N\C1=[C][C]=[C]C2=C1[C]N(C2=O)[C]1[C][C]C(=O)[N]C1=O)[O],pocket,2output_474_Fragments_.xyz
839.8062757800002,1.8728700000000011,0,10,188.01,14,6,0.10111746077793062,7.699094250058633,8,[C]OC1=[C]C2=C([C]=[C]1)N=C([C]2[C][C][N]C(=O)C(=O)/[C]=[C]/C1=[C]C(=[C][C]=C1Br)Br)O[C][C][C][C]OC(=O)[N]C1=[C][C]=[C]C2=C1[C]N(C2=O)[C]1[C][C]C(=O)[N]C1=O,pocket,2output_475_Fragments_.xyz
839.8062757800002,1.236970000000002,0,10,188.01,15,6,0.07136203332863962,7.70386407254384,8,[C]OC1=[C]C2=C([C]=[C]1)N=C([C]2[C][C][N]C(=O)C(=O)/[C]=[C]/C1=[C]C(=[C][C]=C1Br)Br)O[C][C]C(=O)O[C][C][N]C1=[C][C]=[C]C2=C1[C]N(C2=O)[C]1[C][C]C(=O)[N]C1=O,pocket,2output_476_Fragments_.xyz
859.8113611600002,2.3848500000000015,0,9,163.51,15,7,0.03872928017878377,5.841836452574993,10,[C]OC1=[C]C2=C([C]=[C]1)N([C]=C2[C][C][N]C(=O)C(=O)/[C]=[C]/C1=[C]C(=[C][C]=C1Br)Br)[C][C]OOC1=[C][C]=C([C]=[C]1)[N]C1=[C][C]=[C]C2=C1[C]N(C2=O)[C]1[C][C]C(=O)[N]C1=O,pocket,2output_477_Fragments_.xyz
895.7783467800001,0.6657600000000004,0,9,210.44000000000003,12,7,0.08334992438091456,7.867284487700264,11,[C]OC1=[C]C2=C([C][C][N]C(=O)C(=O)/[C]=[C]/C3=[C]C(=[C][C]=C3Br)Br)[C](N=C2[C]=[C]1)[C][C]1[C][C]([O])[C](SC1([O])[O])/[C]=N/C1=[C][C]=[C]C2=C1[C]N(C2=O)[C]1[C][C]C(=O)[N]C1=O,pocket,2output_478_Fragments_.xyz
851.8062757800001,-0.42494000000000015,0,9,198.68,16,6,0.0801097591114513,7.73878160059654,9,[C]OC1=[C]C2=C([C][C][N]C(=O)C(=O)/[C]=[C]/C3=[C]C(=[C][C]=C3Br)Br)[C](N=C2[C]=[C]1)[C]OC(=O)[C][C][C]([C][N]C1=[C][C]=[C]C2=C1[C]N(C2=O)[C]1[C][C]C(=O)[N]C1=O)[O],pocket,2output_480_Fragments_.xyz
871.8225945400001,-0.5698500000000003,0,10,185.15,14,7,0.08930850417974863,7.942985630093707,11,[C]OC1=[C]C2=C([C][C][N]C(=O)C(=O)/[C]=[C]/C3=[C]C(=[C][C]=C3Br)Br)[C](N=C2[C]=[C]1)[C]N([C]C(=O)[C]1[C][C]N=C1[N]C1=[C][C]=[C]C2=C1[C]N(C2=O)[C]1[C][C]C(=O)[N]C1=O)[C],pocket,2output_481_Fragments_.xyz
861.79667692,0.8427600000000013,0,9,165.37,14,7,0.10235107843171173,7.9470527081914755,9,[C]OC1=[C]C2=C([C][C][N]C(=O)C(=O)/[C]=[C]/C3=[C]C(=[C][C]=C3Br)Br)[C](N=C2[C]=[C]1)SC1=[C]N=C([C]=[C]1)[C][C][N]C1=[C][C]=[C]C2=C1[C]N(C2=O)[C]1[C][C]C(=O)[N]C1=O,pocket,2output_483_Fragments_.xyz
815.82153192,0.355740000000001,0,7,152.48,17,6,0.08310540610319933,7.849073567317894,7,[C]OC1=[C]C2=C([C][C][N]C(=O)C(=O)/[C]=[C]/C3=[C]C(=[C][C]=C3Br)Br)[C](N=C2[C]=[C]1)[C][C][C][C][C][C][C][N]C1=[C][C]=[C]C2=C1[C]N(C2=O)[C]1[C][C]C(=O)[N]C1=O,pocket,2output_485_Fragments_.xyz
835.8113611599999,-0.232329999999999,0,9,178.77999999999997,15,6,0.06627801308893952,7.735793658342656,8,[C]OC1=[C]C2=C([C][C][N]C(=O)C(=O)/[C]=[C]/C3=[C]C(=[C][C]=C3Br)Br)/C(=[C]/[C][C]OC(=O)[C][C][N]C3=[C][C]=[C]C4=C3[C]N(C4=O)[C]3[C][C]C(=O)[N]C3=O)/N=C2[C]=[C]1,pocket,2output_486_Fragments_.xyz
835.81136116,-0.30614000000000013,0,9,178.78,16,6,0.062067398833390644,7.743546616922538,8,[C]OC1=[C]C2=C([C][C][N]C(=O)C(=O)/[C]=[C]/C3=[C]C(=[C][C]=C3Br)Br)[C](N=C2[C]=[C]1)[C]C(=O)O[C][C][C][C][N]C1=[C][C]=[C]C2=C1[C]N(C2=O)[C]1[C][C]C(=O)[N]C1=O,pocket,2output_487_Fragments_.xyz
865.80934978,-0.6630300000000002,0,10,209.95,13,7,0.12117544677714105,7.738243716029808,10,[C]OC1=[C]C2=C([C][C][N]C(=O)C(=O)/[C]=[C]/C3=[C]C(=[C][C]=C3Br)Br)[C](N=C2[C]=[C]1)[C]1[C][C]1[N]C(=O)[C]OC(=O)[N]C1=[C][C]=[C]C2=C1[C]N(C2=O)[C]1[C][C]C(=O)[N]C1=O,pocket,2output_48_Fragments_.xyz
815.82153192,0.355740000000001,0,7,152.48,16,6,0.08818708652002688,7.849073567317894,7,[C]OC1=[C]C2=C([C][C][N]C(=O)C(=O)/[C]=[C]/C3=[C]C(=[C][C]=C3Br)Br)[C](N=C2[C]=[C]1)[C]/[C]=[C]/[C][C][C][C][N]C1=[C][C]=[C]C2=C1[C]N(C2=O)[C]1[C][C]C(=O)[N]C1=O,pocket,2output_490_Fragments_.xyz
843.81644654,0.36863000000000107,0,8,161.71,15,7,0.12142945156147124,7.9797573235760915,9,[C]OC1=[C]C2=C([C][C][N]C(=O)C(=O)/[C]=[C]/C3=[C]C(=[C][C]=C3Br)Br)[C](N=C2[C]=[C]1)[C]O[C][C]1[C][C][C]([C]1)[C][N]C1=[C][C]=[C]C2=C1[C]N(C2=O)[C]1[C][C]C(=O)[N]C1=O,pocket,2output_494_Fragments_.xyz
807.8164465400001,1.8175600000000018,0,8,161.70999999999998,14,6,0.07896461176799804,7.7598682368436736,6,[C]OC1=[C]C2=C([C]=[C]1)N=C([C]2[C][C][N]C(=O)C(=O)/[C]=[C]/C1=[C]C(=[C][C]=C1Br)Br)O/[C]=[C]/[C][C][C][N]C1=[C][C]=[C]C2=C1[C]N(C2=O)[C]1[C][C]C(=O)[N]C1=O,pocket,2output_495_Fragments_.xyz
849.8144351600001,-1.2305300000000001,0,9,200.71999999999997,15,6,0.10283850518471366,7.733213343537144,9,[C]OC1=[C]C2=C([C][C][N]C(=O)C(=O)/[C]=[C]/C3=[C]C(=[C][C]=C3Br)Br)[C](N=C2[C]=[C]1)[C][N]C(=O)[C][C][C]C(=O)[N]C1=[C][C]=[C]C2=C1[C]N(C2=O)[C]1[C][C]C(=O)[N]C1=O,pocket,2output_496_Fragments_.xyz
867.8011904000001,-0.8301300000000003,0,9,218.58,16,6,0.05806550026451177,7.779171146154031,10,[C]OC1=[C]C2=C([C][C][N]C(=O)C(=O)/[C]=[C]/C3=[C]C(=[C][C]=C3Br)Br)[C](N=C2[C]=[C]1)[C]OC(=O)[C][C]C([C][N]C1=[C][C]=[C]C2=C1[C]N(C2=O)[C]1[C][C]C(=O)[N]C1=O)([O])[O],pocket,2output_497_Fragments_.xyz
859.8113611600002,1.9930299999999999,0,9,170.93999999999997,17,6,0.0652836357815306,7.93200190470104,10,[C][C][C](O/[C]=[C]\[N]C1=[C][C]=[C]C2=C1[C]N(C2=O)[C]1[C][C]C(=O)[N]C1=O)[C][C][C]OC1=NC2=C([C]1[C][C][N]C(=O)C(=O)/[C]=[C]/C1=[C]C(=[C][C]=C1Br)Br)[C]=C([C]=[C]2)O[C],pocket,2output_498_Fragments_.xyz
883.81136116,2.2265400000000013,0,8,174.17999999999998,15,7,0.100058144336261,6.349985895586639,12,[O][C]C1=[C][C]C(=[C][C]=C1O[C]N1[C]=C(C2=C1[C]=[C]C(=[C]2)O[C])[C][C][N]C(=O)C(=O)/[C]=[C]/C1=[C]C(=[C][C]=C1Br)Br)[C][N]C1=[C][C]=[C]C2=C1[C]N(C2=O)[C]1[C][C]C(=O)[N]C1=O,pocket,2output_499_Fragments_.xyz
803.8215319200001,1.8671500000000019,0,7,145.04999999999998,16,6,0.07326432432954814,7.915795185391814,6,[C]OC1=[C]C2=C([C]=[C]1)N([C]=C2[C][C][N]C(=O)C(=O)/[C]=[C]/C1=[C]C(=[C][C]=C1Br)Br)[C][C][C][C][C][C][N]C1=[C][C]=[C]C2=C1[C]N(C2=O)[C]1[C][C]C(=O)[N]C1=O,pocket,2output_49_Fragments_.xyz
867.79466554,0.11637000000000047,0,10,188.17000000000002,14,7,0.09459467689573779,7.800273092806861,9,[C]OC1=[C]C2=C([C][C][N]C(=O)C(=O)/[C]=[C]/C3=[C]C(=[C][C]=C3Br)Br)[C](N=C2[C]=[C]1)[C]O[C][C][C]1[N]N=C(S1)[N]C1=[C][C]=[C]C2=C1[C]N(C2=O)[C]1[C][C]C(=O)[N]C1=O,pocket,2output_4_Fragments_.xyz
815.8215319200001,1.948440000000002,0,7,145.04999999999998,15,7,0.10201130435611203,7.964823817068143,7,[C]OC1=[C]C2=C([C]=[C]1)N([C]=C2[C][C][N]C(=O)C(=O)/[C]=[C]/C1=[C]C(=[C][C]=C1Br)Br)[C][C][C][C]1[C][C]1[C][N]C1=[C][C]=[C]C2=C1[C]N(C2=O)[C]1[C][C]C(=O)[N]C1=O,pocket,2output_500_Fragments_.xyz
805.8246059200002,1.7099700000000018,0,8,164.83999999999997,14,6,0.0791882797294197,7.776337824209949,6,[C]OC1=[C]C2=C([C]=[C]1)N=C([C]2[C][C][N]C(=O)C(=O)/[C]=[C]/C1=[C]C(=[C][C]=C1Br)Br)[N][C][C][C][C]/[C]=N/C1=[C][C]=[C]C2=C1[C]N(C2=O)[C]1[C][C]C(=O)[N]C1=O,pocket,2output_501_Fragments_.xyz
823.79360292,2.542070000000001,0,8,153.01,15,6,0.05836018620021555,7.821687187429512,6,[C]OC1=[C]C2=C([C][C][N]C(=O)C(=O)/[C]=[C]/C3=[C]C(=[C][C]=C3Br)Br)[C]=C(N=C2[C]=[C]1)S[C][C][C][C][N]C1=[C][C]=[C]C2=C1[C]N(C2=O)[C]1[C][C]C(=O)[N]C1=O,pocket,2output_502_Fragments_.xyz
803.8215319200001,1.8671500000000019,0,7,145.04999999999998,16,6,0.07326432432954814,7.915795185391814,6,[C]OC1=[C]C2=C([C]=[C]1)N([C]=C2[C][C][N]C(=O)C(=O)/[C]=[C]/C1=[C]C(=[C][C]=C1Br)Br)[C][C][C][C][C][C][N]C1=[C][C]=[C]C2=C1[C]N(C2=O)[C]1[C][C]C(=O)[N]C1=O,pocket,2output_503_Fragments_.xyz
847.8113611600002,0.924060000000001,0,9,179.18999999999997,17,6,0.08558436865461388,7.857563197480668,9,[C]OC1=[C]C2=C([C]=[C]1)N([C]=C2[C][C][N]C(=O)C(=O)/[C]=[C]/C1=[C]C(=[C][C]=C1Br)Br)[C][C]C(=O)[C][C]C(=O)[C][N]C1=[C][C]=[C]C2=C1[C]N(C2=O)[C]1[C][C]C(=O)[N]C1=O,pocket,2output_504_Fragments_.xyz
819.81644654,0.2060500000000009,0,8,161.71,17,6,0.08145502288846507,7.833361779106106,7,[C]OC1=[C]C2=C([C][C][N]C(=O)C(=O)/[C]=[C]/C3=[C]C(=[C][C]=C3Br)Br)[C](N=C2[C]=[C]1)[C]O[C][C][C][C][C][N]C1=[C][C]=[C]C2=C1[C]N(C2=O)[C]1[C][C]C(=O)[N]C1=O,pocket,2output_505_Fragments_.xyz
859.81136116,-0.1939599999999993,0,8,189.45,18,6,0.0962719762663873,7.8419342081463865,10,[C]OC1=[C]C2=C([C][C][N]C(=O)C(=O)/[C]=[C]/C3=[C]C(=[C][C]=C3Br)Br)[C](N=C2[C]=[C]1)[C][C][C][C]([C][C]C(=O)[C][N]C1=[C][C]=[C]C2=C1[C]N(C2=O)[C]1[C][C]C(=O)[N]C1=O)[O],pocket,2output_506_Fragments_.xyz
823.8113611600002,1.774880000000002,0,8,172.68,16,6,0.06917924196094748,7.901872368516695,7,[C]OC1=[C]C2=C([C]=[C]1)[N]C(=C=C2[C][C][N]C(=O)C(=O)/[C]=[C]/C1=[C]C(=[C][C]=C1Br)Br)[C][C]O[C]O[C][N]C1=[C][C]=[C]C2=C1[C]N(C2=O)[C]1[C][C]C(=O)[N]C1=O,pocket,2output_507_Fragments_.xyz
835.81136116,0.13765000000000088,0,9,174.24,16,7,0.0644481915180746,7.814220332672736,8,[C]OC1=[C]C2=C([C][C][N]C(=O)C(=O)/[C]=[C]/C3=[C]C(=[C][C]=C3Br)Br)[C](N=C2[C]=[C]1)[C]O[C][C][C][C]1O[C]1[N]C1=[C][C]=[C]C2=C1[C]N(C2=O)[C]1[C][C]C(=O)[N]C1=O,pocket,2output_508_Fragments_.xyz
877.80934978,-0.1681599999999997,0,11,186.48000000000002,17,8,0.058012817209436365,6.979939313455747,11,[C]OC1=[C]C2=C([C][C][N]C(=O)C(=O)/[C]=[C]/C3=[C]C(=[C][C]=C3Br)Br)[C](N=C2[C]=[C]1)[C][C]1O[C]1O[C][C]1[C]N1[C]O[N]C1=[C][C]=[C]C2=C1[C]N(C2=O)[C]1[C][C]C(=O)[N]C1=O,pocket,2output_509_Fragments_.xyz
803.82153192,0.5790600000000008,0,8,150.73999999999998,14,6,0.07655990674632537,7.771129469650602,6,[C]OC1=[C]C2=C([C][C][N]C(=O)C(=O)/[C]=[C]/C3=[C]C(=[C][C]=C3Br)Br)[C](N=C2[C]=[C]1)[C]/[C]=[C]/[C][C]/[C]=N/C1=[C][C]=[C]C2=C1[C]N(C2=O)[C]1[C][C]C(=O)[N]C1=O,pocket,2output_50_Fragments_.xyz
819.81644654,-0.23774000000000012,0,8,169.54999999999998,16,6,0.1092328097049253,7.747365810368961,7,[C]OC1=[C]C2=C([C][C][N]C(=O)C(=O)/[C]=[C]/C3=[C]C(=[C][C]=C3Br)Br)[C](N=C2[C]=[C]1)[C][C][C]C(=O)[C][C][N]C1=[C][C]=[C]C2=C1[C]N(C2=O)[C]1[C][C]C(=O)[N]C1=O,pocket,2output_510_Fragments_.xyz
893.8042644000002,-1.33644,0,10,229.84999999999997,18,6,0.06365214746576592,7.803364222925763,12,[C]OC1=[C]C2=C([C][C][N]C(=O)C(=O)/[C]=[C]/C3=[C]C(=[C][C]=C3Br)Br)[C](N=C2[C]=[C]1)[C][N]C(=O)[C]([C]C(=O)[O])O[C][C][N]C1=[C][C]=[C]C2=C1[C]N(C2=O)[C]1[C][C]C(=O)[N]C1=O,pocket,2output_511_Fragments_.xyz
879.8011904000001,-0.78203,0,10,215.74999999999997,15,6,0.0614663853137963,7.729774341404841,11,[O][C][C](C(=O)O/[C]=C/1\N=C2C(=C1[C][C][N]C(=O)C(=O)/[C]=[C]/C1=[C]C(=[C][C]=C1Br)Br)[C]=C([C]=[C]2)O[C])[C][C]C(=O)[N]C1=[C][C]=[C]C2=C1[C]N(C2=O)[C]1[C][C]C(=O)[N]C1=O,pocket,2output_51_Fragments_.xyz
885.8144351600001,-0.07566999999999907,0,8,203.90999999999997,19,6,0.06933231924376149,7.992095595953573,12,[N][C]O[C][C]([C]/[C]=C(/[C][C]1N=C2C(=C1[C][C][N]C(=O)C(=O)/[C]=[C]/C1=[C]C(=[C][C]=C1Br)Br)[C]=C([C]=[C]2)O[C])\[O])[C][C][N]C1=[C][C]=[C]C2=C1[C]N(C2=O)[C]1[C][C]C(=O)[N]C1=O,pocket,2output_52_Fragments_.xyz
883.81136116,0.11624000000000195,0,8,189.45,18,6,0.07507647406637188,7.933748566934687,12,[C]OC1=[C]C2=C([C][C][N]C(=O)C(=O)/[C]=[C]/C3=[C]C(=[C][C]=C3Br)Br)/C(=[C]/[C][C][C]/[C]=C(\[C][N]C3=[C][C]=[C]C4=C3[C]N(C4=O)[C]3[C][C]C(=O)[N]C3=O)/[C][C]C(=O)[O])/N=C2[C]=[C]1,pocket,2output_53_Fragments_.xyz
847.81136116,0.16853999999999994,0,8,181.60999999999996,18,6,0.07574249911223589,7.889627537654467,9,[O][C][C]([C][C][N]C1=[C][C]=[C]C2=C1[C]N(C2=O)[C]1[C][C]C(=O)[N]C1=O)[C]O[C][C][C]1N=C2C(=C1[C][C][N]C(=O)C(=O)/[C]=[C]/C1=[C]C(=[C][C]=C1Br)Br)[C]=C([C]=[C]2)O[C],pocket,2output_55_Fragments_.xyz
891.8011904000002,1.3123400000000014,0,11,189.80999999999997,18,7,0.046340297332410685,7.977250363341873,12,[C]OC1=[C]C2=C([C]=[C]1)N([C]=C2[C][C][N]C(=O)C(=O)/[C]=[C]/C1=[C]C(=[C][C]=C1Br)Br)[C]OC(=O)[C](O[C]1[C][C]1)[C]O[C][N]C1=[C][C]=[C]C2=C1[C]N(C2=O)[C]1[C][C]C(=O)[N]C1=O,pocket,2output_56_Fragments_.xyz
823.79360292,0.841360000000001,0,8,152.48,15,6,0.09541865461542781,7.772735990282288,6,[C]OC1=[C]C2=C([C][C][N]C(=O)C(=O)/[C]=[C]/C3=[C]C(=[C][C]=C3Br)Br)[C](N=C2[C]=[C]1)S/[C]=[C]/[C][C][C][N]C1=[C][C]=[C]C2=C1[C]N(C2=O)[C]1[C][C]C(=O)[N]C1=O,pocket,2output_57_Fragments_.xyz
879.8011904000001,-0.6984400000000003,0,10,211.21,16,7,0.05850163164603148,6.6245290375195065,11,[C]OC1=[C]C2=C([C][C][N]C(=O)C(=O)/[C]=[C]/C3=[C]C(=[C][C]=C3Br)Br)[C](N=C2[C]=[C]1)[C@]1([C]O1)[C]C(=O)O[C][C]([C][N]C1=[C][C]=[C]C2=C1[C]N(C2=O)[C]1[C][C]C(=O)[N]C1=O)[O],pocket,2output_58_Fragments_.xyz
839.8215319200001,2.220440000000002,0,7,145.04999999999998,14,7,0.09538373460190949,5.937384688585832,9,[C]OC1=[C]C2=C([C]=[C]1)N([C]=C2[C][C][N]C(=O)C(=O)/[C]=[C]/C1=[C]C(=[C][C]=C1Br)Br)[C][C]C1=[C][C]=C([C]=[C]1)[C][N]C1=[C][C]=[C]C2=C1[C]N(C2=O)[C]1[C][C]C(=O)[N]C1=O,pocket,2output_59_Fragments_.xyz
867.7834321600001,0.785850000000001,0,10,170.94,14,7,0.09842941900585861,7.881481650499168,9,[C]OC1=[C]C2=C([C][C][N]C(=O)C(=O)/[C]=[C]/C3=[C]C(=[C][C]=C3Br)Br)[C](N=C2[C]=[C]1)[C]O/[C]=[C]\[C]1[C]O[C](S1)[N]C1=[C][C]=[C]C2=C1[C]N(C2=O)[C]1[C][C]C(=O)[N]C1=O,pocket,2output_5_Fragments_.xyz
807.8164465400001,1.6583800000000017,0,8,161.70999999999998,12,6,0.08845658864869291,7.6842654859521815,6,[C]OC1=[C]C2=C([C]=[C]1)N=C([C]2[C][C][N]C(=O)C(=O)/[C]=[C]/C1=[C]C(=[C][C]=C1Br)Br)OC#C[C][C][C][N]C1=[C][C]=[C]C2=C1[C]N(C2=O)[C]1[C][C]C(=O)[N]C1=O,pocket,2output_60_Fragments_.xyz
815.82153192,0.355740000000001,0,7,152.48,17,6,0.08310540610319933,7.849073567317894,7,[C]OC1=[C]C2=C([C][C][N]C(=O)C(=O)/[C]=[C]/C3=[C]C(=[C][C]=C3Br)Br)[C](N=C2[C]=[C]1)[C][C][C][C][C][C][C][N]C1=[C][C]=[C]C2=C1[C]N(C2=O)[C]1[C][C]C(=O)[N]C1=O,pocket,2output_61_Fragments_.xyz
835.81136116,0.0872500000000009,0,8,181.61,17,6,0.07997543647243381,7.8263554926621826,8,[C]OC1=[C]C2=C([C][C][N]C(=O)C(=O)/[C]=[C]/C3=[C]C(=[C][C]=C3Br)Br)[C](N=C2[C]=[C]1)[C][C][C]O[C][C]([C][N]C1=[C][C]=[C]C2=C1[C]N(C2=O)[C]1[C][C]C(=O)[N]C1=O)[O],pocket,2output_62_Fragments_.xyz
857.8195205400001,-0.5557599999999995,0,8,183.64999999999998,17,6,0.0755147143665417,7.894127328069942,10,[C][C][C]([N]C1=[C][C]=[C]C2=C1[C]N(C2=O)[C]1[C][C]C(=O)[N]C1=O)[C][C][C][N]C(=O)[C][C]1N=C2C(=C1[C][C][N]C(=O)C(=O)/[C]=[C]/C1=[C]C(=[C][C]=C1Br)Br)[C]=C([C]=[C]2)O[C],pocket,2output_63_Fragments_.xyz
847.8113611600002,1.4748500000000018,0,8,177.48,14,8,0.07990566622436225,7.7618083881549795,9,[C]OC1=[C]C2=C([C]=[C]1)N([C]=C2[C][C][N]C(=O)C(=O)/[C]=[C]/C1=[C]C(=[C][C]=C1Br)Br)[C][C]([C][C]1O[C@]21[C][C]2[N]C1=[C][C]=[C]C2=C1[C]N(C2=O)[C]1[C][C]C(=O)[N]C1=O)[O],pocket,2output_64_Fragments_.xyz
879.8164465400001,2.726630000000002,0,7,164.95,14,8,0.09464480673681569,6.337271147961453,12,[C]OC1=[C]C2=C([C]=[C]1)N([C]=C2[C][C][N]C(=O)C(=O)/[C]=[C]/C1=[C]C(=[C][C]=C1Br)Br)[C]1[C][C]1[C]C1=[C]C(=[C][C]=C1[C][N]C1=[C][C]=[C]C2=C1[C]N(C2=O)[C]1[C][C]C(=O)[N]C1=O)[O],pocket,2output_65_Fragments_.xyz
847.8113611600002,1.5252500000000022,0,9,166.80999999999997,12,9,0.08965330709571556,7.774456460477492,9,[C]OC1=[C]C2=C([C]=[C]1)N([C]=C2[C][C][N]C(=O)C(=O)/[C]=[C]/C1=[C]C(=[C][C]=C1Br)Br)[C][C]1[C]2[C]1[C@]1([C]O2)O[C]1[N]C1=[C][C]=[C]C2=C1[C]N(C2=O)[C]1[C][C]C(=O)[N]C1=O,pocket,2output_66_Fragments_.xyz
859.8225945400001,-0.12062999999999963,0,10,171.57000000000002,12,9,0.10867072610528716,7.4000793045241995,10,[C]OC1=[C]C2=C([C][C][N]C(=O)C(=O)/[C]=[C]/C3=[C]C(=[C][C]=C3Br)Br)[C](N=C2[C]=[C]1)[C][C]1n2n1c1c2[C]=C([C]O1)[N]C1=[C][C]=[C]C2=C1[C]N(C2=O)[C]1[C][C]C(=O)[N]C1=O,pocket,2output_68_Fragments_.xyz
831.81644654,-0.1564499999999998,0,8,169.54999999999998,17,6,0.07887465180952793,7.797235078460999,8,[C]OC1=[C]C2=C([C][C][N]C(=O)C(=O)/[C]=[C]/C3=[C]C(=[C][C]=C3Br)Br)[C](N=C2[C]=[C]1)[C][C]C(=O)[C][C][C][C][N]C1=[C][C]=[C]C2=C1[C]N(C2=O)[C]1[C][C]C(=O)[N]C1=O,pocket,2output_69_Fragments_.xyz
875.8062757800001,-0.21195999999999954,0,10,188.01,18,6,0.054816600219888295,7.877516117898586,11,[C]O[C](C(=O)O[C][C][C][C]1N=C2C(=C1[C][C][N]C(=O)C(=O)/[C]=[C]/C1=[C]C(=[C][C]=C1Br)Br)[C]=C([C]=[C]2)O[C])[C][C][N]C1=[C][C]=[C]C2=C1[C]N(C2=O)[C]1[C][C]C(=O)[N]C1=O,pocket,2output_6_Fragments_.xyz
883.81136116,1.0094400000000012,0,9,174.23999999999998,14,8,0.07814703917410491,5.148371912257969,12,[C]OC1=[C][C]=C([C]=C1[C]1O[C]1[C][C]1N=C2C(=C1[C][C][N]C(=O)C(=O)/[C]=[C]/C1=[C]C(=[C][C]=C1Br)Br)[C]=C([C]=[C]2)O[C])[N]C1=[C][C]=[C]C2=C1[C]N(C2=O)[C]1[C][C]C(=O)[N]C1=O,pocket,2output_71_Fragments_.xyz
889.80934978,-1.11294,0,9,220.61999999999998,16,6,0.09729688117143738,7.839418439793233,12,[O][C][C]([N]C(=O)[C]/[C]=C/1\N=C2C(=C1[C][C][N]C(=O)C(=O)/[C]=[C]/C1=[C]C(=[C][C]=C1Br)Br)[C]=C([C]=[C]2)O[C])[C][C]C(=O)[N]C1=[C][C]=[C]C2=C1[C]N(C2=O)[C]1[C][C]C(=O)[N]C1=O,pocket,2output_72_Fragments_.xyz
877.80934978,0.7180500000000012,0,8,216.01999999999998,17,6,0.08409057142233183,7.941492227200028,11,[O][C][C]([C]N1[C]=C(C2=C1[C]=[C]C(=[C]2)O[C])[C][C][N]C(=O)C(=O)/[C]=[C]/C1=[C]C(=[C][C]=C1Br)Br)[N]C(=O)[C]([C][C][N]C1=[C][C]=[C]C2=C1[C]N(C2=O)[C]1[C][C]C(=O)[N]C1=O)[O],pocket,2output_73_Fragments_.xyz
891.8011904000001,-0.7745500000000003,0,10,215.75,18,6,0.039089314967873656,7.775624371211213,12,[C]OC1=[C]C2=C([C][C][N]C(=O)C(=O)/[C]=[C]/C3=[C]C(=[C][C]=C3Br)Br)[C](N=C2[C]=[C]1)[C][C][C]OC(=O)[C](C(=O)[O])[C][C][N]C1=[C][C]=[C]C2=C1[C]N(C2=O)[C]1[C][C]C(=O)[N]C1=O,pocket,2output_74_Fragments_.xyz
863.8062757800002,1.249050000000002,0,9,191.24999999999997,17,6,0.06559209532840467,7.927185235380023,10,[C]OC1=[C]C2=C([C]=[C]1)N([C]=C2[C][C][N]C(=O)C(=O)/[C]=[C]/C1=[C]C(=[C][C]=C1Br)Br)[C][C]O[C][C](C(=O)[O])/[C]=[C]/[N]C1=[C][C]=[C]C2=C1[C]N(C2=O)[C]1[C][C]C(=O)[N]C1=O,pocket,2output_75_Fragments_.xyz
819.81644654,-0.23774000000000012,0,8,169.54999999999998,16,6,0.1092328097049253,7.747365810368961,7,[C]OC1=[C]C2=C([C][C][N]C(=O)C(=O)/[C]=[C]/C3=[C]C(=[C][C]=C3Br)Br)[C](N=C2[C]=[C]1)[C][C][C]C(=O)[C][C][N]C1=[C][C]=[C]C2=C1[C]N(C2=O)[C]1[C][C]C(=O)[N]C1=O,pocket,2output_76_Fragments_.xyz
803.82153192,0.6528700000000007,0,8,150.73999999999998,13,6,0.08149542630496623,7.751836550649074,6,[C]OC1=[C]C2=C([C][C][N]C(=O)C(=O)/[C]=[C]/C3=[C]C(=[C][C]=C3Br)Br)[C](N=C2[C]=[C]1)[C][C][C]=C=[C]/[C]=N/C1=[C][C]=[C]C2=C1[C]N(C2=O)[C]1[C][C]C(=O)[N]C1=O,pocket,2output_77_Fragments_.xyz
881.81952054,0.19823000000000104,0,8,184.01000000000002,14,8,0.12590807750429703,5.124907764134555,12,[C]OC1=[C]C2=C([C][C][N]C(=O)C(=O)/[C]=[C]/C3=[C]C(=[C][C]=C3Br)Br)[C](N=C2[C]=[C]1)[C]O[C]1[C][C]2C(=C([C][C]2[C][N]C2=[C][C]=[C]C3=C2[C]N(C3=O)[C]2[C][C]C(=O)[N]C2=O)[N])[C]1,pocket,2output_78_Fragments_.xyz
891.7834321600001,1.0222400000000016,0,10,174.24,17,7,0.06309072272059972,7.977703448616649,11,[C]OC1=[C]C2=C([C][C][N]C(=O)C(=O)/[C]=[C]/C3=[C]C(=[C][C]=C3Br)Br)[C](N=C2[C]=[C]1)S/[C]=[C]/[C](/[C]=C\1/[C]O1)[C]O[C][N]C1=[C][C]=[C]C2=C1[C]N(C2=O)[C]1[C][C]C(=O)[N]C1=O,pocket,2output_79_Fragments_.xyz
885.81443516,0.6303600000000007,0,8,203.54999999999998,14,7,0.10035799993487568,7.984195826262186,12,[C]OC1=[C]C2=C([C][C][N]C(=O)C(=O)/[C]=[C]/C3=[C]C(=[C][C]=C3Br)Br)[C](N=C2[C]=[C]1)[C][C]C(=O)[N]C1=[C]C(=[C][C]=C1[O])[N]C1=[C][C]=[C]C2=C1[C]N(C2=O)[C]1[C][C]C(=O)[N]C1=O,pocket,2output_80_Fragments_.xyz
821.8195205400002,1.336960000000002,0,8,175.81,16,6,0.09069729638855217,7.838468672212999,7,[C]OC1=[C]C2=C([C]=[C]1)N=C([C]2[C][C][N]C(=O)C(=O)/[C]=[C]/C1=[C]C(=[C][C]=C1Br)Br)[N][C][C][C]O[C][C][N]C1=[C][C]=[C]C2=C1[C]N(C2=O)[C]1[C][C]C(=O)[N]C1=O,pocket,2output_81_Fragments_.xyz
803.8215319200001,1.992970000000002,0,6,154.22,14,6,0.07992520193284014,7.886760442651111,6,[C]OC1=[C]C2=C([C]=[C]1)[N]C(=C=C2[C][C][N]C(=O)C(=O)/[C]=[C]/C1=[C]C(=[C][C]=C1Br)Br)/[C]=[C]/[C][C][C][N]C1=[C][C]=[C]C2=C1[C]N(C2=O)[C]1[C][C]C(=O)[N]C1=O,pocket,2output_82_Fragments_.xyz
881.78650616,-0.03153999999999951,0,9,195.71,15,7,0.11533705416443299,6.989438086033364,10,[C]OC1=[C]C2=C([C][C][N]C(=O)C(=O)/[C]=[C]/C3=[C]C(=[C][C]=C3Br)Br)[C](N=C2[C]=[C]1)[C]O[C][C]1[C]S[C@@]([N]1)([O])[C][N]C1=[C][C]=[C]C2=C1[C]N(C2=O)[C]1[C][C]C(=O)[N]C1=O,pocket,2output_83_Fragments_.xyz
887.8062757800002,1.361230000000002,0,8,201.92,14,7,0.10336084538056338,2.02649973694165,12,[C]OC1=[C]C2=C([C]=[C]1)N([C]=C2[C][C][N]C(=O)C(=O)/[C]=[C]/C1=[C]C(=[C][C]=C1Br)Br)[C][C][C]1[C][C]([C]([C]1)[C](C(=O)[N]C1=[C][C]=[C]C2=C1[C]N(C2=O)[C]1[C][C]C(=O)[N]C1=O)[O])[O],pocket,2output_84_Fragments_.xyz
863.8062757800002,1.592040000000002,0,7,204.75,17,6,0.08756146276935475,7.939468069230954,10,[C]OC1=[C]C2=C([C]=[C]1)N([C]=C2[C][C][N]C(=O)C(=O)/[C]=[C]/C1=[C]C(=[C][C]=C1Br)Br)[C][C]([C][C]([C][C]([C][N]C1=[C][C]=[C]C2=C1[C]N(C2=O)[C]1[C][C]C(=O)[N]C1=O)[O])[O])[O],pocket,2output_87_Fragments_.xyz
881.8042644000002,-0.7818300000000002,0,10,229.85,15,6,0.10578665152132667,7.732993784538396,11,[C]OC1=[C]C2=C([C][C][N]C(=O)C(=O)/[C]=[C]/C3=[C]C(=[C][C]=C3Br)Br)[C](N=C2[C]=[C]1)[C][N]C(=O)[C][C]([C]OC(=O)[N]C1=[C][C]=[C]C2=C1[C]N(C2=O)[C]1[C][C]C(=O)[N]C1=O)[O],pocket,2output_88_Fragments_.xyz
875.8062757800002,1.774130000000002,0,9,183.40999999999997,14,7,0.10439182244693497,5.787329319452509,11,[C]OC1=[C]C2=C([C]=[C]1)N([C]=C2[C][C][N]C(=O)C(=O)/[C]=[C]/C1=[C]C(=[C][C]=C1Br)Br)[C][C]1[C]O[C](O[C][C]1[O])[C][C][N]C1=[C][C]=[C]C2=C1[C]N(C2=O)[C]1[C][C]C(=O)[N]C1=O,pocket,2output_91_Fragments_.xyz
875.81750916,-0.8814400000000002,0,10,205.23999999999998,14,7,0.11277411150848907,7.872830161903361,11,[C]OC1=[C]C2=C([C][C][N]C(=O)C(=O)/[C]=[C]/C3=[C]C(=[C][C]=C3Br)Br)[C](N=C2[C]=[C]1)[C][C]C(=O)[N][C][C]1ON=C([C]1)[N]C1=[C][C]=[C]C2=C1[C]N(C2=O)[C]1[C][C]C(=O)[N]C1=O,pocket,2output_93_Fragments_.xyz
819.81644654,-0.16392999999999996,0,8,169.54999999999998,14,6,0.09424344974850457,7.72832508638706,7,[C]OC1=[C]C2=C([C][C][N]C(=O)C(=O)/[C]=[C]/C3=[C]C(=[C][C]=C3Br)Br)[C](N=C2[C]=[C]1)[C]=C=[C]C(=O)[C][C][N]C1=[C][C]=[C]C2=C1[C]N(C2=O)[C]1[C][C]C(=O)[N]C1=O,pocket,2output_94_Fragments_.xyz
819.81644654,-0.23774000000000012,0,8,169.54999999999998,16,6,0.1092328097049253,7.747365810368961,7,[C]OC1=[C]C2=C([C][C][N]C(=O)C(=O)/[C]=[C]/C3=[C]C(=[C][C]=C3Br)Br)[C](N=C2[C]=[C]1)[C][C][C]C(=O)[C][C][N]C1=[C][C]=[C]C2=C1[C]N(C2=O)[C]1[C][C]C(=O)[N]C1=O,pocket,2output_95_Fragments_.xyz
819.81644654,0.2060500000000009,0,8,161.71,17,6,0.08145502288846507,7.833361779106106,7,[C]OC1=[C]C2=C([C][C][N]C(=O)C(=O)/[C]=[C]/C3=[C]C(=[C][C]=C3Br)Br)[C](N=C2[C]=[C]1)[C][C][C]O[C][C][C][N]C1=[C][C]=[C]C2=C1[C]N(C2=O)[C]1[C][C]C(=O)[N]C1=O,pocket,2output_96_Fragments_.xyz
843.8164465399999,0.9343600000000019,0,8,161.70999999999998,13,7,0.11001497791693819,7.981123765883784,9,[C]OC1=[C]C2=C([C][C][N]C(=O)C(=O)/[C]=[C]/C3=[C]C(=[C][C]=C3Br)Br)/C(=[C]/[C]OC3=[C][C]=C([C]=[C]3)[N]C3=[C][C]=[C]C4=C3[C]N(C4=O)[C]3[C][C]C(=O)[N]C3=O)/N=C2[C]=[C]1,pocket,2output_97_Fragments_.xyz
899.7910196400003,0.9618600000000019,0,10,247.71,16,6,0.08587885695529718,7.747460161926522,12,[C]OC1=[C]C2=C([C]=[C]1)N=C([C]2[C][C][N]C(=O)C(=O)/[C]=[C]/C1=[C]C(=[C][C]=C1Br)Br)O[C]C(=O)O[C][C]([C]([C]([N]C1=[C][C]=[C]C2=C1[C]N(C2=O)[C]1[C][C]C(=O)[N]C1=O)[O])[O])[O],pocket,2output_99_Fragments_.xyz
803.82153192,0.2744500000000009,0,7,152.48,16,6,0.08784645936324385,7.800864772758091,6,[C]OC1=[C]C2=C([C][C][N]C(=O)C(=O)/[C]=[C]/C3=[C]C(=[C][C]=C3Br)Br)[C](N=C2[C]=[C]1)[C][C][C][C][C][C][N]C1=[C][C]=[C]C2=C1[C]N(C2=O)[C]1[C][C]C(=O)[N]C1=O,pocket,2output_9_Fragments_.xyz
847.81136116,-0.09632999999999986,0,9,178.78,15,6,0.05087367261374088,7.822777610223407,9,[C]OC1=[C]C2=C([C][C][N]C(=O)C(=O)/[C]=[C]/C3=[C]C(=[C][C]=C3Br)Br)[C]N=C2C(=[C]1)[C]=C=[C]C(=O)O[C][C][C][N]C1=[C][C]=[C]C2=C1[C]N(C2=O)[C]1[C][C]C(=O)[N]C1=O,pocket_anchor,1output_105_Fragments_.xyz
831.81644654,0.39865000000000145,0,8,161.71,18,6,0.07764858270230783,7.914061684951031,8,[C]OC1=[C]C2=C([C][C][N]C(=O)C(=O)/[C]=[C]/C3=[C]C(=[C][C]=C3Br)Br)[C]N=C2C(=[C]1)O[C][C][C][C][C][C][C][N]C1=[C][C]=[C]C2=C1[C]N(C2=O)[C]1[C][C]C(=O)[N]C1=O,pocket_anchor,1output_107_Fragments_.xyz
871.81136116,0.4928300000000016,0,9,170.94,18,7,0.05852230496091064,4.199148399754314,11,[C]OC1=[C]C2=C([C][C][N]C(=O)C(=O)/[C]=[C]/C3=[C]C(=[C][C]=C3Br)Br)[C]N=C2C(=[C]1)O[C]1[C][C]1[C]/[C]=[C]\O[C][C][C][N]C1=[C][C]=[C]C2=C1[C]N(C2=O)[C]1[C][C]C(=O)[N]C1=O,pocket_anchor,1output_116_Fragments_.xyz
807.8164465400001,1.3663600000000018,0,8,154.27999999999997,16,6,0.07175561901871351,7.899771242447341,6,[C]OC1=[C]C2=C([C]=[C]1)N([C]=C2[C][C][N]C(=O)C(=O)/[C]=[C]/C1=[C]C(=[C][C]=C1Br)Br)O[C][C][C][C][C][N]C1=[C][C]=[C]C2=C1[C]N(C2=O)[C]1[C][C]C(=O)[N]C1=O,pocket_anchor,1output_117_Fragments_.xyz
847.81136116,0.33025000000000143,0,9,170.94,18,6,0.07637931035336637,7.946097323576091,9,[C]OC1=[C]C2=C([C][C][N]C(=O)C(=O)/[C]=[C]/C3=[C]C(=[C][C]=C3Br)Br)[C]N=C2C(=[C]1)O[C][C]O[C]/[C]=[C]/[C][C][N]C1=[C][C]=[C]C2=C1[C]N(C2=O)[C]1[C][C]C(=O)[N]C1=O,pocket_anchor,1output_127_Fragments_.xyz
835.81136116,0.24896000000000135,0,9,170.94,18,6,0.07603695580477136,7.898650121991697,8,[C]OC1=[C]C2=C([C][C][N]C(=O)C(=O)/[C]=[C]/C3=[C]C(=[C][C]=C3Br)Br)[C]N=C2C(=[C]1)O[C][C][C][C]O[C][C][N]C1=[C][C]=[C]C2=C1[C]N(C2=O)[C]1[C][C]C(=O)[N]C1=O,pocket_anchor,1output_133_Fragments_.xyz
831.81644654,0.39865000000000145,0,8,161.71,17,6,0.08239996409090687,7.914061684951031,8,[C]OC1=[C]C2=C([C][C][N]C(=O)C(=O)/[C]=[C]/C3=[C]C(=[C][C]=C3Br)Br)[C]N=C2C(=[C]1)O[C][C][C][C][C]/[C]=[C]\[N]C1=[C][C]=[C]C2=C1[C]N(C2=O)[C]1[C][C]C(=O)[N]C1=O,pocket_anchor,1output_136_Fragments_.xyz
877.80934978,-0.026639999999999386,0,10,202.11,18,6,0.07286671701986283,7.906188483581683,11,[C]OC1=[C]C2=C([C][C][N]C(=O)C(=O)/[C]=[C]/C3=[C]C(=[C][C]=C3Br)Br)[C]N=C2C(=[C]1)O[C][C][C][N]C(=O)O[C][C][C][N]C1=[C][C]=[C]C2=C1[C]N(C2=O)[C]1[C][C]C(=O)[N]C1=O,pocket_anchor,1output_13_Fragments_.xyz
831.81644654,0.39865000000000145,0,8,161.71,17,6,0.08239996409090687,7.914061684951031,8,[C]OC1=[C]C2=C([C][C][N]C(=O)C(=O)/[C]=[C]/C3=[C]C(=[C][C]=C3Br)Br)[C]N=C2C(=[C]1)O[C]/[C]=[C]\[C][C][C][C][N]C1=[C][C]=[C]C2=C1[C]N(C2=O)[C]1[C][C]C(=O)[N]C1=O,pocket_anchor,1output_142_Fragments_.xyz
871.81136116,0.4928300000000016,0,9,170.94,19,7,0.07260137853953763,4.850511807182115,11,[C]OC1=[C]C2=C([C][C][N]C(=O)C(=O)/[C]=[C]/C3=[C]C(=[C][C]=C3Br)Br)[C]N=C2C(=[C]1)O[C]O[C][C][C][C][C][C]1[C][C]1[N]C1=[C][C]=[C]C2=C1[C]N(C2=O)[C]1[C][C]C(=O)[N]C1=O,pocket_anchor,1output_143_Fragments_.xyz
867.81644654,0.5859200000000013,0,8,161.71,21,6,0.06557916151504685,5.3252736362225175,11,[C]OC1=[C]C2=C([C][C][N]C(=O)C(=O)/[C]=[C]/C3=[C]C(=[C][C]=C3Br)Br)[C]N=C2C(=[C]1)[C][C][C][C][C][C][C]O[C][C][C][N]C1=[C][C]=[C]C2=C1[C]N(C2=O)[C]1[C][C]C(=O)[N]C1=O,pocket_anchor,1output_144_Fragments_.xyz
855.81644654,0.5612300000000017,0,8,161.71,20,6,0.06950995998977295,3.1795203467487605,10,[C]OC1=[C]C2=C([C][C][N]C(=O)C(=O)/[C]=[C]/C3=[C]C(=[C][C]=C3Br)Br)[C]N=C2C(=[C]1)O[C][C][C][C][C][C][C][C][C][N]C1=[C][C]=[C]C2=C1[C]N(C2=O)[C]1[C][C]C(=O)[N]C1=O,pocket_anchor,1output_147_Fragments_.xyz
851.8062757800001,0.13016000000000133,0,9,190.84,18,6,0.07470661635040948,7.892185157393218,9,[C]OC1=[C]C2=C([C][C][N]C(=O)C(=O)/[C]=[C]/C3=[C]C(=[C][C]=C3Br)Br)[C]N=C2C(=[C]1)O[C][C][C]O[C][C]([C][N]C1=[C][C]=[C]C2=C1[C]N(C2=O)[C]1[C][C]C(=O)[N]C1=O)[O],pocket_anchor,1output_151_Fragments_.xyz
831.81644654,0.4724600000000014,0,8,161.71,16,6,0.06671870354216852,7.8955060749559305,8,[C]OC1=[C]C2=C([C][C][N]C(=O)C(=O)/[C]=[C]/C3=[C]C(=[C][C]=C3Br)Br)[C]N=C2C(=[C]1)O[C][C][C][C][C]=C=[C][N]C1=[C][C]=[C]C2=C1[C]N(C2=O)[C]1[C][C]C(=O)[N]C1=O,pocket_anchor,1output_154_Fragments_.xyz
843.81644654,0.47994000000000153,0,8,161.71,19,6,0.07346486656106334,7.961219919729938,9,[C]OC1=[C]C2=C([C][C][N]C(=O)C(=O)/[C]=[C]/C3=[C]C(=[C][C]=C3Br)Br)[C]N=C2C(=[C]1)O[C][C][C][C][C][C][C][C][N]C1=[C][C]=[C]C2=C1[C]N(C2=O)[C]1[C][C]C(=O)[N]C1=O,pocket_anchor,1output_156_Fragments_.xyz
867.8011904000001,-0.77542,0,11,205.08,16,6,0.0578054116201371,7.755886812064208,10,[C]OC1=[C]C2=C([C][C][N]C(=O)C(=O)/[C]=[C]/C3=[C]C(=[C][C]=C3Br)Br)[C]N=C2C(=[C]1)O[C][C][C]C(=O)O[C]C(=O)[N]C1=[C][C]=[C]C2=C1[C]N(C2=O)[C]1[C][C]C(=O)[N]C1=O,pocket_anchor,1output_157_Fragments_.xyz
819.8164465400001,1.8988500000000017,0,8,161.70999999999998,16,6,0.0923604983934627,7.8088756652199915,7,[C]OC1=[C]C2=C([C]=[C]1)N=C([C]2[C][C][N]C(=O)C(=O)/[C]=[C]/C1=[C]C(=[C][C]=C1Br)Br)O[C][C][C][C][C][C][N]C1=[C][C]=[C]C2=C1[C]N(C2=O)[C]1[C][C]C(=O)[N]C1=O,pocket_anchor,1output_15_Fragments_.xyz
843.81644654,0.47994000000000153,0,8,161.71,19,6,0.07346486656106334,7.961219919729938,9,[C]OC1=[C]C2=C([C][C][N]C(=O)C(=O)/[C]=[C]/C3=[C]C(=[C][C]=C3Br)Br)[C]N=C2C(=[C]1)O[C][C][C][C][C][C][C][C][N]C1=[C][C]=[C]C2=C1[C]N(C2=O)[C]1[C][C]C(=O)[N]C1=O,pocket_anchor,1output_160_Fragments_.xyz
893.8042644000001,-0.7813399999999999,0,10,222.01,19,6,0.06367532825523205,7.93614469774998,12,[C]OC1=[C]C2=C([C][C][N]C(=O)C(=O)/[C]=[C]/C3=[C]C(=[C][C]=C3Br)Br)[C]N=C2C(=[C]1)O[C][C]O[C][C][C]([N]C(=O)[C][N]C1=[C][C]=[C]C2=C1[C]N(C2=O)[C]1[C][C]C(=O)[N]C1=O)[O],pocket_anchor,1output_161_Fragments_.xyz
831.81644654,0.39865000000000145,0,8,161.71,18,6,0.07764858270230783,7.914061684951031,8,[C]OC1=[C]C2=C([C][C][N]C(=O)C(=O)/[C]=[C]/C3=[C]C(=[C][C]=C3Br)Br)[C]N=C2C(=[C]1)O[C][C][C][C][C][C][C][N]C1=[C][C]=[C]C2=C1[C]N(C2=O)[C]1[C][C]C(=O)[N]C1=O,pocket_anchor,1output_163_Fragments_.xyz
883.81136116,0.5913300000000012,0,9,170.94,19,6,0.042102608765561794,5.515802595031797,12,[C]OC1=[C]C2=C([C][C][N]C(=O)C(=O)/[C]=[C]/C3=[C]C(=[C][C]=C3Br)Br)[C]N=C2C(=[C]1)[C]O[C][C][C]/[C]=[C]/[C]O[C]=C=[C][N]C1=[C][C]=[C]C2=C1[C]N(C2=O)[C]1[C][C]C(=O)[N]C1=O,pocket_anchor,1output_165_Fragments_.xyz
877.8093497800002,-0.1336399999999994,0,9,212.77999999999997,17,6,0.0769539095211384,7.896432159174383,11,[O][C][C]([N]C(=O)O[C][C][N]C1=[C][C]=[C]C2=C1[C]N(C2=O)[C]1[C][C]C(=O)[N]C1=O)[C][C]C1=[C]C(=[C]C2=C([C]N=C12)[C][C][N]C(=O)C(=O)/[C]=[C]/C1=[C]C(=[C][C]=C1Br)Br)O[C],pocket_anchor,1output_169_Fragments_.xyz
855.81644654,0.6706500000000004,0,8,161.71,15,7,0.09655744753663315,5.486283190926869,10,[C]OC1=[C]C2=C([C][C][N]C(=O)C(=O)/[C]=[C]/C3=[C]C(=[C][C]=C3Br)Br)[C]N=C2C(=[C]1)[C][C]C1=[C]C(=[C][C]=[C]1)O[C][N]C1=[C][C]=[C]C2=C1[C]N(C2=O)[C]1[C][C]C(=O)[N]C1=O,pocket_anchor,1output_172_Fragments_.xyz
895.7961050200001,0.3171600000000014,0,12,206.47,18,6,0.055904298136740825,7.908558738350099,12,[C]OC1=[C]C2=C([C][C][N]C(=O)C(=O)/[C]=[C]/C3=[C]C(=[C][C]=C3Br)Br)[C]N=C2C(=[C]1)O[C]/[C]=[C]\[C]OC(=O)O[C]O[C][N]C1=[C][C]=[C]C2=C1[C]N(C2=O)[C]1[C][C]C(=O)[N]C1=O,pocket_anchor,1output_176_Fragments_.xyz
871.81136116,0.4928300000000016,0,9,170.94,17,7,0.08175385141741072,5.417802940385132,11,[C]OC1=[C]C2=C([C][C][N]C(=O)C(=O)/[C]=[C]/C3=[C]C(=[C][C]=C3Br)Br)[C]N=C2C(=[C]1)O[C][C][C][C][C][C]1[C]O[C]([C]1)[N]C1=[C][C]=[C]C2=C1[C]N(C2=O)[C]1[C][C]C(=O)[N]C1=O,pocket_anchor,1output_179_Fragments_.xyz
885.7991790200001,-0.6007099999999999,0,11,232.33,18,6,0.03015559369883252,7.941547825215659,11,[C]OC1=[C]C2=C([C][C][N]C(=O)C(=O)/[C]=[C]/C3=[C]C(=[C][C]=C3Br)Br)[C]N=C2C(=[C]1)O[C]OC(/N=[C]\O[C][C][N]C1=[C][C]=[C]C2=C1[C]N(C2=O)[C]1[C][C]C(=O)[N]C1=O)([O])[O],pocket_anchor,1output_182_Fragments_.xyz
827.82153192,0.4917400000000011,0,7,152.48,18,6,0.07886995397214858,7.944607005872148,8,[C]OC1=[C]C2=C([C][C][N]C(=O)C(=O)/[C]=[C]/C3=[C]C(=[C][C]=C3Br)Br)[C]N=C2C(=[C]1)[C][C][C][C][C][C][C][C][N]C1=[C][C]=[C]C2=C1[C]N(C2=O)[C]1[C][C]C(=O)[N]C1=O,pocket_anchor,1output_189_Fragments_.xyz
839.82153192,0.5730300000000013,0,7,152.48,18,6,0.07915380146869604,7.9911925158837835,9,[C]OC1=[C]C2=C([C][C][N]C(=O)C(=O)/[C]=[C]/C3=[C]C(=[C][C]=C3Br)Br)[C]N=C2C(=[C]1)[C]/[C]=[C]/[C][C][C][C][C][C][N]C1=[C][C]=[C]C2=C1[C]N(C2=O)[C]1[C][C]C(=O)[N]C1=O,pocket_anchor,1output_195_Fragments_.xyz
823.81136116,0.16767000000000126,0,9,170.94,16,6,0.06474576734666616,7.850852887997215,7,[C]OC1=[C]C2=C([C][C][N]C(=O)C(=O)/[C]=[C]/C3=[C]C(=[C][C]=C3Br)Br)[C]N=C2C(=[C]1)O[C][C][C]O/[C]=[C]/[N]C1=[C][C]=[C]C2=C1[C]N(C2=O)[C]1[C][C]C(=O)[N]C1=O,pocket_anchor,1output_196_Fragments_.xyz
851.8062757800001,0.13016000000000133,0,9,190.84,17,6,0.07927797636986281,7.879862951297427,9,[C]OC1=[C]C2=C([C][C][N]C(=O)C(=O)/[C]=[C]/C3=[C]C(=[C][C]=C3Br)Br)[C]N=C2C(=[C]1)O[C][C][C](O/[C]=[C]\[C][N]C1=[C][C]=[C]C2=C1[C]N(C2=O)[C]1[C][C]C(=O)[N]C1=O)[O],pocket_anchor,1output_198_Fragments_.xyz
831.81644654,0.39865000000000145,0,8,161.71,18,6,0.07764858270230783,7.914061684951031,8,[C]OC1=[C]C2=C([C][C][N]C(=O)C(=O)/[C]=[C]/C3=[C]C(=[C][C]=C3Br)Br)[C]N=C2C(=[C]1)O[C][C][C][C][C][C][C][N]C1=[C][C]=[C]C2=C1[C]N(C2=O)[C]1[C][C]C(=O)[N]C1=O,pocket_anchor,1output_201_Fragments_.xyz
831.81644654,0.39865000000000145,0,8,161.71,18,6,0.07764858270230783,7.914061684951031,8,[C]OC1=[C]C2=C([C][C][N]C(=O)C(=O)/[C]=[C]/C3=[C]C(=[C][C]=C3Br)Br)[C]N=C2C(=[C]1)O[C][C][C][C][C][C][C][N]C1=[C][C]=[C]C2=C1[C]N(C2=O)[C]1[C][C]C(=O)[N]C1=O,pocket_anchor,1output_206_Fragments_.xyz
875.8062757800001,0.36655000000000143,0,9,190.84,19,6,0.054275837604701005,7.988225686378886,11,[C]OC1=[C]C2=C([C][C][N]C(=O)C(=O)/[C]=[C]/C3=[C]C(=[C][C]=C3Br)Br)[C]N=C2C(=[C]1)O[C][C][C][C]O[C]/[C]=C(\[C][N]C1=[C][C]=[C]C2=C1[C]N(C2=O)[C]1[C][C]C(=O)[N]C1=O)/[O],pocket_anchor,1output_207_Fragments_.xyz
835.81136116,0.26617000000000085,0,9,170.94,16,6,0.02894959583979352,7.876192895142113,8,[C]OC1=[C]C2=C([C][C][N]C(=O)C(=O)/[C]=[C]/C3=[C]C(=[C][C]=C3Br)Br)[C]N=C2C(=[C]1)[C][C]=C=[C]OO[C][C][N]C1=[C][C]=[C]C2=C1[C]N(C2=O)[C]1[C][C]C(=O)[N]C1=O,pocket_anchor,1output_20_Fragments_.xyz
835.81136116,-0.19482999999999967,0,9,178.78,16,6,0.08249674050573733,7.814501942366325,8,[C]OC1=[C]C2=C([C][C][N]C(=O)C(=O)/[C]=[C]/C3=[C]C(=[C][C]=C3Br)Br)[C]N=C2C(=[C]1)O/[C]=[C]/[C]C(=O)[C][C][N]C1=[C][C]=[C]C2=C1[C]N(C2=O)[C]1[C][C]C(=O)[N]C1=O,pocket_anchor,1output_218_Fragments_.xyz
831.81644654,0.4724600000000014,0,8,161.71,16,6,0.06671870354216852,7.8955060749559305,8,[C]OC1=[C]C2=C([C][C][N]C(=O)C(=O)/[C]=[C]/C3=[C]C(=[C][C]=C3Br)Br)[C]N=C2C(=[C]1)O[C][C][C]=C=[C][C][C][N]C1=[C][C]=[C]C2=C1[C]N(C2=O)[C]1[C][C]C(=O)[N]C1=O,pocket_anchor,1output_221_Fragments_.xyz
859.81136116,0.0187600000000005,0,9,178.78,18,6,0.07441278395685012,7.9544198534189885,10,O=[C]/C(=[C]\[C][C]C1=[C]C(=[C]C2=C([C]N=C12)[C][C][N]C(=O)C(=O)/[C]=[C]/C1=[C]C(=[C][C]=C1Br)Br)O[C])/[C]O[C][C][N]C1=[C][C]=[C]C2=C1[C]N(C2=O)[C]1[C][C]C(=O)[N]C1=O,pocket_anchor,1output_226_Fragments_.xyz
843.81644654,0.4233400000000011,0,8,161.71,19,6,0.07321654513247841,7.976069919729938,9,[C]OC1=[C]C2=C([C][C][N]C(=O)C(=O)/[C]=[C]/C3=[C]C(=[C][C]=C3Br)Br)[C]N=C2C(=[C]1)[C][C][C][C][C][C]O[C][C][N]C1=[C][C]=[C]C2=C1[C]N(C2=O)[C]1[C][C]C(=O)[N]C1=O,pocket_anchor,1output_228_Fragments_.xyz
887.8062757800001,0.678640000000001,0,10,189.1,19,6,0.04197570024237583,3.292237368300847,12,[C]OC1=[C]C2=C([C][C][N]C(=O)C(=O)/[C]=[C]/C3=[C]C(=[C][C]=C3Br)Br)[C]N=C2C(=[C]1)O[C][C][C]O/[C]=[C]\[C][C][C](/[C]=N\C1=[C][C]=[C]C2=C1[C]N(C2=O)[C]1[C][C]C(=O)[N]C1=O)[O],pocket_anchor,1output_234_Fragments_.xyz
889.80934978,-0.5812500000000002,0,10,210.31,20,6,0.06143830965653926,7.95480218277992,12,[C]OC1=[C]C2=C([C][C][N]C(=O)C(=O)/[C]=[C]/C3=[C]C(=[C][C]=C3Br)Br)[C]N=C2C(=[C]1)O[C][C](C(=O)[N])O[C][C][C][C][C][N]C1=[C][C]=[C]C2=C1[C]N(C2=O)[C]1[C][C]C(=O)[N]C1=O,pocket_anchor,1output_238_Fragments_.xyz
847.81136116,0.33025000000000143,0,9,170.94,19,6,0.07197900977989874,7.946097323576091,9,[C]OC1=[C]C2=C([C][C][N]C(=O)C(=O)/[C]=[C]/C3=[C]C(=[C][C]=C3Br)Br)[C]N=C2C(=[C]1)O[C][C][C]O[C][C][C][C][N]C1=[C][C]=[C]C2=C1[C]N(C2=O)[C]1[C][C]C(=O)[N]C1=O,pocket_anchor,1output_239_Fragments_.xyz
889.80934978,-0.13745999999999853,0,10,202.47000000000003,21,6,0.06044104547609209,4.901326794020427,12,[C]OC1=[C]C2=C([C][C][N]C(=O)C(=O)/[C]=[C]/C3=[C]C(=[C][C]=C3Br)Br)[C]N=C2C(=[C]1)O[C][C]O[C]O[C][C]([C][C][C][N]C1=[C][C]=[C]C2=C1[C]N(C2=O)[C]1[C][C]C(=O)[N]C1=O)[N],pocket_anchor,1output_245_Fragments_.xyz
861.81443516,-0.5941400000000001,0,9,192.88,18,6,0.07012746778394265,7.905648913248049,10,[C]OC1=[C]C2=C([C][C][N]C(=O)C(=O)/[C]=[C]/C3=[C]C(=[C][C]=C3Br)Br)[C]N=C2C(=[C]1)O[C][C]C(=O)[N][C][C][C][C][N]C1=[C][C]=[C]C2=C1[C]N(C2=O)[C]1[C][C]C(=O)[N]C1=O,pocket_anchor,1output_247_Fragments_.xyz
859.81136116,0.4115400000000015,0,9,170.94,19,6,0.07229461425736586,7.993218652642941,10,[C]OC1=[C]C2=C([C][C][N]C(=O)C(=O)/[C]=[C]/C3=[C]C(=[C][C]=C3Br)Br)[C]N=C2C(=[C]1)O[C][C][C][C][C]O[C]/[C]=[C]/[N]C1=[C][C]=[C]C2=C1[C]N(C2=O)[C]1[C][C]C(=O)[N]C1=O,pocket_anchor,1output_249_Fragments_.xyz
891.8011904,0.5289500000000003,0,11,198.32999999999998,20,6,0.029560037036928548,7.9965732987896585,12,[O]O[C](O[C][C]OC1=[C]C(=[C]C2=C([C]N=C12)[C][C][N]C(=O)C(=O)/[C]=[C]/C1=[C]C(=[C][C]=C1Br)Br)O[C])[C][C][C][C]/[C]=N/C1=[C][C]=[C]C2=C1[C]N(C2=O)[C]1[C][C]C(=O)[N]C1=O,pocket_anchor,1output_253_Fragments_.xyz
861.81443516,-0.5941399999999999,0,9,192.88,18,6,0.07012746778394265,7.905648913248049,10,[C]OC1=[C]C2=C([C][C][N]C(=O)C(=O)/[C]=[C]/C3=[C]C(=[C][C]=C3Br)Br)[C]N=C2C(=[C]1)O[C][C][C][C][N]C(=O)[C][C][N]C1=[C][C]=[C]C2=C1[C]N(C2=O)[C]1[C][C]C(=O)[N]C1=O,pocket_anchor,1output_255_Fragments_.xyz
819.81644654,0.31736000000000136,0,8,161.71,16,6,0.08708677429161066,7.866564676209003,7,[C]OC1=[C]C2=C([C][C][N]C(=O)C(=O)/[C]=[C]/C3=[C]C(=[C][C]=C3Br)Br)[C]N=C2C(=[C]1)O[C][C]/[C]=[C]/[C][C][N]C1=[C][C]=[C]C2=C1[C]N(C2=O)[C]1[C][C]C(=O)[N]C1=O,pocket_anchor,1output_25_Fragments_.xyz
827.82153192,0.4917400000000011,0,7,152.48,17,6,0.08369607208507834,7.944607005872148,8,[C]OC1=[C]C2=C([C][C][N]C(=O)C(=O)/[C]=[C]/C3=[C]C(=[C][C]=C3Br)Br)[C]N=C2C(=[C]1)[C][C][C][C]/[C]=[C]/[C][C][N]C1=[C][C]=[C]C2=C1[C]N(C2=O)[C]1[C][C]C(=O)[N]C1=O,pocket_anchor,1output_260_Fragments_.xyz
847.81136116,0.27985000000000143,0,8,181.61,18,6,0.07632560261213966,7.907402864214698,9,[C]OC1=[C]C2=C([C][C][N]C(=O)C(=O)/[C]=[C]/C3=[C]C(=[C][C]=C3Br)Br)[C]N=C2C(=[C]1)O[C][C][C][C]([C][C][C][N]C1=[C][C]=[C]C2=C1[C]N(C2=O)[C]1[C][C]C(=O)[N]C1=O)[O],pocket_anchor,1output_262_Fragments_.xyz
827.82153192,0.7963500000000006,0,8,150.73999999999998,16,6,0.06859786252699121,7.916008083775136,8,[C]OC1=[C]C2=C([C][C][N]C(=O)C(=O)/[C]=[C]/C3=[C]C(=[C][C]=C3Br)Br)[C]N=C2C(=[C]1)[C][C][C]/[C]=[C]/[C][C]/[C]=N\C1=[C][C]=[C]C2=C1[C]N(C2=O)[C]1[C][C]C(=O)[N]C1=O,pocket_anchor,1output_269_Fragments_.xyz
847.81136116,0.33025000000000143,0,9,170.94,19,6,0.07197900977989874,7.946097323576091,9,[C]OC1=[C]C2=C([C][C][N]C(=O)C(=O)/[C]=[C]/C3=[C]C(=[C][C]=C3Br)Br)[C]N=C2C(=[C]1)O[C][C][C][C][C]O[C][C][N]C1=[C][C]=[C]C2=C1[C]N(C2=O)[C]1[C][C]C(=O)[N]C1=O,pocket_anchor,1output_273_Fragments_.xyz
847.81136116,-0.11353999999999936,0,9,178.78,18,6,0.07369106774423838,7.863614184969416,9,[C]OC1=[C]C2=C([C][C][N]C(=O)C(=O)/[C]=[C]/C3=[C]C(=[C][C]=C3Br)Br)[C]N=C2C(=[C]1)O[C]C(=O)[C][C][C][C][C][N]C1=[C][C]=[C]C2=C1[C]N(C2=O)[C]1[C][C]C(=O)[N]C1=O,pocket_anchor,1output_276_Fragments_.xyz
843.81644654,0.47994000000000153,0,8,161.71,18,6,0.07795600217750032,7.961219919729938,9,[C]OC1=[C]C2=C([C][C][N]C(=O)C(=O)/[C]=[C]/C3=[C]C(=[C][C]=C3Br)Br)[C]N=C2C(=[C]1)O[C][C][C][C][C][C]/[C]=[C]/[N]C1=[C][C]=[C]C2=C1[C]N(C2=O)[C]1[C][C]C(=O)[N]C1=O,pocket_anchor,1output_283_Fragments_.xyz
815.82153192,0.41045000000000104,0,7,152.48,17,6,0.08339033738027238,7.897705035849363,7,[C]OC1=[C]C2=C([C][C][N]C(=O)C(=O)/[C]=[C]/C3=[C]C(=[C][C]=C3Br)Br)[C]N=C2C(=[C]1)[C][C][C][C][C][C][C][N]C1=[C][C]=[C]C2=C1[C]N(C2=O)[C]1[C][C]C(=O)[N]C1=O,pocket_anchor,1output_287_Fragments_.xyz
807.8164465400001,1.7174600000000015,0,8,154.27999999999997,16,6,0.07234190109381218,7.899771242447341,6,[C]OC1=[C]C2=C([C]=[C]1)N([C]=C2[C][C][N]C(=O)C(=O)/[C]=[C]/C1=[C]C(=[C][C]=C1Br)Br)[C][C][C]O[C][C][N]C1=[C][C]=[C]C2=C1[C]N(C2=O)[C]1[C][C]C(=O)[N]C1=O,pocket_anchor,1output_289_Fragments_.xyz
891.8011904000001,0.274740000000001,0,11,189.4,21,6,0.03589460458647412,4.967032512851067,12,[C]OC1=[C]C2=C([C][C][N]C(=O)C(=O)/[C]=[C]/C3=[C]C(=[C][C]=C3Br)Br)[C]N=C2C(=[C]1)OO[C][C](O[C][C][C][C][C]O[N]C1=[C][C]=[C]C2=C1[C]N(C2=O)[C]1[C][C]C(=O)[N]C1=O)[C],pocket_anchor,1output_291_Fragments_.xyz
847.81136116,0.33025000000000143,0,9,170.94,19,6,0.07197900977989874,7.946097323576091,9,[C]OC1=[C]C2=C([C][C][N]C(=O)C(=O)/[C]=[C]/C3=[C]C(=[C][C]=C3Br)Br)[C]N=C2C(=[C]1)O[C][C][C][C][C]O[C][C][N]C1=[C][C]=[C]C2=C1[C]N(C2=O)[C]1[C][C]C(=O)[N]C1=O,pocket_anchor,1output_292_Fragments_.xyz
879.8011904000001,0.1430500000000014,0,10,200.07000000000002,20,6,0.06559888760071324,7.973561350714551,11,[C]OC1=[C]C2=C([C][C][N]C(=O)C(=O)/[C]=[C]/C3=[C]C(=[C][C]=C3Br)Br)[C]N=C2C(=[C]1)O[C]O[C][C]O[C][C][C]([C][N]C1=[C][C]=[C]C2=C1[C]N(C2=O)[C]1[C][C]C(=O)[N]C1=O)[O],pocket_anchor,1output_293_Fragments_.xyz
883.7961050200001,0.18547000000000063,0,11,217.14,17,6,0.07760546410099134,7.839721183564627,11,[O][C][C]([C]OC1=[C]C(=[C]C2=C([C]N=C12)[C][C][N]C(=O)C(=O)/[C]=[C]/C1=[C]C(=[C][C]=C1Br)Br)O[C])O[C][C]OC(=O)[N]C1=[C][C]=[C]C2=C1[C]N(C2=O)[C]1[C][C]C(=O)[N]C1=O,pocket_anchor,1output_295_Fragments_.xyz
803.8215319200001,1.8671500000000019,0,7,145.04999999999998,16,6,0.07326432432954814,7.915795185391814,6,[C]OC1=[C]C2=C([C]=[C]1)N([C]=C2[C][C][N]C(=O)C(=O)/[C]=[C]/C1=[C]C(=[C][C]=C1Br)Br)[C][C][C][C][C][C][N]C1=[C][C]=[C]C2=C1[C]N(C2=O)[C]1[C][C]C(=O)[N]C1=O,pocket_anchor,1output_297_Fragments_.xyz
859.81136116,0.4115400000000015,0,9,170.94,20,6,0.06814028098939659,7.993218652642941,10,[C]OC1=[C]C2=C([C][C][N]C(=O)C(=O)/[C]=[C]/C3=[C]C(=[C][C]=C3Br)Br)[C]N=C2C(=[C]1)O[C][C][C][C][C]O[C][C][C][N]C1=[C][C]=[C]C2=C1[C]N(C2=O)[C]1[C][C]C(=O)[N]C1=O,pocket_anchor,1output_298_Fragments_.xyz
863.8062757800001,0.2618500000000014,0,10,180.17000000000002,20,6,0.06671420099792459,7.978374386479657,10,[C]OC1=[C]C2=C([C][C][N]C(=O)C(=O)/[C]=[C]/C3=[C]C(=[C][C]=C3Br)Br)[C]N=C2C(=[C]1)O[C][C]O[C][C][C]O[C][C][N]C1=[C][C]=[C]C2=C1[C]N(C2=O)[C]1[C][C]C(=O)[N]C1=O,pocket_anchor,1output_2_Fragments_.xyz
835.81136116,0.24896000000000135,0,9,170.94,17,6,0.080689720402441,7.898650121991697,8,[C]OC1=[C]C2=C([C][C][N]C(=O)C(=O)/[C]=[C]/C3=[C]C(=[C][C]=C3Br)Br)[C]N=C2C(=[C]1)O[C][C]O[C][C]/[C]=[C]/[N]C1=[C][C]=[C]C2=C1[C]N(C2=O)[C]1[C][C]C(=O)[N]C1=O,pocket_anchor,1output_300_Fragments_.xyz
823.81136116,0.2414800000000012,0,9,170.94,15,6,0.052449152686800664,7.831935805080131,7,[C]OC1=[C]C2=C([C][C][N]C(=O)C(=O)/[C]=[C]/C3=[C]C(=[C][C]=C3Br)Br)[C]N=C2C(=[C]1)O[C]=C=[C]O[C][C][N]C1=[C][C]=[C]C2=C1[C]N(C2=O)[C]1[C][C]C(=O)[N]C1=O,pocket_anchor,1output_301_Fragments_.xyz
815.82153192,0.41045000000000104,0,7,152.48,16,6,0.08848944060698363,7.897705035849363,7,[C]OC1=[C]C2=C([C][C][N]C(=O)C(=O)/[C]=[C]/C3=[C]C(=[C][C]=C3Br)Br)[C]N=C2C(=[C]1)[C][C]/[C]=[C]/[C][C][C][N]C1=[C][C]=[C]C2=C1[C]N(C2=O)[C]1[C][C]C(=O)[N]C1=O,pocket_anchor,1output_304_Fragments_.xyz
815.82153192,0.41045000000000104,0,7,152.48,17,6,0.08339033738027238,7.897705035849363,7,[C]OC1=[C]C2=C([C][C][N]C(=O)C(=O)/[C]=[C]/C3=[C]C(=[C][C]=C3Br)Br)[C]N=C2C(=[C]1)[C][C][C][C][C][C][C][N]C1=[C][C]=[C]C2=C1[C]N(C2=O)[C]1[C][C]C(=O)[N]C1=O,pocket_anchor,1output_306_Fragments_.xyz
863.8062757800001,0.21145000000000141,0,9,190.84,18,6,0.07508598836315589,7.928283955983091,10,[C]OC1=[C]C2=C([C][C][N]C(=O)C(=O)/[C]=[C]/C3=[C]C(=[C][C]=C3Br)Br)[C]N=C2C(=[C]1)O[C][C](O[C]/[C]=[C]\[C][C][N]C1=[C][C]=[C]C2=C1[C]N(C2=O)[C]1[C][C]C(=O)[N]C1=O)[O],pocket_anchor,1output_309_Fragments_.xyz
891.8011904000001,0.22434000000000148,0,10,200.07000000000002,20,6,0.050094545272580344,3.363004759556029,12,[C]OC1=[C]C2=C([C][C][N]C(=O)C(=O)/[C]=[C]/C3=[C]C(=[C][C]=C3Br)Br)[C]N=C2C(=[C]1)O/[C]=[C]\[C][C]O[C][C]O[C]([C][N]C1=[C][C]=[C]C2=C1[C]N(C2=O)[C]1[C][C]C(=O)[N]C1=O)[O],pocket_anchor,1output_30_Fragments_.xyz
819.81644654,0.31736000000000136,0,8,161.71,16,6,0.08708677429161066,7.866564676209003,7,[C]OC1=[C]C2=C([C][C][N]C(=O)C(=O)/[C]=[C]/C3=[C]C(=[C][C]=C3Br)Br)[C]N=C2C(=[C]1)O[C][C][C]/[C]=[C]/[C][N]C1=[C][C]=[C]C2=C1[C]N(C2=O)[C]1[C][C]C(=O)[N]C1=O,pocket_anchor,1output_310_Fragments_.xyz
851.82153192,0.6543200000000013,0,7,152.48,18,7,0.07943111883515104,4.790423942698004,10,[C]OC1=[C]C2=C([C][C][N]C(=O)C(=O)/[C]=[C]/C3=[C]C(=[C][C]=C3Br)Br)[C]N=C2C(=[C]1)[C][C][C][C][C][C][C]1[C][C]1[C][N]C1=[C][C]=[C]C2=C1[C]N(C2=O)[C]1[C][C]C(=O)[N]C1=O,pocket_anchor,1output_311_Fragments_.xyz
847.81136116,0.27985000000000143,0,8,181.61,18,6,0.07632560261213966,7.907402864214698,9,[C]OC1=[C]C2=C([C][C][N]C(=O)C(=O)/[C]=[C]/C3=[C]C(=[C][C]=C3Br)Br)[C]N=C2C(=[C]1)O[C][C][C]([C][C][C][C][N]C1=[C][C]=[C]C2=C1[C]N(C2=O)[C]1[C][C]C(=O)[N]C1=O)[O],pocket_anchor,1output_313_Fragments_.xyz
843.81644654,0.47994000000000153,0,8,161.71,19,6,0.07346486656106334,7.961219919729938,9,[C]OC1=[C]C2=C([C][C][N]C(=O)C(=O)/[C]=[C]/C3=[C]C(=[C][C]=C3Br)Br)[C]N=C2C(=[C]1)O[C][C][C][C][C][C][C][C][N]C1=[C][C]=[C]C2=C1[C]N(C2=O)[C]1[C][C]C(=O)[N]C1=O,pocket_anchor,1output_31_Fragments_.xyz
869.8042644000001,-0.06550999999999912,0,11,219.17999999999998,14,6,0.0909456912490377,7.759560772885995,10,[C]OC1=[C]C2=C([C][C][N]C(=O)C(=O)/[C]=[C]/C3=[C]C(=[C][C]=C3Br)Br)[C]N=C2C(=[C]1)O[C][C][C]OC(=O)[N]C(=O)[N]C1=[C][C]=[C]C2=C1[C]N(C2=O)[C]1[C][C]C(=O)[N]C1=O,pocket_anchor,1output_320_Fragments_.xyz
835.8113611600002,1.2361600000000017,0,8,182.01999999999998,15,6,0.09812464053348435,7.845359493425686,8,[C]OC1=[C]C2=C([C]=[C]1)N([C]=C2[C][C][N]C(=O)C(=O)/[C]=[C]/C1=[C]C(=[C][C]=C1Br)Br)[C][C]([C][C][C]C(=O)[N]C1=[C][C]=[C]C2=C1[C]N(C2=O)[C]1[C][C]C(=O)[N]C1=O)[O],pocket_anchor,1output_322_Fragments_.xyz
803.8215319200001,1.8671500000000019,0,7,145.04999999999998,15,6,0.07773323971660143,7.915795185391814,6,[C]OC1=[C]C2=C([C]=[C]1)N([C]=C2[C][C][N]C(=O)C(=O)/[C]=[C]/C1=[C]C(=[C][C]=C1Br)Br)[C][C][C][C]/[C]=[C]/[N]C1=[C][C]=[C]C2=C1[C]N(C2=O)[C]1[C][C]C(=O)[N]C1=O,pocket_anchor,1output_336_Fragments_.xyz
815.8215319200001,1.7439300000000013,0,6,154.22,16,6,0.09298811037820841,7.908594046838373,7,[C]OC1=[C]C2=C([C]=[C]1)[N][C]([C]2[C][C][N]C(=O)C(=O)/[C]=[C]/C1=[C]C(=[C][C]=C1Br)Br)[C]/[C]=[C]/[C][C][C][C][N]C1=[C][C]=[C]C2=C1[C]N(C2=O)[C]1[C][C]C(=O)[N]C1=O,pocket_anchor,1output_338_Fragments_.xyz
843.81644654,-0.020449999999999247,0,8,169.54999999999998,17,6,0.07967070548774008,7.893775288017311,9,[C]OC1=[C]C2=C([C][C][N]C(=O)C(=O)/[C]=[C]/C3=[C]C(=[C][C]=C3Br)Br)[C]N=C2C(=[C]1)[C][C][C][C]C(=O)[C]/[C]=[C]/[N]C1=[C][C]=[C]C2=C1[C]N(C2=O)[C]1[C][C]C(=O)[N]C1=O,pocket_anchor,1output_33_Fragments_.xyz
859.81136116,0.4115400000000015,0,9,170.94,20,6,0.06814028098939659,7.993218652642941,10,[C]OC1=[C]C2=C([C][C][N]C(=O)C(=O)/[C]=[C]/C3=[C]C(=[C][C]=C3Br)Br)[C]N=C2C(=[C]1)O[C][C][C]O[C][C][C][C][C][N]C1=[C][C]=[C]C2=C1[C]N(C2=O)[C]1[C][C]C(=O)[N]C1=O,pocket_anchor,1output_348_Fragments_.xyz
815.82153192,0.41045000000000104,0,7,152.48,17,6,0.08339033738027238,7.897705035849363,7,[C]OC1=[C]C2=C([C][C][N]C(=O)C(=O)/[C]=[C]/C3=[C]C(=[C][C]=C3Br)Br)[C]N=C2C(=[C]1)[C][C][C][C][C][C][C][N]C1=[C][C]=[C]C2=C1[C]N(C2=O)[C]1[C][C]C(=O)[N]C1=O,pocket_anchor,1output_349_Fragments_.xyz
819.8164465400001,1.7987500000000016,0,8,154.27999999999997,17,6,0.06818106202562318,7.946053287597614,7,[C]OC1=[C]C2=C([C]=[C]1)N([C]=C2[C][C][N]C(=O)C(=O)/[C]=[C]/C1=[C]C(=[C][C]=C1Br)Br)[C][C][C][C][C]O[C][N]C1=[C][C]=[C]C2=C1[C]N(C2=O)[C]1[C][C]C(=O)[N]C1=O,pocket_anchor,1output_34_Fragments_.xyz
843.81644654,0.4233400000000011,0,8,161.71,19,6,0.07321654513247841,7.976069919729938,9,[C]OC1=[C]C2=C([C][C][N]C(=O)C(=O)/[C]=[C]/C3=[C]C(=[C][C]=C3Br)Br)[C]N=C2C(=[C]1)[C][C][C][C][C][C][C]O[C][N]C1=[C][C]=[C]C2=C1[C]N(C2=O)[C]1[C][C]C(=O)[N]C1=O,pocket_anchor,1output_354_Fragments_.xyz
835.81136116,0.24896000000000135,0,9,170.94,18,6,0.07603695580477136,7.898650121991697,8,[C]OC1=[C]C2=C([C][C][N]C(=O)C(=O)/[C]=[C]/C3=[C]C(=[C][C]=C3Br)Br)[C]N=C2C(=[C]1)O[C][C][C][C]O[C][C][N]C1=[C][C]=[C]C2=C1[C]N(C2=O)[C]1[C][C]C(=O)[N]C1=O,pocket_anchor,1output_357_Fragments_.xyz
827.78851754,0.8029800000000009,0,9,161.71,16,6,0.08877166406933493,7.809257742702054,6,[C]OC1=[C]C2=C([C][C][N]C(=O)C(=O)/[C]=[C]/C3=[C]C(=[C][C]=C3Br)Br)[C]N=C2C(=[C]1)O[C][C]S[C][C][N]C1=[C][C]=[C]C2=C1[C]N(C2=O)[C]1[C][C]C(=O)[N]C1=O,pocket_anchor,1output_359_Fragments_.xyz
819.81644654,0.15818000000000126,0,8,161.71,14,6,0.07364592392307014,7.807078362522689,7,[C]OC1=[C]C2=C([C][C][N]C(=O)C(=O)/[C]=[C]/C3=[C]C(=[C][C]=C3Br)Br)[C]N=C2C(=[C]1)O[C][C]C#C[C][C][N]C1=[C][C]=[C]C2=C1[C]N(C2=O)[C]1[C][C]C(=O)[N]C1=O,pocket_anchor,1output_362_Fragments_.xyz
843.81644654,0.47994000000000153,0,8,161.71,17,6,0.0628419625121322,7.961219919729938,9,[C]OC1=[C]C2=C([C][C][N]C(=O)C(=O)/[C]=[C]/C3=[C]C(=[C][C]=C3Br)Br)[C]N=C2C(=[C]1)O/[C]=[C]\[C]/[C]=[C]/[C][C][C][N]C1=[C][C]=[C]C2=C1[C]N(C2=O)[C]1[C][C]C(=O)[N]C1=O,pocket_anchor,1output_365_Fragments_.xyz
843.81644654,0.4233400000000011,0,8,161.71,17,6,0.06262954797118803,7.976069919729938,9,[C]OC1=[C]C2=C([C][C][N]C(=O)C(=O)/[C]=[C]/C3=[C]C(=[C][C]=C3Br)Br)[C]N=C2C(=[C]1)[C][C]O[C][C]/[C]=[C]/[C]=[C]/[N]C1=[C][C]=[C]C2=C1[C]N(C2=O)[C]1[C][C]C(=O)[N]C1=O,pocket_anchor,1output_371_Fragments_.xyz
871.81136116,0.4928300000000016,0,9,170.94,20,6,0.06842941738772192,4.782034687339076,11,[C]OC1=[C]C2=C([C][C][N]C(=O)C(=O)/[C]=[C]/C3=[C]C(=[C][C]=C3Br)Br)[C]N=C2C(=[C]1)O[C]O[C][C][C][C][C][C]/[C]=[C]/[N]C1=[C][C]=[C]C2=C1[C]N(C2=O)[C]1[C][C]C(=O)[N]C1=O,pocket_anchor,1output_375_Fragments_.xyz
847.81136116,0.223250000000001,0,8,181.61,17,6,0.061291956203087375,7.922346260441113,9,[C]OC1=[C]C2=C([C][C][N]C(=O)C(=O)/[C]=[C]/C3=[C]C(=[C][C]=C3Br)Br)[C]N=C2C(=[C]1)[C][C]([C][C][C]O/[C]=[C]/[N]C1=[C][C]=[C]C2=C1[C]N(C2=O)[C]1[C][C]C(=O)[N]C1=O)[O],pocket_anchor,1output_379_Fragments_.xyz
835.81136116,0.24896000000000135,0,9,170.94,18,6,0.07603695580477136,7.898650121991697,8,[C]OC1=[C]C2=C([C][C][N]C(=O)C(=O)/[C]=[C]/C3=[C]C(=[C][C]=C3Br)Br)[C]N=C2C(=[C]1)O[C][C]O[C][C][C][C][N]C1=[C][C]=[C]C2=C1[C]N(C2=O)[C]1[C][C]C(=O)[N]C1=O,pocket_anchor,1output_385_Fragments_.xyz
871.81136116,0.44243000000000093,0,8,181.60999999999999,20,6,0.06840370011263336,3.9106693445318683,11,[O][C][C]([C][C]OC1=[C]C(=[C]C2=C([C]N=C12)[C][C][N]C(=O)C(=O)/[C]=[C]/C1=[C]C(=[C][C]=C1Br)Br)O[C])[C][C][C][C][C][N]C1=[C][C]=[C]C2=C1[C]N(C2=O)[C]1[C][C]C(=O)[N]C1=O,pocket_anchor,1output_388_Fragments_.xyz
819.81644654,0.3911700000000013,0,8,161.71,15,6,0.07052051680036889,7.84764759329192,7,[C]OC1=[C]C2=C([C][C][N]C(=O)C(=O)/[C]=[C]/C3=[C]C(=[C][C]=C3Br)Br)[C]N=C2C(=[C]1)O[C][C][C]=C=[C][C][N]C1=[C][C]=[C]C2=C1[C]N(C2=O)[C]1[C][C]C(=O)[N]C1=O,pocket_anchor,1output_38_Fragments_.xyz
863.8062757800001,0.5160600000000013,0,10,189.1,18,6,0.05818913195109175,7.912661733760869,10,[C]OC1=[C]C2=C([C][C][N]C(=O)C(=O)/[C]=[C]/C3=[C]C(=[C][C]=C3Br)Br)[C]N=C2C(=[C]1)O[C][C][C]([C]O[C][C]/[C]=N/C1=[C][C]=[C]C2=C1[C]N(C2=O)[C]1[C][C]C(=O)[N]C1=O)[O],pocket_anchor,1output_391_Fragments_.xyz
865.80934978,-0.43921999999999983,0,10,200.37,17,6,0.05676607123918586,7.870267716666852,10,[C]OC1=[C]C2=C([C][C][N]C(=O)C(=O)/[C]=[C]/C3=[C]C(=[C][C]=C3Br)Br)[C]N=C2C(=[C]1)O[C][C]O[C]/[C]=N/C(=O)[C][N]C1=[C][C]=[C]C2=C1[C]N(C2=O)[C]1[C][C]C(=O)[N]C1=O,pocket_anchor,1output_396_Fragments_.xyz
875.8062757800001,0.3431400000000015,0,10,180.17000000000002,20,6,0.050920299614376156,4.329370626688152,11,[C]OC1=[C]C2=C([C][C][N]C(=O)C(=O)/[C]=[C]/C3=[C]C(=[C][C]=C3Br)Br)[C]N=C2C(=[C]1)O[C][C][C]O[C]O/[C]=[C]\[C][C][N]C1=[C][C]=[C]C2=C1[C]N(C2=O)[C]1[C][C]C(=O)[N]C1=O,pocket_anchor,1output_402_Fragments_.xyz
871.81136116,0.44243000000000166,0,8,181.61,20,6,0.06840370011263336,2.1535088505253324,11,[C]OC1=[C]C2=C([C][C][N]C(=O)C(=O)/[C]=[C]/C3=[C]C(=[C][C]=C3Br)Br)[C]N=C2C(=[C]1)O[C][C][C][C][C][C][C][C]([C][N]C1=[C][C]=[C]C2=C1[C]N(C2=O)[C]1[C][C]C(=O)[N]C1=O)[O],pocket_anchor,1output_403_Fragments_.xyz
819.81644654,0.31736000000000136,0,8,161.71,17,6,0.08206849811370497,7.866564676209003,7,[C]OC1=[C]C2=C([C][C][N]C(=O)C(=O)/[C]=[C]/C3=[C]C(=[C][C]=C3Br)Br)[C]N=C2C(=[C]1)O[C][C][C][C][C][C][N]C1=[C][C]=[C]C2=C1[C]N(C2=O)[C]1[C][C]C(=O)[N]C1=O,pocket_anchor,1output_405_Fragments_.xyz
875.8062757800001,-0.10064999999999885,0,10,188.01,19,6,0.06863731507815542,7.9386992528124525,11,[C]OC1=[C]C2=C([C][C][N]C(=O)C(=O)/[C]=[C]/C3=[C]C(=[C][C]=C3Br)Br)[C]N=C2C(=[C]1)O[C][C][C][C][C]O[C][C]C(=O)[N]C1=[C][C]=[C]C2=C1[C]N(C2=O)[C]1[C][C]C(=O)[N]C1=O,pocket_anchor,1output_409_Fragments_.xyz
815.82153192,0.41045000000000104,0,7,152.48,17,6,0.08339033738027238,7.897705035849363,7,[C]OC1=[C]C2=C([C][C][N]C(=O)C(=O)/[C]=[C]/C3=[C]C(=[C][C]=C3Br)Br)[C]N=C2C(=[C]1)[C][C][C][C][C][C][C][N]C1=[C][C]=[C]C2=C1[C]N(C2=O)[C]1[C][C]C(=O)[N]C1=O,pocket_anchor,1output_420_Fragments_.xyz
895.79610502,0.07465000000000002,0,11,209.29999999999995,21,6,0.03512650085476657,3.2779813289898216,12,[O]O[C](O[C]O[C][C][C][N]C1=[C][C]=[C]C2=C1[C]N(C2=O)[C]1[C][C]C(=O)[N]C1=O)[C][C]OC1=[C]C(=[C]C2=C([C]N=C12)[C][C][N]C(=O)C(=O)/[C]=[C]/C1=[C]C(=[C][C]=C1Br)Br)O[C],pocket_anchor,1output_422_Fragments_.xyz
831.81644654,0.342050000000001,0,8,161.71,18,6,0.07737188760211969,7.929195442912814,8,[C]OC1=[C]C2=C([C][C][N]C(=O)C(=O)/[C]=[C]/C3=[C]C(=[C][C]=C3Br)Br)[C]N=C2C(=[C]1)[C][C][C][C]O[C][C][C][N]C1=[C][C]=[C]C2=C1[C]N(C2=O)[C]1[C][C]C(=O)[N]C1=O,pocket_anchor,1output_425_Fragments_.xyz
891.8011904000001,-0.1690499999999993,0,11,197.24,20,6,0.04832457820568241,7.944454892196252,12,[C]OC1=[C]C2=C([C][C][N]C(=O)C(=O)/[C]=[C]/C3=[C]C(=[C][C]=C3Br)Br)[C]N=C2C(=[C]1)O[C][C][C]O[C][C][C]OC(=O)[C][N]C1=[C][C]=[C]C2=C1[C]N(C2=O)[C]1[C][C]C(=O)[N]C1=O,pocket_anchor,1output_427_Fragments_.xyz
859.81136116,0.3611400000000015,0,8,181.61,18,6,0.07667282733767404,7.955313870513006,10,[C]OC1=[C]C2=C([C][C][N]C(=O)C(=O)/[C]=[C]/C3=[C]C(=[C][C]=C3Br)Br)[C]N=C2C(=[C]1)O[C][C][C][C]/[C]=[C]/[C]([C][N]C1=[C][C]=[C]C2=C1[C]N(C2=O)[C]1[C][C]C(=O)[N]C1=O)[O],pocket_anchor,1output_428_Fragments_.xyz
851.82153192,0.9589300000000012,0,8,150.73999999999998,19,6,0.05770799505996199,3.388577413212361,10,[C]OC1=[C]C2=C([C][C][N]C(=O)C(=O)/[C]=[C]/C3=[C]C(=[C][C]=C3Br)Br)[C]N=C2C(=[C]1)[C][C][C][C][C][C][C][C][C]/[C]=N/C1=[C][C]=[C]C2=C1[C]N(C2=O)[C]1[C][C]C(=O)[N]C1=O,pocket_anchor,1output_432_Fragments_.xyz
803.82153192,0.32916000000000095,0,7,152.48,16,6,0.08816332366238273,7.850462429406078,6,[C]OC1=[C]C2=C([C][C][N]C(=O)C(=O)/[C]=[C]/C3=[C]C(=[C][C]=C3Br)Br)[C]N=C2C(=[C]1)[C][C][C][C][C][C][N]C1=[C][C]=[C]C2=C1[C]N(C2=O)[C]1[C][C]C(=O)[N]C1=O,pocket_anchor,1output_43_Fragments_.xyz
831.81644654,0.342050000000001,0,8,161.71,17,6,0.08210633778729434,7.929195442912814,8,[C]OC1=[C]C2=C([C][C][N]C(=O)C(=O)/[C]=[C]/C3=[C]C(=[C][C]=C3Br)Br)[C]N=C2C(=[C]1)[C]O[C][C][C][C]/[C]=[C]/[N]C1=[C][C]=[C]C2=C1[C]N(C2=O)[C]1[C][C]C(=O)[N]C1=O,pocket_anchor,1output_442_Fragments_.xyz
831.81644654,0.4896700000000009,0,8,161.71,14,6,0.07516252327380825,7.892084222922613,8,[C]OC1=[C]C2=C([C][C][N]C(=O)C(=O)/[C]=[C]/C3=[C]C(=[C][C]=C3Br)Br)[C]N=C2C(=[C]1)[C][C]=C=[C]O[C]=C=[C][N]C1=[C][C]=[C]C2=C1[C]N(C2=O)[C]1[C][C]C(=O)[N]C1=O,pocket_anchor,1output_445_Fragments_.xyz
819.81644654,0.31736000000000136,0,8,161.71,17,6,0.08206849811370497,7.866564676209003,7,[C]OC1=[C]C2=C([C][C][N]C(=O)C(=O)/[C]=[C]/C3=[C]C(=[C][C]=C3Br)Br)[C]N=C2C(=[C]1)O[C][C][C][C][C][C][N]C1=[C][C]=[C]C2=C1[C]N(C2=O)[C]1[C][C]C(=O)[N]C1=O,pocket_anchor,1output_446_Fragments_.xyz
875.8062757800001,0.3431400000000015,0,10,180.17000000000002,21,6,0.04800750743834759,4.581036338378674,11,[C]OC1=[C]C2=C([C][C][N]C(=O)C(=O)/[C]=[C]/C3=[C]C(=[C][C]=C3Br)Br)[C]N=C2C(=[C]1)O[C][C][C][C][C][C]O[C][C]O[N]C1=[C][C]=[C]C2=C1[C]N(C2=O)[C]1[C][C]C(=O)[N]C1=O,pocket_anchor,1output_449_Fragments_.xyz
851.8062757800001,0.1805600000000009,0,10,180.17000000000002,19,6,0.040642159312817394,7.912296265883784,9,[C]OC1=[C]C2=C([C][C][N]C(=O)C(=O)/[C]=[C]/C3=[C]C(=[C][C]=C3Br)Br)[C]N=C2C(=[C]1)O[C][C]OO[C][C][C][C][N]C1=[C][C]=[C]C2=C1[C]N(C2=O)[C]1[C][C]C(=O)[N]C1=O,pocket_anchor,1output_452_Fragments_.xyz
889.80934978,-0.6316499999999999,0,9,212.78,19,6,0.06529914623048652,7.9402255821350565,12,[C]OC1=[C]C2=C([C][C][N]C(=O)C(=O)/[C]=[C]/C3=[C]C(=[C][C]=C3Br)Br)[C]N=C2C(=[C]1)O[C][C][C][C](C(=O)[N][C][C][C][N]C1=[C][C]=[C]C2=C1[C]N(C2=O)[C]1[C][C]C(=O)[N]C1=O)[O],pocket_anchor,1output_45_Fragments_.xyz
823.81136116,0.16767000000000126,0,9,170.94,17,6,0.08032097519452364,7.850852887997215,7,[C]OC1=[C]C2=C([C][C][N]C(=O)C(=O)/[C]=[C]/C3=[C]C(=[C][C]=C3Br)Br)[C]N=C2C(=[C]1)O[C][C][C][C]O[C][N]C1=[C][C]=[C]C2=C1[C]N(C2=O)[C]1[C][C]C(=O)[N]C1=O,pocket_anchor,1output_460_Fragments_.xyz
847.81136116,0.33025000000000143,0,9,170.94,19,6,0.05467799218993311,7.953656458191476,9,[C]OC1=[C]C2=C([C][C][N]C(=O)C(=O)/[C]=[C]/C3=[C]C(=[C][C]=C3Br)Br)[C]N=C2C(=[C]1)O[C][C][C][C][C][C][C]O[N]C1=[C][C]=[C]C2=C1[C]N(C2=O)[C]1[C][C]C(=O)[N]C1=O,pocket_anchor,1output_461_Fragments_.xyz
881.8042644000001,-0.9514099999999999,0,11,217.44,16,6,0.042927571639447167,7.787758425590893,11,[C]OC1=[C]C2=C([C][C][N]C(=O)C(=O)/[C]=[C]/C3=[C]C(=[C][C]=C3Br)Br)[C]N=C2C(=[C]1)O[C][C]OC(=O)/[C]=N/C(=O)[C][N]C1=[C][C]=[C]C2=C1[C]N(C2=O)[C]1[C][C]C(=O)[N]C1=O,pocket_anchor,1output_464_Fragments_.xyz
863.8062757800001,0.5160600000000013,0,10,189.1,18,6,0.05818913195109175,7.912661733760869,10,[C]OC1=[C]C2=C([C][C][N]C(=O)C(=O)/[C]=[C]/C3=[C]C(=[C][C]=C3Br)Br)[C]N=C2C(=[C]1)O[C][C]([C][C][C]O[C]/[C]=N/C1=[C][C]=[C]C2=C1[C]N(C2=O)[C]1[C][C]C(=O)[N]C1=O)[O],pocket_anchor,1output_466_Fragments_.xyz
859.81136116,0.6091500000000005,0,9,179.87,18,6,0.059136987118176526,7.942264297863433,10,[C]OC1=[C]C2=C([C][C][N]C(=O)C(=O)/[C]=[C]/C3=[C]C(=[C][C]=C3Br)Br)[C]N=C2C(=[C]1)[C]O[C][C][C]([C][C][C]/[C]=N\C1=[C][C]=[C]C2=C1[C]N(C2=O)[C]1[C][C]C(=O)[N]C1=O)[O],pocket_anchor,1output_470_Fragments_.xyz
831.81644654,0.39865000000000145,0,8,161.71,18,6,0.07764858270230783,7.914061684951031,8,[C]OC1=[C]C2=C([C][C][N]C(=O)C(=O)/[C]=[C]/C3=[C]C(=[C][C]=C3Br)Br)[C]N=C2C(=[C]1)O[C][C][C][C][C][C][C][N]C1=[C][C]=[C]C2=C1[C]N(C2=O)[C]1[C][C]C(=O)[N]C1=O,pocket_anchor,1output_471_Fragments_.xyz
843.81644654,0.7845500000000014,0,9,159.97,18,6,0.060220899071944375,7.933157227422246,9,[C]OC1=[C]C2=C([C][C][N]C(=O)C(=O)/[C]=[C]/C3=[C]C(=[C][C]=C3Br)Br)[C]N=C2C(=[C]1)O[C][C][C][C][C][C][C]/[C]=N/C1=[C][C]=[C]C2=C1[C]N(C2=O)[C]1[C][C]C(=O)[N]C1=O,pocket_anchor,1output_472_Fragments_.xyz
803.82153192,0.4745900000000007,0,8,150.73999999999998,12,6,0.08550691278716616,7.7600589653204946,6,[C]OC1=[C]C2=C([C][C][N]C(=O)C(=O)/[C]=[C]/C3=[C]C(=[C][C]=C3Br)Br)[C]N=C2C(=[C]1)[C][C]C#C[C]/[C]=N/C1=[C][C]=[C]C2=C1[C]N(C2=O)[C]1[C][C]C(=O)[N]C1=O,pocket_anchor,1output_483_Fragments_.xyz
831.8164465400001,1.528940000000002,0,8,154.27999999999997,18,6,0.06382747225323068,7.992031405676165,8,[C]OC1=[C]C2=C([C]=[C]1)N([C]=C2[C][C][N]C(=O)C(=O)/[C]=[C]/C1=[C]C(=[C][C]=C1Br)Br)O[C][C][C][C][C][C][C][N]C1=[C][C]=[C]C2=C1[C]N(C2=O)[C]1[C][C]C(=O)[N]C1=O,pocket_anchor,1output_48_Fragments_.xyz
819.81644654,0.31736000000000136,0,8,161.71,15,6,0.07018965616956006,7.866564676209003,7,[C]OC1=[C]C2=C([C][C][N]C(=O)C(=O)/[C]=[C]/C3=[C]C(=[C][C]=C3Br)Br)[C]N=C2C(=[C]1)O/[C]=[C]/[C][C]/[C]=[C]\[N]C1=[C][C]=[C]C2=C1[C]N(C2=O)[C]1[C][C]C(=O)[N]C1=O,pocket_anchor,1output_491_Fragments_.xyz
889.8093497800002,-0.13745999999999955,0,10,202.46999999999997,21,6,0.06044104547609209,4.173458909877546,12,[N][C]O[C](O[C][C][C][N]C1=[C][C]=[C]C2=C1[C]N(C2=O)[C]1[C][C]C(=O)[N]C1=O)[C][C][C]OC1=[C]C(=[C]C2=C([C]N=C12)[C][C][N]C(=O)C(=O)/[C]=[C]/C1=[C]C(=[C][C]=C1Br)Br)O[C],pocket_anchor,1output_497_Fragments_.xyz
889.80934978,-0.2766399999999996,0,10,200.37,18,6,0.054223186992301095,7.968145002086362,12,[C]OC1=[C]C2=C([C][C][N]C(=O)C(=O)/[C]=[C]/C3=[C]C(=[C][C]=C3Br)Br)[C]N=C2C(=[C]1)O[C][C]O[C]/[C]=[C]/C(=O)/N=[C]/[C][N]C1=[C][C]=[C]C2=C1[C]N(C2=O)[C]1[C][C]C(=O)[N]C1=O,pocket_anchor,1output_4_Fragments_.xyz
847.81136116,-0.1701399999999998,0,9,178.78,17,6,0.05912631489824464,7.841099816319197,9,[C]OC1=[C]C2=C([C][C][N]C(=O)C(=O)/[C]=[C]/C3=[C]C(=[C][C]=C3Br)Br)[C]N=C2C(=[C]1)[C][C]C(=O)O[C][C][C][C][N]C1=[C][C]=[C]C2=C1[C]N(C2=O)[C]1[C][C]C(=O)[N]C1=O,pocket_anchor,1output_500_Fragments_.xyz
835.8113611600002,1.2865600000000013,0,9,171.34999999999997,14,7,0.07921055929903428,7.834069397987626,8,[C]OC1=[C]C2=C([C]=[C]1)N([C]=C2[C][C][N]C(=O)C(=O)/[C]=[C]/C1=[C]C(=[C][C]=C1Br)Br)[C][C]1[C][C]1OC(=O)[C][N]C1=[C][C]=[C]C2=C1[C]N(C2=O)[C]1[C][C]C(=O)[N]C1=O,pocket_anchor,1output_501_Fragments_.xyz
819.81644654,0.31736000000000136,0,8,161.71,17,6,0.08206849811370497,7.866564676209003,7,[C]OC1=[C]C2=C([C][C][N]C(=O)C(=O)/[C]=[C]/C3=[C]C(=[C][C]=C3Br)Br)[C]N=C2C(=[C]1)O[C][C][C][C][C][C][N]C1=[C][C]=[C]C2=C1[C]N(C2=O)[C]1[C][C]C(=O)[N]C1=O,pocket_anchor,1output_502_Fragments_.xyz
803.82153192,0.6337700000000008,0,8,150.73999999999998,15,6,0.07238958616469286,7.820727126298589,6,[C]OC1=[C]C2=C([C][C][N]C(=O)C(=O)/[C]=[C]/C3=[C]C(=[C][C]=C3Br)Br)[C]N=C2C(=[C]1)[C][C][C][C][C]/[C]=N/C1=[C][C]=[C]C2=C1[C]N(C2=O)[C]1[C][C]C(=O)[N]C1=O,pocket_anchor,1output_505_Fragments_.xyz
873.8144351600001,-0.3171499999999995,0,9,182.01999999999998,20,6,0.04872954389158186,7.993060091973292,11,O=[C]N([C][C][N]C1=[C][C]=[C]C2=C1[C]N(C2=O)[C]1[C][C]C(=O)[N]C1=O)[C][C][C][C][C]OC1=[C]C(=[C]C2=C([C]N=C12)[C][C][N]C(=O)C(=O)/[C]=[C]/C1=[C]C(=[C][C]=C1Br)Br)O[C],pocket_anchor,1output_506_Fragments_.xyz
863.8062757800001,0.21145000000000141,0,9,190.84,19,6,0.07076019756817241,7.9403779730771085,10,[C]OC1=[C]C2=C([C][C][N]C(=O)C(=O)/[C]=[C]/C3=[C]C(=[C][C]=C3Br)Br)[C]N=C2C(=[C]1)O[C][C][C]([C][C]O[C][C][N]C1=[C][C]=[C]C2=C1[C]N(C2=O)[C]1[C][C]C(=O)[N]C1=O)[O],pocket_anchor,1output_509_Fragments_.xyz
835.81136116,0.24896000000000135,0,9,170.94,17,6,0.080689720402441,7.898650121991697,8,[C]OC1=[C]C2=C([C][C][N]C(=O)C(=O)/[C]=[C]/C3=[C]C(=[C][C]=C3Br)Br)[C]N=C2C(=[C]1)O[C][C][C]O[C]/[C]=[C]/[N]C1=[C][C]=[C]C2=C1[C]N(C2=O)[C]1[C][C]C(=O)[N]C1=O,pocket_anchor,1output_510_Fragments_.xyz
899.7910196400002,0.1170700000000013,0,12,226.37000000000003,18,6,0.05479436268227277,7.856368465598897,12,[C]OC1=[C]C2=C([C][C][N]C(=O)C(=O)/[C]=[C]/C3=[C]C(=[C][C]=C3Br)Br)[C]N=C2C(=[C]1)O[C]O[C]OC(=O)O[C][C]([C][N]C1=[C][C]=[C]C2=C1[C]N(C2=O)[C]1[C][C]C(=O)[N]C1=O)[O],pocket_anchor,1output_52_Fragments_.xyz
859.81136116,-0.08884999999999926,0,9,178.78,17,6,0.05947864894230571,7.890238656837792,10,[C]OC1=[C]C2=C([C][C][N]C(=O)C(=O)/[C]=[C]/C3=[C]C(=[C][C]=C3Br)Br)[C]N=C2C(=[C]1)[C][C][C]/[C]=[C]/[C]OC(=O)[C][N]C1=[C][C]=[C]C2=C1[C]N(C2=O)[C]1[C][C]C(=O)[N]C1=O,pocket_anchor,1output_61_Fragments_.xyz
879.8011904000001,0.1430500000000014,0,10,200.07000000000002,20,6,0.06559888760071324,7.961687224840425,11,[C]OC1=[C]C2=C([C][C][N]C(=O)C(=O)/[C]=[C]/C3=[C]C(=[C][C]=C3Br)Br)[C]N=C2C(=[C]1)O[C][C][C]O[C]([C]O[C][C][N]C1=[C][C]=[C]C2=C1[C]N(C2=O)[C]1[C][C]C(=O)[N]C1=O)[O],pocket_anchor,1output_63_Fragments_.xyz
815.82153192,0.25127000000000094,0,7,152.48,14,6,0.0748762874058481,7.838218722163049,7,[C]OC1=[C]C2=C([C][C][N]C(=O)C(=O)/[C]=[C]/C3=[C]C(=[C][C]=C3Br)Br)[C]N=C2C(=[C]1)[C][C][C]C#C[C][C][N]C1=[C][C]=[C]C2=C1[C]N(C2=O)[C]1[C][C]C(=O)[N]C1=O,pocket_anchor,1output_65_Fragments_.xyz
835.81136116,0.24896000000000135,0,9,170.94,18,6,0.07603695580477136,7.898650121991697,8,[C]OC1=[C]C2=C([C][C][N]C(=O)C(=O)/[C]=[C]/C3=[C]C(=[C][C]=C3Br)Br)[C]N=C2C(=[C]1)O[C][C][C]O[C][C][C][N]C1=[C][C]=[C]C2=C1[C]N(C2=O)[C]1[C][C]C(=O)[N]C1=O,pocket_anchor,1output_68_Fragments_.xyz
873.81443516,-0.06905999999999973,0,9,185.04000000000002,19,7,0.05273080744653902,3.6551827609797085,11,[C]OC1=[C]C2=C([C][C][N]C(=O)C(=O)/[C]=[C]/C3=[C]C(=[C][C]=C3Br)Br)[C]N=C2C(=[C]1)O[C][C]1[N][C]1[C][C][C]O[C][C][N]C1=[C][C]=[C]C2=C1[C]N(C2=O)[C]1[C][C]C(=O)[N]C1=O,pocket_anchor,1output_71_Fragments_.xyz
863.8062757800001,0.21145000000000141,0,9,190.84,19,6,0.07076019756817241,7.928283955983091,10,[C]OC1=[C]C2=C([C][C][N]C(=O)C(=O)/[C]=[C]/C3=[C]C(=[C][C]=C3Br)Br)[C]N=C2C(=[C]1)O[C][C][C][C]O[C]([C][C][N]C1=[C][C]=[C]C2=C1[C]N(C2=O)[C]1[C][C]C(=O)[N]C1=O)[O],pocket_anchor,1output_72_Fragments_.xyz
847.81136116,-0.1701399999999998,0,9,178.78,17,6,0.05912631489824464,7.841099816319197,9,[C]OC1=[C]C2=C([C][C][N]C(=O)C(=O)/[C]=[C]/C3=[C]C(=[C][C]=C3Br)Br)[C]N=C2C(=[C]1)[C][C][C][C]C(=O)O[C][C][N]C1=[C][C]=[C]C2=C1[C]N(C2=O)[C]1[C][C]C(=O)[N]C1=O,pocket_anchor,1output_74_Fragments_.xyz
847.81136116,0.17107000000000133,0,9,170.94,16,6,0.06463405656784721,7.888841746653015,9,[C]OC1=[C]C2=C([C][C][N]C(=O)C(=O)/[C]=[C]/C3=[C]C(=[C][C]=C3Br)Br)[C]N=C2C(=[C]1)O[C][C]C#C[C]O[C][C][N]C1=[C][C]=[C]C2=C1[C]N(C2=O)[C]1[C][C]C(=O)[N]C1=O,pocket_anchor,1output_75_Fragments_.xyz
895.7961050200001,0.0746500000000014,0,11,209.3,21,6,0.06087637706298401,3.0304647643947,12,[C]OC1=[C]C2=C([C][C][N]C(=O)C(=O)/[C]=[C]/C3=[C]C(=[C][C]=C3Br)Br)[C]N=C2C(=[C]1)O[C][C]([C]O[C]O[C]O[C][C][N]C1=[C][C]=[C]C2=C1[C]N(C2=O)[C]1[C][C]C(=O)[N]C1=O)[O],pocket_anchor,1output_7_Fragments_.xyz
807.81644654,0.07689000000000118,0,8,161.71,13,6,0.0777283624595354,7.758035226145762,6,[C]OC1=[C]C2=C([C][C][N]C(=O)C(=O)/[C]=[C]/C3=[C]C(=[C][C]=C3Br)Br)[C]N=C2C(=[C]1)O[C]C#C[C][C][N]C1=[C][C]=[C]C2=C1[C]N(C2=O)[C]1[C][C]C(=O)[N]C1=O,pocket_anchor,1output_80_Fragments_.xyz
847.81136116,0.27985000000000143,0,8,181.61,17,6,0.08099602974814132,7.907402864214698,9,[C]OC1=[C]C2=C([C][C][N]C(=O)C(=O)/[C]=[C]/C3=[C]C(=[C][C]=C3Br)Br)[C]N=C2C(=[C]1)O[C][C]/[C]=[C]\[C][C]([C][N]C1=[C][C]=[C]C2=C1[C]N(C2=O)[C]1[C][C]C(=O)[N]C1=O)[O],pocket_anchor,1output_89_Fragments_.xyz
865.80934978,-0.74383,0,10,205.41,16,7,0.07686762108021797,7.840452332051468,10,[C]OC1=[C]C2=C([C][C][N]C(=O)C(=O)/[C]=[C]/C3=[C]C(=[C][C]=C3Br)Br)[C]N=C2C(=[C]1)O[C]C(=O)[N][C][C]1O[C]1[C][N]C1=[C][C]=[C]C2=C1[C]N(C2=O)[C]1[C][C]C(=O)[N]C1=O,pocket_anchor,1output_92_Fragments_.xyz
803.8215319200001,1.8671500000000019,0,7,145.04999999999998,16,6,0.07326432432954814,7.915795185391814,6,[C]OC1=[C]C2=C([C]=[C]1)N([C]=C2[C][C][N]C(=O)C(=O)/[C]=[C]/C1=[C]C(=[C][C]=C1Br)Br)[C][C][C][C][C][C][N]C1=[C][C]=[C]C2=C1[C]N(C2=O)[C]1[C][C]C(=O)[N]C1=O,pocket_anchor,1output_94_Fragments_.xyz
819.81644654,0.31736000000000136,0,8,161.71,16,6,0.08708677429161066,7.866564676209003,7,[C]OC1=[C]C2=C([C][C][N]C(=O)C(=O)/[C]=[C]/C3=[C]C(=[C][C]=C3Br)Br)[C]N=C2C(=[C]1)O[C][C][C][C]/[C]=[C]/[N]C1=[C][C]=[C]C2=C1[C]N(C2=O)[C]1[C][C]C(=O)[N]C1=O,pocket_anchor,2output_0_Fragments_.xyz
867.8011904000001,-0.3316299999999997,0,11,197.24,18,6,0.05370059497645062,7.84570019529933,10,[C]OC1=[C]C2=C([C][C][N]C(=O)C(=O)/[C]=[C]/C3=[C]C(=[C][C]=C3Br)Br)[C]N=C2C(=[C]1)O[C]C(=O)O[C][C]O[C][C][N]C1=[C][C]=[C]C2=C1[C]N(C2=O)[C]1[C][C]C(=O)[N]C1=O,pocket_anchor,2output_101_Fragments_.xyz
803.82153192,0.4029700000000009,0,7,152.48,14,6,0.07572465284415913,7.83116951040455,6,[C]OC1=[C]C2=C([C][C][N]C(=O)C(=O)/[C]=[C]/C3=[C]C(=[C][C]=C3Br)Br)[C]N=C2C(=[C]1)[C][C]=C=[C][C][C][N]C1=[C][C]=[C]C2=C1[C]N(C2=O)[C]1[C][C]C(=O)[N]C1=O,pocket_anchor,2output_108_Fragments_.xyz
887.8062757800001,-0.019359999999998767,0,10,188.01,20,6,0.049438851804165025,7.958857364723725,12,[C]OC1=[C]C2=C([C][C][N]C(=O)C(=O)/[C]=[C]/C3=[C]C(=[C][C]=C3Br)Br)[C]N=C2C(=[C]1)O[C][C][C][C][C][C][C]OC(=O)[C][N]C1=[C][C]=[C]C2=C1[C]N(C2=O)[C]1[C][C]C(=O)[N]C1=O,pocket_anchor,2output_10_Fragments_.xyz
863.82153192,0.735610000000001,0,7,152.48,19,7,0.07510845921029327,5.550529720663395,11,[C]OC1=[C]C2=C([C][C][N]C(=O)C(=O)/[C]=[C]/C3=[C]C(=[C][C]=C3Br)Br)[C]N=C2C(=[C]1)[C][C]1[C][C]1[C][C][C][C][C][C][C][N]C1=[C][C]=[C]C2=C1[C]N(C2=O)[C]1[C][C]C(=O)[N]C1=O,pocket_anchor,2output_114_Fragments_.xyz
839.82153192,0.6468400000000012,0,7,152.48,17,6,0.06406028823051754,7.972984823576091,9,[C]OC1=[C]C2=C([C][C][N]C(=O)C(=O)/[C]=[C]/C3=[C]C(=[C][C]=C3Br)Br)[C]N=C2C(=[C]1)[C][C][C][C][C][C][C]=C=[C][N]C1=[C][C]=[C]C2=C1[C]N(C2=O)[C]1[C][C]C(=O)[N]C1=O,pocket_anchor,2output_115_Fragments_.xyz
863.8062757800001,0.2618500000000014,0,10,180.17000000000002,20,6,0.06671420099792459,7.978374386479657,10,[C]OC1=[C]C2=C([C][C][N]C(=O)C(=O)/[C]=[C]/C3=[C]C(=[C][C]=C3Br)Br)[C]N=C2C(=[C]1)O[C][C][C]O[C]O[C][C][C][N]C1=[C][C]=[C]C2=C1[C]N(C2=O)[C]1[C][C]C(=O)[N]C1=O,pocket_anchor,2output_129_Fragments_.xyz
879.8011904000001,-0.3007399999999996,0,10,207.91,18,6,0.07106793153093241,7.885954673245678,11,[C]OC1=[C]C2=C([C][C][N]C(=O)C(=O)/[C]=[C]/C3=[C]C(=[C][C]=C3Br)Br)[C]N=C2C(=[C]1)O[C][C]([C][C]O[C][C]C(=O)[N]C1=[C][C]=[C]C2=C1[C]N(C2=O)[C]1[C][C]C(=O)[N]C1=O)[O],pocket_anchor,2output_12_Fragments_.xyz
803.8215319200001,2.171760000000002,0,8,143.30999999999997,15,6,0.059322956534419664,7.886059882284325,6,[C]OC1=[C]C2=C([C]=[C]1)N([C]=C2[C][C][N]C(=O)C(=O)/[C]=[C]/C1=[C]C(=[C][C]=C1Br)Br)[C][C][C][C][C]/[C]=N/C1=[C][C]=[C]C2=C1[C]N(C2=O)[C]1[C][C]C(=O)[N]C1=O,pocket_anchor,2output_131_Fragments_.xyz
803.8215319200001,1.8671500000000019,0,7,145.04999999999998,16,6,0.07326432432954814,7.915795185391814,6,[C]OC1=[C]C2=C([C]=[C]1)N([C]=C2[C][C][N]C(=O)C(=O)/[C]=[C]/C1=[C]C(=[C][C]=C1Br)Br)[C][C][C][C][C][C][N]C1=[C][C]=[C]C2=C1[C]N(C2=O)[C]1[C][C]C(=O)[N]C1=O,pocket_anchor,2output_134_Fragments_.xyz
827.82153192,0.4917400000000011,0,7,152.48,18,6,0.07886995397214858,7.944607005872148,8,[C]OC1=[C]C2=C([C][C][N]C(=O)C(=O)/[C]=[C]/C3=[C]C(=[C][C]=C3Br)Br)[C]N=C2C(=[C]1)[C][C][C][C][C][C][C][C][N]C1=[C][C]=[C]C2=C1[C]N(C2=O)[C]1[C][C]C(=O)[N]C1=O,pocket_anchor,2output_141_Fragments_.xyz
861.81443516,-0.6507400000000002,0,9,192.88,17,6,0.07401081021888845,7.920315579914716,10,[C]OC1=[C]C2=C([C][C][N]C(=O)C(=O)/[C]=[C]/C3=[C]C(=[C][C]=C3Br)Br)[C]N=C2C(=[C]1)/[C]=[C]\[C][N]C(=O)[C]O[C][C][N]C1=[C][C]=[C]C2=C1[C]N(C2=O)[C]1[C][C]C(=O)[N]C1=O,pocket_anchor,2output_143_Fragments_.xyz
863.8062757800001,0.2618500000000014,0,10,180.17000000000002,20,6,0.06671420099792459,7.978374386479657,10,[C]OC1=[C]C2=C([C][C][N]C(=O)C(=O)/[C]=[C]/C3=[C]C(=[C][C]=C3Br)Br)[C]N=C2C(=[C]1)O[C][C][C]O[C][C]O[C][C][N]C1=[C][C]=[C]C2=C1[C]N(C2=O)[C]1[C][C]C(=O)[N]C1=O,pocket_anchor,2output_144_Fragments_.xyz
803.8215319200001,1.8671500000000019,0,7,145.04999999999998,15,6,0.07773323971660143,7.915795185391814,6,[C]OC1=[C]C2=C([C]=[C]1)N([C]=C2[C][C][N]C(=O)C(=O)/[C]=[C]/C1=[C]C(=[C][C]=C1Br)Br)[C][C]/[C]=[C]/[C][C][N]C1=[C][C]=[C]C2=C1[C]N(C2=O)[C]1[C][C]C(=O)[N]C1=O,pocket_anchor,2output_148_Fragments_.xyz
847.81136116,0.273650000000001,0,9,170.94,19,6,0.07171141621289036,7.960947323576091,9,[C]OC1=[C]C2=C([C][C][N]C(=O)C(=O)/[C]=[C]/C3=[C]C(=[C][C]=C3Br)Br)[C]N=C2C(=[C]1)[C][C]O[C][C]O[C][C][C][N]C1=[C][C]=[C]C2=C1[C]N(C2=O)[C]1[C][C]C(=O)[N]C1=O,pocket_anchor,2output_149_Fragments_.xyz
847.81136116,0.33025000000000143,0,9,170.94,18,6,0.05802062778779892,7.946097323576091,9,[C]OC1=[C]C2=C([C][C][N]C(=O)C(=O)/[C]=[C]/C3=[C]C(=[C][C]=C3Br)Br)[C]N=C2C(=[C]1)O[C][C][C][C][C]O/[C]=[C]/[N]C1=[C][C]=[C]C2=C1[C]N(C2=O)[C]1[C][C]C(=O)[N]C1=O,pocket_anchor,2output_151_Fragments_.xyz
835.81136116,0.24896000000000135,0,9,170.94,18,6,0.07603695580477136,7.898650121991697,8,[C]OC1=[C]C2=C([C][C][N]C(=O)C(=O)/[C]=[C]/C3=[C]C(=[C][C]=C3Br)Br)[C]N=C2C(=[C]1)O[C][C][C]O[C][C][C][N]C1=[C][C]=[C]C2=C1[C]N(C2=O)[C]1[C][C]C(=O)[N]C1=O,pocket_anchor,2output_152_Fragments_.xyz
867.8011904000001,0.061760000000000204,0,10,200.06999999999996,19,6,0.03994156976869318,7.939559169658305,10,[O]O[C]([C][C]OC1=[C]C(=[C]C2=C([C]N=C12)[C][C][N]C(=O)C(=O)/[C]=[C]/C1=[C]C(=[C][C]=C1Br)Br)O[C])[C]O[C][C][N]C1=[C][C]=[C]C2=C1[C]N(C2=O)[C]1[C][C]C(=O)[N]C1=O,pocket_anchor,2output_155_Fragments_.xyz
831.81644654,0.39865000000000145,0,8,161.71,18,6,0.07764858270230783,7.914061684951031,8,[C]OC1=[C]C2=C([C][C][N]C(=O)C(=O)/[C]=[C]/C3=[C]C(=[C][C]=C3Br)Br)[C]N=C2C(=[C]1)O[C][C][C][C][C][C][C][N]C1=[C][C]=[C]C2=C1[C]N(C2=O)[C]1[C][C]C(=O)[N]C1=O,pocket_anchor,2output_157_Fragments_.xyz
851.8062757800001,-0.2798300000000001,0,9,198.67999999999998,16,6,0.08115950856784461,7.870020354247951,9,O=[C][C][C]OC1=[C]C(=[C]C2=C([C]N=C12)[C][C][N]C(=O)C(=O)/[C]=[C]/C1=[C]C(=[C][C]=C1Br)Br)O[C].[O][C][C][C][N]C1=[C][C]=[C]C2=C1[C]N(C2=O)[C]1[C][C]C(=O)[N]C1=O,pocket_anchor,2output_163_Fragments_.xyz
895.7961050200001,0.0746500000000014,0,11,209.3,21,6,0.03512650085476657,7.977495276811637,12,[C]OC1=[C]C2=C([C][C][N]C(=O)C(=O)/[C]=[C]/C3=[C]C(=[C][C]=C3Br)Br)[C]N=C2C(=[C]1)O[C][C]O[C]([C][C]OO[C][C][N]C1=[C][C]=[C]C2=C1[C]N(C2=O)[C]1[C][C]C(=O)[N]C1=O)[O],pocket_anchor,2output_165_Fragments_.xyz
863.8062757800001,-0.6823300000000001,0,10,195.85,15,6,0.08235021051440126,7.7856732430245525,10,[C]OC1=[C]C2=C([C][C][N]C(=O)C(=O)/[C]=[C]/C3=[C]C(=[C][C]=C3Br)Br)[C]N=C2C(=[C]1)[C]/[C]=[C]/[C]C(=O)O[C]C(=O)[N]C1=[C][C]=[C]C2=C1[C]N(C2=O)[C]1[C][C]C(=O)[N]C1=O,pocket_anchor,2output_169_Fragments_.xyz
883.7961050200001,0.1854700000000013,0,11,217.14000000000001,17,6,0.05895206078807644,7.820242009080575,11,[C]OC1=[C]C2=C([C][C][N]C(=O)C(=O)/[C]=[C]/C3=[C]C(=[C][C]=C3Br)Br)[C]N=C2C(=[C]1)O[C][C]([C]OC(=O)O[C][C][N]C1=[C][C]=[C]C2=C1[C]N(C2=O)[C]1[C][C]C(=O)[N]C1=O)[O],pocket_anchor,2output_170_Fragments_.xyz
875.8062757800001,-0.1006499999999993,0,10,188.01000000000002,19,6,0.05213951385629411,7.9099336584068585,11,[C]OC1=[C]C2=C([C][C][N]C(=O)C(=O)/[C]=[C]/C3=[C]C(=[C][C]=C3Br)Br)[C]N=C2C(=[C]1)O[C][C][C][C][C]C(=O)O[C][C][N]C1=[C][C]=[C]C2=C1[C]N(C2=O)[C]1[C][C]C(=O)[N]C1=O,pocket_anchor,2output_175_Fragments_.xyz
831.81644654,0.342050000000001,0,8,161.71,18,6,0.07737188760211969,7.929195442912814,8,[C]OC1=[C]C2=C([C][C][N]C(=O)C(=O)/[C]=[C]/C3=[C]C(=[C][C]=C3Br)Br)[C]N=C2C(=[C]1)[C][C]O[C][C][C][C][C][N]C1=[C][C]=[C]C2=C1[C]N(C2=O)[C]1[C][C]C(=O)[N]C1=O,pocket_anchor,2output_176_Fragments_.xyz
831.81644654,-0.10173999999999978,0,8,169.54999999999998,16,6,0.08407536223482341,7.845243066626679,8,[C]OC1=[C]C2=C([C][C][N]C(=O)C(=O)/[C]=[C]/C3=[C]C(=[C][C]=C3Br)Br)[C]N=C2C(=[C]1)[C][C]C(=O)/[C]=[C]/[C][C][N]C1=[C][C]=[C]C2=C1[C]N(C2=O)[C]1[C][C]C(=O)[N]C1=O,pocket_anchor,2output_178_Fragments_.xyz
831.81644654,0.34205000000000096,0,8,161.71,16,6,0.08712692776327012,7.922614664259815,8,[C]OC1=[C]C2=C([C][C][N]C(=O)C(=O)/[C]=[C]/C3=[C]C(=[C][C]=C3Br)Br)[C]N=C2C(=[C]1)/[C]=[C]\[C][C][C]O[C]([N]C1=[C][C]=[C]C2=C1[C]N(C2=O)[C]1[C][C]C(=O)[N]C1=O)[C],pocket_anchor,2output_181_Fragments_.xyz
883.7961050200001,-0.5574300000000001,0,10,227.81,17,6,0.07320723960344713,7.806001240885729,11,[C]OC1=[C]C2=C([C][C][N]C(=O)C(=O)/[C]=[C]/C3=[C]C(=[C][C]=C3Br)Br)[C]N=C2C(=[C]1)[C]([C][C](O[C]OC(=O)[C][N]C1=[C][C]=[C]C2=C1[C]N(C2=O)[C]1[C][C]C(=O)[N]C1=O)[O])[O],pocket_anchor,2output_183_Fragments_.xyz
859.81136116,0.3045400000000011,0,8,181.61,19,6,0.07199202462950584,7.957886520085656,10,[C]OC1=[C]C2=C([C][C][N]C(=O)C(=O)/[C]=[C]/C3=[C]C(=[C][C]=C3Br)Br)[C]N=C2C(=[C]1)[C][C][C][C](O[C][C][C][C][N]C1=[C][C]=[C]C2=C1[C]N(C2=O)[C]1[C][C]C(=O)[N]C1=O)[O],pocket_anchor,2output_190_Fragments_.xyz
883.79610502,0.29796999999999974,0,12,207.55999999999995,19,6,0.05291892112641302,7.921796875190076,11,[O][C]O[C](O[C]/[C]=N\C1=[C][C]=[C]C2=C1[C]N(C2=O)[C]1[C][C]C(=O)[N]C1=O)[C]O[C]OC1=[C]C(=[C]C2=C([C]N=C12)[C][C][N]C(=O)C(=O)/[C]=[C]/C1=[C]C(=[C][C]=C1Br)Br)O[C],pocket_anchor,2output_199_Fragments_.xyz
831.81644654,0.39865000000000145,0,8,161.71,17,6,0.08239996409090687,7.914061684951031,8,[C]OC1=[C]C2=C([C][C][N]C(=O)C(=O)/[C]=[C]/C3=[C]C(=[C][C]=C3Br)Br)[C]N=C2C(=[C]1)O[C][C][C]/[C]=[C]/[C][C][N]C1=[C][C]=[C]C2=C1[C]N(C2=O)[C]1[C][C]C(=O)[N]C1=O,pocket_anchor,2output_208_Fragments_.xyz
867.8011904000001,0.00516000000000022,0,10,200.07,18,6,0.042200632914170755,7.92632925512839,10,[O]O[C]([C][C]C1=[C]C(=[C]C2=C([C]N=C12)[C][C][N]C(=O)C(=O)/[C]=[C]/C1=[C]C(=[C][C]=C1Br)Br)O[C])OO[C]/[C]=[C]/[N]C1=[C][C]=[C]C2=C1[C]N(C2=O)[C]1[C][C]C(=O)[N]C1=O,pocket_anchor,2output_210_Fragments_.xyz
851.8062757800001,-0.2632299999999997,0,10,188.01,17,6,0.07633897589777437,7.840789801805409,9,[C]OC1=[C]C2=C([C][C][N]C(=O)C(=O)/[C]=[C]/C3=[C]C(=[C][C]=C3Br)Br)[C]N=C2C(=[C]1)O[C][C][C]O[C][C]C(=O)[N]C1=[C][C]=[C]C2=C1[C]N(C2=O)[C]1[C][C]C(=O)[N]C1=O,pocket_anchor,2output_213_Fragments_.xyz
879.8011904000001,0.1430500000000014,0,10,200.07000000000002,19,6,0.06959827881460959,7.949813098966298,11,[C]OC1=[C]C2=C([C][C][N]C(=O)C(=O)/[C]=[C]/C3=[C]C(=[C][C]=C3Br)Br)[C]N=C2C(=[C]1)O[C][C]O[C](O[C]/[C]=[C]\[C][N]C1=[C][C]=[C]C2=C1[C]N(C2=O)[C]1[C][C]C(=O)[N]C1=O)[O],pocket_anchor,2output_216_Fragments_.xyz
875.8062757800002,0.2927399999999999,0,9,190.84,17,6,0.08007358326606259,4.2925601108947635,11,[C][C][N]C1=[C][C]=[C]C2=C1[C]N(C2=O)[C]1[C][C]C(=O)[N]C1=O.[C]O[C][C][C][C]([C]OC1=[C]C(=[C]C2=C([C]N=C12)[C][C][N]C(=O)C(=O)/[C]=[C]/C1=[C]C(=[C][C]=C1Br)Br)O[C])[O],pocket_anchor,2output_217_Fragments_.xyz
835.81136116,0.24896000000000135,0,9,170.94,18,6,0.07603695580477136,7.898650121991697,8,[C]OC1=[C]C2=C([C][C][N]C(=O)C(=O)/[C]=[C]/C3=[C]C(=[C][C]=C3Br)Br)[C]N=C2C(=[C]1)O[C]O[C][C][C][C][C][N]C1=[C][C]=[C]C2=C1[C]N(C2=O)[C]1[C][C]C(=O)[N]C1=O,pocket_anchor,2output_21_Fragments_.xyz
823.81136116,0.16767000000000126,0,9,170.94,17,6,0.08032097519452364,7.850852887997215,7,[C]OC1=[C]C2=C([C][C][N]C(=O)C(=O)/[C]=[C]/C3=[C]C(=[C][C]=C3Br)Br)[C]N=C2C(=[C]1)O[C][C][C]O[C][C][N]C1=[C][C]=[C]C2=C1[C]N(C2=O)[C]1[C][C]C(=O)[N]C1=O,pocket_anchor,2output_222_Fragments_.xyz
875.8062757800001,0.3431400000000015,0,10,180.17000000000002,20,6,0.06703232136262242,4.329370626688152,11,[C]OC1=[C]C2=C([C][C][N]C(=O)C(=O)/[C]=[C]/C3=[C]C(=[C][C]=C3Br)Br)[C]N=C2C(=[C]1)O[C][C]O[C]O[C][C][C]/[C]=[C]/[N]C1=[C][C]=[C]C2=C1[C]N(C2=O)[C]1[C][C]C(=O)[N]C1=O,pocket_anchor,2output_223_Fragments_.xyz
819.81644654,0.5653700000000008,0,9,159.97,16,6,0.06719907637589294,7.85283720368153,7,[C]OC1=[C]C2=C([C][C][N]C(=O)C(=O)/[C]=[C]/C3=[C]C(=[C][C]=C3Br)Br)[C]N=C2C(=[C]1)[C]O[C][C][C][C]/[C]=N/C1=[C][C]=[C]C2=C1[C]N(C2=O)[C]1[C][C]C(=O)[N]C1=O,pocket_anchor,2output_225_Fragments_.xyz
803.8215319200001,1.8671500000000019,0,7,145.04999999999998,15,6,0.07773323971660143,7.915795185391814,6,[C]OC1=[C]C2=C([C]=[C]1)N([C]=C2[C][C][N]C(=O)C(=O)/[C]=[C]/C1=[C]C(=[C][C]=C1Br)Br)[C]/[C]=[C]\[C][C][C][N]C1=[C][C]=[C]C2=C1[C]N(C2=O)[C]1[C][C]C(=O)[N]C1=O,pocket_anchor,2output_22_Fragments_.xyz
803.82153192,0.4029700000000009,0,7,152.48,14,6,0.07572465284415913,7.83116951040455,6,[C]OC1=[C]C2=C([C][C][N]C(=O)C(=O)/[C]=[C]/C3=[C]C(=[C][C]=C3Br)Br)[C]N=C2C(=[C]1)[C][C][C][C]=C=[C][N]C1=[C][C]=[C]C2=C1[C]N(C2=O)[C]1[C][C]C(=O)[N]C1=O,pocket_anchor,2output_232_Fragments_.xyz
827.8062757800002,1.244460000000001,0,8,192.58,16,6,0.08915368379529932,7.792817394079368,7,[C]OC1=[C]C2=C([C]=[C]1)[N][C]([C]2[C][C][N]C(=O)C(=O)/[C]=[C]/C1=[C]C(=[C][C]=C1Br)Br)O[C][C]O[C]([C][N]C1=[C][C]=[C]C2=C1[C]N(C2=O)[C]1[C][C]C(=O)[N]C1=O)[O],pocket_anchor,2output_233_Fragments_.xyz
835.81136116,0.24896000000000135,0,9,170.94,18,6,0.07603695580477136,7.898650121991697,8,[C]OC1=[C]C2=C([C][C][N]C(=O)C(=O)/[C]=[C]/C3=[C]C(=[C][C]=C3Br)Br)[C]N=C2C(=[C]1)O[C][C][C]O[C][C][C][N]C1=[C][C]=[C]C2=C1[C]N(C2=O)[C]1[C][C]C(=O)[N]C1=O,pocket_anchor,2output_236_Fragments_.xyz
843.81644654,0.47994000000000153,0,8,161.71,19,6,0.07346486656106334,7.961219919729938,9,[C]OC1=[C]C2=C([C][C][N]C(=O)C(=O)/[C]=[C]/C3=[C]C(=[C][C]=C3Br)Br)[C]N=C2C(=[C]1)O[C][C][C][C][C][C][C][C][N]C1=[C][C]=[C]C2=C1[C]N(C2=O)[C]1[C][C]C(=O)[N]C1=O,pocket_anchor,2output_248_Fragments_.xyz
835.81136116,-0.19482999999999967,0,9,178.78,16,6,0.08249674050573733,7.806748983786443,8,[C]OC1=[C]C2=C([C][C][N]C(=O)C(=O)/[C]=[C]/C3=[C]C(=[C][C]=C3Br)Br)[C]N=C2C(=[C]1)O[C][C][C][C][C]C(=O)[N]C1=[C][C]=[C]C2=C1[C]N(C2=O)[C]1[C][C]C(=O)[N]C1=O,pocket_anchor,2output_252_Fragments_.xyz
899.7910196400002,0.0666700000000013,0,11,237.04000000000002,17,6,0.05811009221793099,7.7910369754744195,12,[C]OC1=[C]C2=C([C][C][N]C(=O)C(=O)/[C]=[C]/C3=[C]C(=[C][C]=C3Br)Br)[C]N=C2C(=[C]1)OC(=O)O[C][C](O[C][C][C]([N]C1=[C][C]=[C]C2=C1[C]N(C2=O)[C]1[C][C]C(=O)[N]C1=O)[O])[O],pocket_anchor,2output_253_Fragments_.xyz
875.8062757800001,-0.1006499999999993,0,10,188.01000000000002,19,6,0.05213951385629411,7.9099336584068585,11,[C]OC1=[C]C2=C([C][C][N]C(=O)C(=O)/[C]=[C]/C3=[C]C(=[C][C]=C3Br)Br)[C]N=C2C(=[C]1)O[C][C][C]C(=O)O[C][C][C][C][N]C1=[C][C]=[C]C2=C1[C]N(C2=O)[C]1[C][C]C(=O)[N]C1=O,pocket_anchor,2output_257_Fragments_.xyz
803.82153192,0.32916000000000095,0,7,152.48,16,6,0.08816332366238273,7.850462429406078,6,[C]OC1=[C]C2=C([C][C][N]C(=O)C(=O)/[C]=[C]/C3=[C]C(=[C][C]=C3Br)Br)[C]N=C2C(=[C]1)[C][C][C][C][C][C][N]C1=[C][C]=[C]C2=C1[C]N(C2=O)[C]1[C][C]C(=O)[N]C1=O,pocket_anchor,2output_259_Fragments_.xyz
855.81644654,0.5612300000000017,0,8,161.71,20,6,0.06950995998977295,3.1795203467487605,10,[C]OC1=[C]C2=C([C][C][N]C(=O)C(=O)/[C]=[C]/C3=[C]C(=[C][C]=C3Br)Br)[C]N=C2C(=[C]1)O[C][C][C][C][C][C][C][C][C][N]C1=[C][C]=[C]C2=C1[C]N(C2=O)[C]1[C][C]C(=O)[N]C1=O,pocket_anchor,2output_262_Fragments_.xyz
819.81644654,0.31736000000000136,0,8,161.71,15,6,0.07018965616956006,7.866564676209003,7,[C]OC1=[C]C2=C([C][C][N]C(=O)C(=O)/[C]=[C]/C3=[C]C(=[C][C]=C3Br)Br)[C]N=C2C(=[C]1)O[C][C]/[C]=[C]/[C]=[C]/[N]C1=[C][C]=[C]C2=C1[C]N(C2=O)[C]1[C][C]C(=O)[N]C1=O,pocket_anchor,2output_263_Fragments_.xyz
835.81136116,0.19236000000000092,0,9,170.94,18,6,0.07574040918563302,7.913783879953481,8,[C]OC1=[C]C2=C([C][C][N]C(=O)C(=O)/[C]=[C]/C3=[C]C(=[C][C]=C3Br)Br)[C]N=C2C(=[C]1)[C][C]O[C]O[C][C][C][N]C1=[C][C]=[C]C2=C1[C]N(C2=O)[C]1[C][C]C(=O)[N]C1=O,pocket_anchor,2output_267_Fragments_.xyz
827.82153192,0.332560000000001,0,7,152.48,15,6,0.0708854470976627,7.902418568831481,8,[C]OC1=[C]C2=C([C][C][N]C(=O)C(=O)/[C]=[C]/C3=[C]C(=[C][C]=C3Br)Br)[C]N=C2C(=[C]1)[C][C][C][C][C][C]C#C[N]C1=[C][C]=[C]C2=C1[C]N(C2=O)[C]1[C][C]C(=O)[N]C1=O,pocket_anchor,2output_268_Fragments_.xyz
847.81136116,0.27985000000000076,0,8,181.60999999999999,18,6,0.07632560261213966,7.921786318496266,9,[O][C][C]([C]OC1=[C]C(=[C]C2=C([C]N=C12)[C][C][N]C(=O)C(=O)/[C]=[C]/C1=[C]C(=[C][C]=C1Br)Br)O[C])[C][C][C][C][N]C1=[C][C]=[C]C2=C1[C]N(C2=O)[C]1[C][C]C(=O)[N]C1=O,pocket_anchor,2output_26_Fragments_.xyz
887.8062757800001,0.3740300000000016,0,9,190.84,19,7,0.0714480940458017,2.670305796189613,12,[C]OC1=[C]C2=C([C][C][N]C(=O)C(=O)/[C]=[C]/C3=[C]C(=[C][C]=C3Br)Br)[C]N=C2C(=[C]1)O[C][C](O[C]1[C][C]1[C][C][C][C][N]C1=[C][C]=[C]C2=C1[C]N(C2=O)[C]1[C][C]C(=O)[N]C1=O)[O],pocket_anchor,2output_274_Fragments_.xyz
819.81644654,0.31736000000000136,0,8,161.71,16,6,0.08708677429161066,7.866564676209003,7,[C]OC1=[C]C2=C([C][C][N]C(=O)C(=O)/[C]=[C]/C3=[C]C(=[C][C]=C3Br)Br)[C]N=C2C(=[C]1)O[C][C]/[C]=[C]/[C][C][N]C1=[C][C]=[C]C2=C1[C]N(C2=O)[C]1[C][C]C(=O)[N]C1=O,pocket_anchor,2output_276_Fragments_.xyz
851.8062757800001,0.18056000000000133,0,10,180.17000000000002,19,6,0.07043535093946612,7.930974727422245,9,[C]OC1=[C]C2=C([C][C][N]C(=O)C(=O)/[C]=[C]/C3=[C]C(=[C][C]=C3Br)Br)[C]N=C2C(=[C]1)O[C]O[C][C]O[C][C][C][N]C1=[C][C]=[C]C2=C1[C]N(C2=O)[C]1[C][C]C(=O)[N]C1=O,pocket_anchor,2output_281_Fragments_.xyz
819.81644654,0.26076000000000094,0,8,161.71,16,6,0.08676048880976289,7.881993247637574,7,[C]OC1=[C]C2=C([C][C][N]C(=O)C(=O)/[C]=[C]/C3=[C]C(=[C][C]=C3Br)Br)[C]N=C2C(=[C]1)[C]O[C]/[C]=[C]/[C][C][N]C1=[C][C]=[C]C2=C1[C]N(C2=O)[C]1[C][C]C(=O)[N]C1=O,pocket_anchor,2output_284_Fragments_.xyz
863.8062757800001,0.2618500000000014,0,10,180.17000000000002,20,6,0.06671420099792459,7.978374386479657,10,[C]OC1=[C]C2=C([C][C][N]C(=O)C(=O)/[C]=[C]/C3=[C]C(=[C][C]=C3Br)Br)[C]N=C2C(=[C]1)O[C][C][C]O[C][C][C]O[C][N]C1=[C][C]=[C]C2=C1[C]N(C2=O)[C]1[C][C]C(=O)[N]C1=O,pocket_anchor,2output_285_Fragments_.xyz
863.8062757800001,0.5277700000000014,0,10,188.01,15,6,0.06908288267792241,7.83806002435916,10,[C]OC1=[C]C2=C([C][C][N]C(=O)C(=O)/[C]=[C]/C3=[C]C(=[C][C]=C3Br)Br)[C]N=C2C(=[C]1)O[C][C]=C=[C][C][C]OC(=O)[N]C1=[C][C]=[C]C2=C1[C]N(C2=O)[C]1[C][C]C(=O)[N]C1=O,pocket_anchor,2output_287_Fragments_.xyz
831.81644654,0.4724600000000014,0,8,161.71,15,6,0.07078835467991323,7.8955060749559305,8,[C]OC1=[C]C2=C([C][C][N]C(=O)C(=O)/[C]=[C]/C3=[C]C(=[C][C]=C3Br)Br)[C]N=C2C(=[C]1)O/[C]=[C]\[C][C]=C=[C][C][N]C1=[C][C]=[C]C2=C1[C]N(C2=O)[C]1[C][C]C(=O)[N]C1=O,pocket_anchor,2output_289_Fragments_.xyz
851.8062757800001,0.18056000000000133,0,10,180.17000000000002,19,6,0.07043535093946612,7.930974727422245,9,[C]OC1=[C]C2=C([C][C][N]C(=O)C(=O)/[C]=[C]/C3=[C]C(=[C][C]=C3Br)Br)[C]N=C2C(=[C]1)O[C][C]O[C][C]O[C][C][N]C1=[C][C]=[C]C2=C1[C]N(C2=O)[C]1[C][C]C(=O)[N]C1=O,pocket_anchor,2output_293_Fragments_.xyz
847.81136116,-0.11353999999999936,0,9,178.78,16,6,0.047881764743636826,7.817804315593508,9,[C]OC1=[C]C2=C([C][C][N]C(=O)C(=O)/[C]=[C]/C3=[C]C(=[C][C]=C3Br)Br)[C]N=C2C(=[C]1)OC(=O)[C]/[C]=[C]/[C][C][C][N]C1=[C][C]=[C]C2=C1[C]N(C2=O)[C]1[C][C]C(=O)[N]C1=O,pocket_anchor,2output_298_Fragments_.xyz
851.8062757800001,-0.22942999999999986,0,10,188.01,17,6,0.0765620790583613,7.864008669729937,9,O=[C][C]([C]OC1=[C]C(=[C]C2=C([C]N=C12)[C][C][N]C(=O)C(=O)/[C]=[C]/C1=[C]C(=[C][C]=C1Br)Br)O[C])O/[C]=[C]/[C][N]C1=[C][C]=[C]C2=C1[C]N(C2=O)[C]1[C][C]C(=O)[N]C1=O,pocket_anchor,2output_29_Fragments_.xyz
879.8011904000001,-0.3007399999999996,0,10,207.91,18,6,0.07106793153093241,7.857013678874195,11,[C]OC1=[C]C2=C([C][C][N]C(=O)C(=O)/[C]=[C]/C3=[C]C(=[C][C]=C3Br)Br)[C]N=C2C(=[C]1)O[C][C][C]([C]OC(=O)[C][C][N]C1=[C][C]=[C]C2=C1[C]N(C2=O)[C]1[C][C]C(=O)[N]C1=O)[O],pocket_anchor,2output_305_Fragments_.xyz
843.81644654,0.49715000000000104,0,8,161.71,17,6,0.04778210299623052,7.957862227422245,9,[C]OC1=[C]C2=C([C][C][N]C(=O)C(=O)/[C]=[C]/C3=[C]C(=[C][C]=C3Br)Br)[C]N=C2C(=[C]1)[C][C]=C=[C]O[C][C][C][C][N]C1=[C][C]=[C]C2=C1[C]N(C2=O)[C]1[C][C]C(=O)[N]C1=O,pocket_anchor,2output_309_Fragments_.xyz
849.81443516,-0.67543,0,9,192.88,17,6,0.07388569869738368,7.856800832284364,9,[C]OC1=[C]C2=C([C][C][N]C(=O)C(=O)/[C]=[C]/C3=[C]C(=[C][C]=C3Br)Br)[C]N=C2C(=[C]1)O[C][C][C][C]C(=O)[N][C][N]C1=[C][C]=[C]C2=C1[C]N(C2=O)[C]1[C][C]C(=O)[N]C1=O,pocket_anchor,2output_311_Fragments_.xyz
863.8062757800001,-0.23854000000000003,0,10,188.01000000000002,18,6,0.05472427288483266,7.875302759401895,10,[C]OC1=[C]C2=C([C][C][N]C(=O)C(=O)/[C]=[C]/C3=[C]C(=[C][C]=C3Br)Br)[C]N=C2C(=[C]1)[C]O[C][C]C(=O)O[C][C][C][N]C1=[C][C]=[C]C2=C1[C]N(C2=O)[C]1[C][C]C(=O)[N]C1=O,pocket_anchor,2output_312_Fragments_.xyz
887.8062757800001,0.31743000000000116,0,9,190.84,21,6,0.06326045004384864,4.735919936299332,12,[C]OC1=[C]C2=C([C][C][N]C(=O)C(=O)/[C]=[C]/C3=[C]C(=[C][C]=C3Br)Br)[C]N=C2C(=[C]1)[C][C][C][C][C]O[C][C]O[C]([C][N]C1=[C][C]=[C]C2=C1[C]N(C2=O)[C]1[C][C]C(=O)[N]C1=O)[O],pocket_anchor,2output_314_Fragments_.xyz
827.82153192,0.4917400000000011,0,7,152.48,18,6,0.07886995397214858,7.944607005872148,8,[C]OC1=[C]C2=C([C][C][N]C(=O)C(=O)/[C]=[C]/C3=[C]C(=[C][C]=C3Br)Br)[C]N=C2C(=[C]1)[C][C][C][C][C][C][C][C][N]C1=[C][C]=[C]C2=C1[C]N(C2=O)[C]1[C][C]C(=O)[N]C1=O,pocket_anchor,2output_315_Fragments_.xyz
827.82153192,0.4917400000000011,0,7,152.48,17,6,0.08369607208507834,7.944607005872148,8,[C]OC1=[C]C2=C([C][C][N]C(=O)C(=O)/[C]=[C]/C3=[C]C(=[C][C]=C3Br)Br)[C]N=C2C(=[C]1)[C][C][C][C]/[C]=[C]/[C][C][N]C1=[C][C]=[C]C2=C1[C]N(C2=O)[C]1[C][C]C(=O)[N]C1=O,pocket_anchor,2output_325_Fragments_.xyz
883.7961050200001,-0.006639999999999133,0,11,209.3,20,6,0.037043578664845235,7.919633518546718,11,[C]OC1=[C]C2=C([C][C][N]C(=O)C(=O)/[C]=[C]/C3=[C]C(=[C][C]=C3Br)Br)[C]N=C2C(=[C]1)O[C][C]OO[C](O[C][C][C][N]C1=[C][C]=[C]C2=C1[C]N(C2=O)[C]1[C][C]C(=O)[N]C1=O)[O],pocket_anchor,2output_328_Fragments_.xyz
831.81644654,0.4724600000000014,0,8,161.71,16,6,0.050678878882483167,7.8955060749559305,8,[C]OC1=[C]C2=C([C][C][N]C(=O)C(=O)/[C]=[C]/C3=[C]C(=[C][C]=C3Br)Br)[C]N=C2C(=[C]1)O[C]=C=[C][C][C][C][C][N]C1=[C][C]=[C]C2=C1[C]N(C2=O)[C]1[C][C]C(=O)[N]C1=O,pocket_anchor,2output_330_Fragments_.xyz
843.81644654,0.47994000000000153,0,8,161.71,17,6,0.0628419625121322,7.961219919729938,9,[C]OC1=[C]C2=C([C][C][N]C(=O)C(=O)/[C]=[C]/C3=[C]C(=[C][C]=C3Br)Br)[C]N=C2C(=[C]1)O/[C]=[C]\[C][C]/[C]=[C]\[C][C][N]C1=[C][C]=[C]C2=C1[C]N(C2=O)[C]1[C][C]C(=O)[N]C1=O,pocket_anchor,2output_333_Fragments_.xyz
847.8113611600003,0.2232500000000001,0,8,181.60999999999999,18,6,0.04387219803264084,7.936729714722681,9,[O]O[C]([C][C][N]C1=[C][C]=[C]C2=C1[C]N(C2=O)[C]1[C][C]C(=O)[N]C1=O)[C][C][C][C]C1=[C]C(=[C]C2=C([C]N=C12)[C][C][N]C(=O)C(=O)/[C]=[C]/C1=[C]C(=[C][C]=C1Br)Br)O[C],pocket_anchor,2output_334_Fragments_.xyz
823.81136116,0.4722800000000011,0,10,169.2,16,6,0.03823515505443864,7.809939301583627,7,[C]OC1=[C]C2=C([C][C][N]C(=O)C(=O)/[C]=[C]/C3=[C]C(=[C][C]=C3Br)Br)[C]N=C2C(=[C]1)OO[C][C][C][C]/[C]=N/C1=[C][C]=[C]C2=C1[C]N(C2=O)[C]1[C][C]C(=O)[N]C1=O,pocket_anchor,2output_337_Fragments_.xyz
887.8062757800001,0.3740300000000016,0,9,190.84,21,6,0.06349021983909224,4.668831934025944,12,[C]OC1=[C]C2=C([C][C][N]C(=O)C(=O)/[C]=[C]/C3=[C]C(=[C][C]=C3Br)Br)[C]N=C2C(=[C]1)O[C][C][C][C][C][C]O[C][C]([C][N]C1=[C][C]=[C]C2=C1[C]N(C2=O)[C]1[C][C]C(=O)[N]C1=O)[O],pocket_anchor,2output_341_Fragments_.xyz
895.7961050200001,-0.8129300000000002,0,11,224.98,17,6,0.05387149935966011,7.805225946744114,12,[C]OC1=[C]C2=C([C][C][N]C(=O)C(=O)/[C]=[C]/C3=[C]C(=[C][C]=C3Br)Br)[C]N=C2C(=[C]1)O[C][C]OC(=O)[C][C]([C]C(=O)[N]C1=[C][C]=[C]C2=C1[C]N(C2=O)[C]1[C][C]C(=O)[N]C1=O)[O],pocket_anchor,2output_346_Fragments_.xyz
875.8062757800002,0.29273999999999967,0,9,190.83999999999997,20,6,0.06702300327195325,1.827543871754905,11,[O][C][C]([C][C]O[C][N]C1=[C][C]=[C]C2=C1[C]N(C2=O)[C]1[C][C]C(=O)[N]C1=O)[C][C][C]OC1=[C]C(=[C]C2=C([C]N=C12)[C][C][N]C(=O)C(=O)/[C]=[C]/C1=[C]C(=[C][C]=C1Br)Br)O[C],pocket_anchor,2output_347_Fragments_.xyz
863.8062757800001,0.4539600000000014,0,10,188.01,17,6,0.0804278250808373,7.856042930342066,10,[C]OC1=[C]C2=C([C][C][N]C(=O)C(=O)/[C]=[C]/C3=[C]C(=[C][C]=C3Br)Br)[C]N=C2C(=[C]1)O[C][C][C][C][C][C]OC(=O)[N]C1=[C][C]=[C]C2=C1[C]N(C2=O)[C]1[C][C]C(=O)[N]C1=O,pocket_anchor,2output_350_Fragments_.xyz
875.8062757800001,0.18574000000000107,0,8,201.51,18,6,0.07513253740664642,7.967023059737236,11,[O][C][C]([C]([C][C][C]C1=[C]C(=[C]C2=C([C]N=C12)[C][C][N]C(=O)C(=O)/[C]=[C]/C1=[C]C(=[C][C]=C1Br)Br)O[C])[O])O/[C]=[C]\[N]C1=[C][C]=[C]C2=C1[C]N(C2=O)[C]1[C][C]C(=O)[N]C1=O,pocket_anchor,2output_355_Fragments_.xyz
863.8062757800001,0.2618500000000014,0,10,180.17000000000002,19,6,0.05376838654990407,7.978374386479657,10,[C]OC1=[C]C2=C([C][C][N]C(=O)C(=O)/[C]=[C]/C3=[C]C(=[C][C]=C3Br)Br)[C]N=C2C(=[C]1)O[C][C][C]O[C]O/[C]=[C]/[C][N]C1=[C][C]=[C]C2=C1[C]N(C2=O)[C]1[C][C]C(=O)[N]C1=O,pocket_anchor,2output_356_Fragments_.xyz
835.81136116,0.19236000000000092,0,9,170.94,18,6,0.07574040918563302,7.913783879953481,8,[C]OC1=[C]C2=C([C][C][N]C(=O)C(=O)/[C]=[C]/C3=[C]C(=[C][C]=C3Br)Br)[C]N=C2C(=[C]1)[C][C][C]O[C]O[C][C][N]C1=[C][C]=[C]C2=C1[C]N(C2=O)[C]1[C][C]C(=O)[N]C1=O,pocket_anchor,2output_361_Fragments_.xyz
819.81644654,0.31736000000000136,0,8,161.71,16,6,0.08708677429161066,7.866564676209003,7,[C]OC1=[C]C2=C([C][C][N]C(=O)C(=O)/[C]=[C]/C3=[C]C(=[C][C]=C3Br)Br)[C]N=C2C(=[C]1)O[C][C]/[C]=[C]/[C][C][N]C1=[C][C]=[C]C2=C1[C]N(C2=O)[C]1[C][C]C(=O)[N]C1=O,pocket_anchor,2output_363_Fragments_.xyz
875.8062757800001,0.6477500000000014,0,11,178.43,20,6,0.05186661419832839,7.998412062653214,11,[C]OC1=[C]C2=C([C][C][N]C(=O)C(=O)/[C]=[C]/C3=[C]C(=[C][C]=C3Br)Br)[C]N=C2C(=[C]1)O[C]O[C][C][C]O[C][C][C]/[C]=N\C1=[C][C]=[C]C2=C1[C]N(C2=O)[C]1[C][C]C(=O)[N]C1=O,pocket_anchor,2output_367_Fragments_.xyz
843.81644654,0.47994000000000153,0,8,161.71,19,6,0.07346486656106334,7.961219919729938,9,[C]OC1=[C]C2=C([C][C][N]C(=O)C(=O)/[C]=[C]/C3=[C]C(=[C][C]=C3Br)Br)[C]N=C2C(=[C]1)O[C][C][C][C][C][C][C][C][N]C1=[C][C]=[C]C2=C1[C]N(C2=O)[C]1[C][C]C(=O)[N]C1=O,pocket_anchor,2output_36_Fragments_.xyz
819.81644654,0.26076000000000094,0,8,161.71,15,6,0.06992667862824788,7.881993247637574,7,[C]OC1=[C]C2=C([C][C][N]C(=O)C(=O)/[C]=[C]/C3=[C]C(=[C][C]=C3Br)Br)[C]N=C2C(=[C]1)[C]/[C]=[C]/[C]O/[C]=[C]/[N]C1=[C][C]=[C]C2=C1[C]N(C2=O)[C]1[C][C]C(=O)[N]C1=O,pocket_anchor,2output_370_Fragments_.xyz
855.81644654,0.5612300000000017,0,8,161.71,19,6,0.07374779897499326,3.1795203467487605,10,[C]OC1=[C]C2=C([C][C][N]C(=O)C(=O)/[C]=[C]/C3=[C]C(=[C][C]=C3Br)Br)[C]N=C2C(=[C]1)O[C][C][C][C]/[C]=[C]/[C][C][C][N]C1=[C][C]=[C]C2=C1[C]N(C2=O)[C]1[C][C]C(=O)[N]C1=O,pocket_anchor,2output_376_Fragments_.xyz
847.81136116,0.33025000000000143,0,9,170.94,19,6,0.07197900977989874,7.946097323576091,9,[C]OC1=[C]C2=C([C][C][N]C(=O)C(=O)/[C]=[C]/C3=[C]C(=[C][C]=C3Br)Br)[C]N=C2C(=[C]1)O[C][C][C][C]O[C][C][C][N]C1=[C][C]=[C]C2=C1[C]N(C2=O)[C]1[C][C]C(=O)[N]C1=O,pocket_anchor,2output_386_Fragments_.xyz
815.82153192,0.41045000000000104,0,7,152.48,16,6,0.08848944060698363,7.897705035849363,7,[C]OC1=[C]C2=C([C][C][N]C(=O)C(=O)/[C]=[C]/C3=[C]C(=[C][C]=C3Br)Br)[C]N=C2C(=[C]1)[C]/[C]=[C]/[C][C][C][C][N]C1=[C][C]=[C]C2=C1[C]N(C2=O)[C]1[C][C]C(=O)[N]C1=O,pocket_anchor,2output_387_Fragments_.xyz
877.80934978,-0.6625400000000001,0,10,202.11,19,6,0.0648865277229138,7.9394637283369285,11,[C]OC1=[C]C2=C([C][C][N]C(=O)C(=O)/[C]=[C]/C3=[C]C(=[C][C]=C3Br)Br)[C]N=C2C(=[C]1)O[C][C]C(=O)[N][C][C]O[C][C][N]C1=[C][C]=[C]C2=C1[C]N(C2=O)[C]1[C][C]C(=O)[N]C1=O,pocket_anchor,2output_392_Fragments_.xyz
819.81644654,0.31736000000000136,0,8,161.71,16,6,0.08708677429161066,7.866564676209003,7,[C]OC1=[C]C2=C([C][C][N]C(=O)C(=O)/[C]=[C]/C3=[C]C(=[C][C]=C3Br)Br)[C]N=C2C(=[C]1)O[C][C]/[C]=[C]/[C][C][N]C1=[C][C]=[C]C2=C1[C]N(C2=O)[C]1[C][C]C(=O)[N]C1=O,pocket_anchor,2output_398_Fragments_.xyz
823.81136116,0.16767000000000126,0,9,170.94,17,6,0.08032097519452364,7.850852887997215,7,[C]OC1=[C]C2=C([C][C][N]C(=O)C(=O)/[C]=[C]/C3=[C]C(=[C][C]=C3Br)Br)[C]N=C2C(=[C]1)O[C][C][C]O[C][C][N]C1=[C][C]=[C]C2=C1[C]N(C2=O)[C]1[C][C]C(=O)[N]C1=O,pocket_anchor,2output_400_Fragments_.xyz
863.8062757800001,0.205250000000001,0,10,180.17000000000002,17,6,0.07939609720825509,4.500591159098807,10,[C]OC1=[C]C2=C([C][C][N]C(=O)C(=O)/[C]=[C]/C3=[C]C(=[C][C]=C3Br)Br)[C]N=C2C(=[C]1)[C].[C]O[C]O[C][C][C]O[C][N]C1=[C][C]=[C]C2=C1[C]N(C2=O)[C]1[C][C]C(=O)[N]C1=O,pocket_anchor,2output_40_Fragments_.xyz
819.81644654,0.31736000000000136,0,8,161.71,16,6,0.08708677429161066,7.866564676209003,7,[C]OC1=[C]C2=C([C][C][N]C(=O)C(=O)/[C]=[C]/C3=[C]C(=[C][C]=C3Br)Br)[C]N=C2C(=[C]1)O[C][C][C][C]/[C]=[C]/[N]C1=[C][C]=[C]C2=C1[C]N(C2=O)[C]1[C][C]C(=O)[N]C1=O,pocket_anchor,2output_410_Fragments_.xyz
815.82153192,0.41045000000000104,0,7,152.48,16,6,0.08848944060698363,7.897705035849363,7,[C]OC1=[C]C2=C([C][C][N]C(=O)C(=O)/[C]=[C]/C3=[C]C(=[C][C]=C3Br)Br)[C]N=C2C(=[C]1)[C][C][C][C][C]/[C]=[C]/[N]C1=[C][C]=[C]C2=C1[C]N(C2=O)[C]1[C][C]C(=O)[N]C1=O,pocket_anchor,2output_417_Fragments_.xyz
851.8062757800001,-0.2632299999999997,0,10,188.01,17,6,0.05798998820197261,7.810938713271303,9,[C]OC1=[C]C2=C([C][C][N]C(=O)C(=O)/[C]=[C]/C3=[C]C(=[C][C]=C3Br)Br)[C]N=C2C(=[C]1)O[C]OC(=O)[C][C][C][C][N]C1=[C][C]=[C]C2=C1[C]N(C2=O)[C]1[C][C]C(=O)[N]C1=O,pocket_anchor,2output_41_Fragments_.xyz
883.81136116,0.5741200000000017,0,9,170.94,21,6,0.06477848914864674,5.553213515570292,12,[C]OC1=[C]C2=C([C][C][N]C(=O)C(=O)/[C]=[C]/C3=[C]C(=[C][C]=C3Br)Br)[C]N=C2C(=[C]1)O[C][C][C]/[C]=[C]\[C]O[C][C][C][C][N]C1=[C][C]=[C]C2=C1[C]N(C2=O)[C]1[C][C]C(=O)[N]C1=O,pocket_anchor,2output_421_Fragments_.xyz
815.82153192,0.41045000000000104,0,7,152.48,17,6,0.08339033738027238,7.897705035849363,7,[C]OC1=[C]C2=C([C][C][N]C(=O)C(=O)/[C]=[C]/C3=[C]C(=[C][C]=C3Br)Br)[C]N=C2C(=[C]1)[C][C][C][C][C][C][C][N]C1=[C][C]=[C]C2=C1[C]N(C2=O)[C]1[C][C]C(=O)[N]C1=O,pocket_anchor,2output_423_Fragments_.xyz
859.81136116,0.4115400000000015,0,9,170.94,20,6,0.06814028098939659,7.993218652642941,10,[C]OC1=[C]C2=C([C][C][N]C(=O)C(=O)/[C]=[C]/C3=[C]C(=[C][C]=C3Br)Br)[C]N=C2C(=[C]1)O[C][C][C][C][C][C]O[C][C][N]C1=[C][C]=[C]C2=C1[C]N(C2=O)[C]1[C][C]C(=O)[N]C1=O,pocket_anchor,2output_424_Fragments_.xyz
831.81644654,0.39865000000000145,0,8,161.71,17,6,0.08239996409090687,7.914061684951031,8,[C]OC1=[C]C2=C([C][C][N]C(=O)C(=O)/[C]=[C]/C3=[C]C(=[C][C]=C3Br)Br)[C]N=C2C(=[C]1)O[C][C]/[C]=[C]/[C][C][C][N]C1=[C][C]=[C]C2=C1[C]N(C2=O)[C]1[C][C]C(=O)[N]C1=O,pocket_anchor,2output_425_Fragments_.xyz
807.81644654,0.5406800000000012,0,9,159.97,14,6,0.09955483923505606,7.788968084016368,6,[C]OC1=[C]C2=C([C][C][N]C(=O)C(=O)/[C]=[C]/C3=[C]C(=[C][C]=C3Br)Br)[C]N=C2C(=[C]1)O[C]/[C]=[C]/[C]/[C]=N\C1=[C][C]=[C]C2=C1[C]N(C2=O)[C]1[C][C]C(=O)[N]C1=O,pocket_anchor,2output_42_Fragments_.xyz
863.8062757800001,-0.6823300000000003,0,10,195.85,17,6,0.055562460071899175,7.764615049044619,10,[C]OC1=[C]C2=C([C][C][N]C(=O)C(=O)/[C]=[C]/C3=[C]C(=[C][C]=C3Br)Br)[C]N=C2C(=[C]1)[C][C]C(=O)C(=O)O[C][C][C][N]C1=[C][C]=[C]C2=C1[C]N(C2=O)[C]1[C][C]C(=O)[N]C1=O,pocket_anchor,2output_433_Fragments_.xyz
843.81644654,0.4233400000000011,0,8,161.71,19,6,0.05561807109001842,7.9836290543453226,9,[C]OC1=[C]C2=C([C][C][N]C(=O)C(=O)/[C]=[C]/C3=[C]C(=[C][C]=C3Br)Br)[C]N=C2C(=[C]1)[C][C][C][C][C][C][C][C]O[N]C1=[C][C]=[C]C2=C1[C]N(C2=O)[C]1[C][C]C(=O)[N]C1=O,pocket_anchor,2output_435_Fragments_.xyz
819.81644654,0.31736000000000136,0,8,161.71,16,6,0.08708677429161066,7.866564676209003,7,[C]OC1=[C]C2=C([C][C][N]C(=O)C(=O)/[C]=[C]/C3=[C]C(=[C][C]=C3Br)Br)[C]N=C2C(=[C]1)O[C]/[C]=[C]\[C][C][C][N]C1=[C][C]=[C]C2=C1[C]N(C2=O)[C]1[C][C]C(=O)[N]C1=O,pocket_anchor,2output_436_Fragments_.xyz
807.81644654,0.3098800000000012,0,8,161.71,13,6,0.06001399374456281,7.799410468122328,6,[C]OC1=[C]C2=C([C][C][N]C(=O)C(=O)/[C]=[C]/C3=[C]C(=[C][C]=C3Br)Br)[C]N=C2C(=[C]1)O/[C]=[C]/[C]=C=[C][N]C1=[C][C]=[C]C2=C1[C]N(C2=O)[C]1[C][C]C(=O)[N]C1=O,pocket_anchor,2output_43_Fragments_.xyz
819.8164465400001,1.4476500000000019,0,8,154.27999999999997,15,7,0.07619406760642886,7.949112028856355,7,[C]OC1=[C]C2=C([C]=[C]1)N([C]=C2[C][C][N]C(=O)C(=O)/[C]=[C]/C1=[C]C(=[C][C]=C1Br)Br)O[C][C][C][C]1[C][C]1[N]C1=[C][C]=[C]C2=C1[C]N(C2=O)[C]1[C][C]C(=O)[N]C1=O,pocket_anchor,2output_442_Fragments_.xyz
863.8062757800001,-0.23233999999999894,0,9,198.68,17,6,0.07674394151436495,7.851152650573525,10,[C]OC1=[C]C2=C([C][C][N]C(=O)C(=O)/[C]=[C]/C3=[C]C(=[C][C]=C3Br)Br)[C]N=C2C(=[C]1)O[C][C]([C][C][C][C]C(=O)[N]C1=[C][C]=[C]C2=C1[C]N(C2=O)[C]1[C][C]C(=O)[N]C1=O)[O],pocket_anchor,2output_445_Fragments_.xyz
843.81644654,0.7279500000000005,0,9,159.97,17,6,0.048410732953093207,7.948007227422245,9,[C]OC1=[C]C2=C([C][C][N]C(=O)C(=O)/[C]=[C]/C3=[C]C(=[C][C]=C3Br)Br)[C]N=C2C(=[C]1)[C][C]O/[C]=[C]\[C][C][C]/[C]=N/C1=[C][C]=[C]C2=C1[C]N(C2=O)[C]1[C][C]C(=O)[N]C1=O,pocket_anchor,2output_454_Fragments_.xyz
807.81644654,0.3098800000000012,0,8,161.71,14,6,0.09809434750589804,7.799410468122328,6,[C]OC1=[C]C2=C([C][C][N]C(=O)C(=O)/[C]=[C]/C3=[C]C(=[C][C]=C3Br)Br)[C]N=C2C(=[C]1)O[C][C]=C=[C][C][N]C1=[C][C]=[C]C2=C1[C]N(C2=O)[C]1[C][C]C(=O)[N]C1=O,pocket_anchor,2output_465_Fragments_.xyz
831.81644654,0.7032600000000009,0,9,159.97,15,7,0.07173563049656648,7.866764281717321,8,[C]OC1=[C]C2=C([C][C][N]C(=O)C(=O)/[C]=[C]/C3=[C]C(=[C][C]=C3Br)Br)[C]N=C2C(=[C]1)O[C]1[C][C]1[C][C][C]/[C]=N/C1=[C][C]=[C]C2=C1[C]N(C2=O)[C]1[C][C]C(=O)[N]C1=O,pocket_anchor,2output_472_Fragments_.xyz
811.8113611600002,1.5212800000000015,0,10,161.76999999999998,15,6,0.05744898257899249,7.854011996395379,6,[C]OC1=[C]C2=C([C]=[C]1)N([C]=C2[C][C][N]C(=O)C(=O)/[C]=[C]/C1=[C]C(=[C][C]=C1Br)Br)O[C][C]O[C]/[C]=N/C1=[C][C]=[C]C2=C1[C]N(C2=O)[C]1[C][C]C(=O)[N]C1=O,pocket_anchor,2output_473_Fragments_.xyz
879.8011904000001,0.3855600000000014,0,11,197.24,18,6,0.05668966814390556,7.8733848472180465,11,[C]OC1=[C]C2=C([C][C][N]C(=O)C(=O)/[C]=[C]/C3=[C]C(=[C][C]=C3Br)Br)[C]N=C2C(=[C]1)O[C][C][C]OC(=O)O[C][C][C][N]C1=[C][C]=[C]C2=C1[C]N(C2=O)[C]1[C][C]C(=O)[N]C1=O,pocket_anchor,2output_481_Fragments_.xyz
835.81136116,0.24896000000000135,0,9,170.94,18,6,0.07603695580477136,7.898650121991697,8,[C]OC1=[C]C2=C([C][C][N]C(=O)C(=O)/[C]=[C]/C3=[C]C(=[C][C]=C3Br)Br)[C]N=C2C(=[C]1)O[C][C][C]O[C][C][C][N]C1=[C][C]=[C]C2=C1[C]N(C2=O)[C]1[C][C]C(=O)[N]C1=O,pocket_anchor,2output_486_Fragments_.xyz
835.81136116,0.24896000000000135,0,9,170.94,18,6,0.07603695580477136,7.898650121991697,8,[C]OC1=[C]C2=C([C][C][N]C(=O)C(=O)/[C]=[C]/C3=[C]C(=[C][C]=C3Br)Br)[C]N=C2C(=[C]1)O[C][C][C][C][C]O[C][N]C1=[C][C]=[C]C2=C1[C]N(C2=O)[C]1[C][C]C(=O)[N]C1=O,pocket_anchor,2output_491_Fragments_.xyz
843.81644654,0.47994000000000153,0,8,161.71,19,6,0.07346486656106334,7.961219919729938,9,[C]OC1=[C]C2=C([C][C][N]C(=O)C(=O)/[C]=[C]/C3=[C]C(=[C][C]=C3Br)Br)[C]N=C2C(=[C]1)O[C][C][C][C][C][C][C][C][N]C1=[C][C]=[C]C2=C1[C]N(C2=O)[C]1[C][C]C(=O)[N]C1=O,pocket_anchor,2output_494_Fragments_.xyz
855.81644654,0.5046300000000012,0,8,161.71,20,6,0.06928767823187464,4.211945567964204,10,[C]OC1=[C]C2=C([C][C][N]C(=O)C(=O)/[C]=[C]/C3=[C]C(=[C][C]=C3Br)Br)[C]N=C2C(=[C]1)[C][C][C][C][C][C][C][C]O[C][N]C1=[C][C]=[C]C2=C1[C]N(C2=O)[C]1[C][C]C(=O)[N]C1=O,pocket_anchor,2output_498_Fragments_.xyz
855.8011904000001,-0.4633199999999998,0,10,207.91,16,6,0.05997667131005997,7.741777803128185,9,[C]OC1=[C]C2=C([C][C][N]C(=O)C(=O)/[C]=[C]/C3=[C]C(=[C][C]=C3Br)Br)[C]N=C2C(=[C]1)O[C][C]OC(=O)[C]([C][N]C1=[C][C]=[C]C2=C1[C]N(C2=O)[C]1[C][C]C(=O)[N]C1=O)[O],pocket_anchor,2output_4_Fragments_.xyz
851.8062757800001,0.13016000000000133,0,9,190.84,18,6,0.07470661635040948,7.892185157393218,9,[C]OC1=[C]C2=C([C][C][N]C(=O)C(=O)/[C]=[C]/C3=[C]C(=[C][C]=C3Br)Br)[C]N=C2C(=[C]1)O[C][C]([C][C]O[C][C][N]C1=[C][C]=[C]C2=C1[C]N(C2=O)[C]1[C][C]C(=O)[N]C1=O)[O],pocket_anchor,2output_504_Fragments_.xyz
819.81644654,0.31736000000000136,0,8,161.71,17,6,0.08206849811370497,7.866564676209003,7,[C]OC1=[C]C2=C([C][C][N]C(=O)C(=O)/[C]=[C]/C3=[C]C(=[C][C]=C3Br)Br)[C]N=C2C(=[C]1)O[C][C][C][C][C][C][N]C1=[C][C]=[C]C2=C1[C]N(C2=O)[C]1[C][C]C(=O)[N]C1=O,pocket_anchor,2output_505_Fragments_.xyz
819.81644654,0.26076000000000094,0,8,161.71,17,6,0.081761014461114,7.881993247637574,7,[C]OC1=[C]C2=C([C][C][N]C(=O)C(=O)/[C]=[C]/C3=[C]C(=[C][C]=C3Br)Br)[C]N=C2C(=[C]1)[C][C][C][C]O[C][C][N]C1=[C][C]=[C]C2=C1[C]N(C2=O)[C]1[C][C]C(=O)[N]C1=O,pocket_anchor,2output_507_Fragments_.xyz
815.82153192,0.41045000000000104,0,7,152.48,17,6,0.08339033738027238,7.897705035849363,7,[C]OC1=[C]C2=C([C][C][N]C(=O)C(=O)/[C]=[C]/C3=[C]C(=[C][C]=C3Br)Br)[C]N=C2C(=[C]1)[C][C][C][C][C][C][C][N]C1=[C][C]=[C]C2=C1[C]N(C2=O)[C]1[C][C]C(=O)[N]C1=O,pocket_anchor,2output_510_Fragments_.xyz
879.8011904000001,0.09265000000000141,0,9,210.74,19,6,0.06960102115211986,7.923836568180011,11,[C]OC1=[C]C2=C([C][C][N]C(=O)C(=O)/[C]=[C]/C3=[C]C(=[C][C]=C3Br)Br)[C]N=C2C(=[C]1)O[C][C]O[C]([C][C]([C][C][N]C1=[C][C]=[C]C2=C1[C]N(C2=O)[C]1[C][C]C(=O)[N]C1=O)[O])[O],pocket_anchor,2output_51_Fragments_.xyz
895.7961050200001,0.024250000000001395,0,10,219.97000000000003,20,6,0.064555825211835,7.969833965368588,12,[C]OC1=[C]C2=C([C][C][N]C(=O)C(=O)/[C]=[C]/C3=[C]C(=[C][C]=C3Br)Br)[C]N=C2C(=[C]1)O[C][C][C]([C]([C]O[C]O[C][N]C1=[C][C]=[C]C2=C1[C]N(C2=O)[C]1[C][C]C(=O)[N]C1=O)[O])[O],pocket_anchor,2output_56_Fragments_.xyz
891.8011904000001,0.22434000000000082,0,10,200.07,21,6,0.062173018850213146,4.240684022092912,12,[O][C][C][C]([C]OC1=[C]C(=[C]C2=C([C]N=C12)[C][C][N]C(=O)C(=O)/[C]=[C]/C1=[C]C(=[C][C]=C1Br)Br)O[C])O[C][C]O[C][C][N]C1=[C][C]=[C]C2=C1[C]N(C2=O)[C]1[C][C]C(=O)[N]C1=O,pocket_anchor,2output_65_Fragments_.xyz
843.81644654,0.4233400000000011,0,8,161.71,17,7,0.08244656881820837,7.968849150499168,9,[C]OC1=[C]C2=C([C][C][N]C(=O)C(=O)/[C]=[C]/C3=[C]C(=[C][C]=C3Br)Br)[C]N=C2C(=[C]1)[C]1[C][C]1[C][C][C]O[C][C][N]C1=[C][C]=[C]C2=C1[C]N(C2=O)[C]1[C][C]C(=O)[N]C1=O,pocket_anchor,2output_66_Fragments_.xyz
863.8062757800001,0.28526000000000135,0,9,190.84,18,6,0.057324918495258344,7.925385235380023,10,[C]OC1=[C]C2=C([C][C][N]C(=O)C(=O)/[C]=[C]/C3=[C]C(=[C][C]=C3Br)Br)[C]N=C2C(=[C]1)OC(=[C])[C]O[C][C][C]([C][N]C1=[C][C]=[C]C2=C1[C]N(C2=O)[C]1[C][C]C(=O)[N]C1=O)[O],pocket_anchor,2output_68_Fragments_.xyz
883.7961050200001,-0.20791999999999972,0,12,214.31,16,6,0.060379310598989475,7.770413585065565,11,[C]OC1=[C]C2=C([C][C][N]C(=O)C(=O)/[C]=[C]/C3=[C]C(=[C][C]=C3Br)Br)[C]N=C2C(=[C]1)O[C]OC(=O)O[C][C][C]C(=O)[N]C1=[C][C]=[C]C2=C1[C]N(C2=O)[C]1[C][C]C(=O)[N]C1=O,pocket_anchor,2output_6_Fragments_.xyz
891.8011904000001,0.22434000000000148,0,10,200.07000000000002,21,6,0.062173018850213146,3.363004759556029,12,[C]OC1=[C]C2=C([C][C][N]C(=O)C(=O)/[C]=[C]/C3=[C]C(=[C][C]=C3Br)Br)[C]N=C2C(=[C]1)O[C]O[C][C](O[C][C][C][C][C][N]C1=[C][C]=[C]C2=C1[C]N(C2=O)[C]1[C][C]C(=O)[N]C1=O)[O],pocket_anchor,2output_72_Fragments_.xyz
875.8062757800001,0.3431400000000015,0,10,180.17000000000002,19,7,0.07111910525347963,4.435038262344855,11,[C]OC1=[C]C2=C([C][C][N]C(=O)C(=O)/[C]=[C]/C3=[C]C(=[C][C]=C3Br)Br)[C]N=C2C(=[C]1)O[C][C]O[C][C]O[C][C]1[C][C]1[N]C1=[C][C]=[C]C2=C1[C]N(C2=O)[C]1[C][C]C(=O)[N]C1=O,pocket_anchor,2output_73_Fragments_.xyz
887.8062757800001,0.4244300000000016,0,10,180.17000000000002,22,6,0.0598826548112285,5.372433621185874,12,[C]OC1=[C]C2=C([C][C][N]C(=O)C(=O)/[C]=[C]/C3=[C]C(=[C][C]=C3Br)Br)[C]N=C2C(=[C]1)O[C][C][C][C][C]O[C][C]O[C][C][N]C1=[C][C]=[C]C2=C1[C]N(C2=O)[C]1[C][C]C(=O)[N]C1=O,pocket_anchor,2output_74_Fragments_.xyz
891.8011904000001,0.4668500000000015,0,11,197.24,18,6,0.043254318575467396,7.92296121087757,12,[C]OC1=[C]C2=C([C][C][N]C(=O)C(=O)/[C]=[C]/C3=[C]C(=[C][C]=C3Br)Br)[C]N=C2C(=[C]1)O[C][C][C]/[C]=[C]/OC(=O)O[C][C][N]C1=[C][C]=[C]C2=C1[C]N(C2=O)[C]1[C][C]C(=O)[N]C1=O,pocket_anchor,2output_78_Fragments_.xyz
881.8042644000001,-0.40062000000000003,0,11,212.43,17,7,0.05668879109814606,6.8497030034433255,11,[C]OC1=[C]C2=C([C][C][N]C(=O)C(=O)/[C]=[C]/C3=[C]C(=[C][C]=C3Br)Br)[C]N=C2C(=[C]1)OC1=N[C@@]1([O])O[C][C]O[C][C][N]C1=[C][C]=[C]C2=C1[C]N(C2=O)[C]1[C][C]C(=O)[N]C1=O,pocket_anchor,2output_79_Fragments_.xyz
859.8113611600002,0.4115399999999999,0,9,174.23999999999998,15,7,0.06952895124036254,3.52668328007202,10,O=C1[C][C][C](C(=O)[N]1)N1[C]C2=C(C1=O)[C]=[C][C]=C2[N][C][C]1[C]O1.[C]/[C]=[C]\[C][C]OC1=[C]C(=[C]C2=C([C]N=C12)[C][C][N]C(=O)C(=O)/[C]=[C]/C1=[C]C(=[C][C]=C1Br)Br)O[C],pocket_anchor,2output_83_Fragments_.xyz
879.8011904000001,-0.7507300000000001,0,11,205.08,15,7,0.08089237191756281,7.800140601951118,11,[C]OC1=[C]C2=C([C][C][N]C(=O)C(=O)/[C]=[C]/C3=[C]C(=[C][C]=C3Br)Br)[C]N=C2C(=[C]1)[C]1[C][C]1O[C]C(=O)O[C]C(=O)[N]C1=[C][C]=[C]C2=C1[C]N(C2=O)[C]1[C][C]C(=O)[N]C1=O,pocket_anchor,2output_86_Fragments_.xyz
871.81136116,0.49282999999999955,0,9,174.23999999999998,17,7,0.062017558150113804,5.1532679099949394,11,O=C1[C][C][C](C(=O)[N]1)N1[C]C2=C(C1=O)[C]=[C][C]=C2[N][C][C][C]1[C]O1.[C][C][C][C][C]OC1=[C]C(=[C]C2=C([C]N=C12)[C][C][N]C(=O)C(=O)/[C]=[C]/C1=[C]C(=[C][C]=C1Br)Br)O[C],pocket_anchor,2output_91_Fragments_.xyz
891.8011904000001,0.2747400000000015,0,11,189.4,22,6,0.05867432433477292,5.151598116269913,12,[C]OC1=[C]C2=C([C][C][N]C(=O)C(=O)/[C]=[C]/C3=[C]C(=[C][C]=C3Br)Br)[C]N=C2C(=[C]1)O[C][C][C]O[C][C]O[C]O[C][C][N]C1=[C][C]=[C]C2=C1[C]N(C2=O)[C]1[C][C]C(=O)[N]C1=O,pocket_anchor,2output_92_Fragments_.xyz
